cnic,meter_ref_no,consumer_name,installation_address,avg_monthly_bill_pkr,connection_type
52445-3530829-7,MTR9640599,J. Miller,"House 75, Johar Town, Lahore",36386,Commercial
57931-1973060-9,MTR9752469,M. Taylor,"Plot 39, DHA, Rawalpindi",53399,Residential
64810-2171979-4,MTR2870107,Crystal Herrera,"House 565, Gulberg, Lahore",121570,Residential
84115-3077052-4,MTR9977666,E. Kaiser,"House 591, Johar Town, Rawalpindi",60696,Commercial
16499-4709137-1,MTR1672206,John Villarreal Jr.,"Plot 297, Gulberg, Karachi",123107,Commercial
80868-2976225-5,MTR3804553,Natasha A. Farmer,"Plot 106, Johar Town, Karachi",317012,Residential
58810-2634613-9,MTR5117053,Chaudhry Valerie Baker,"House 578, DHA, Karachi",61002,Commercial
75066-9920785-7,MTR7830191,Mr. Mrs. Taylor Evans,"Flat 477, Johar Town, Rawalpindi",12241,Residential
57393-6029255-4,MTR5762728,M. Michael Nichols,"Plot 716, Bahria Town, Lahore",37035,Commercial
85290-6037344-9,MTR3851424,Mr. Joel Miller,"Kothi 897, Model Town, Rawalpindi",84093,Commercial
47740-2228106-2,MTR9690860,Chaudhry David Cortez,"Kothi 169, Model Town, Karachi",60253,Residential
74089-8074924-1,MTR1978166,J. Warren MD,"House 783, Johar Town, Islamabad",78801,Commercial
54580-6875018-8,MTR1208441,Chaudhry Ricky Bailey,"Kothi 71, DHA, Islamabad",61521,Commercial
72141-2090518-1,MTR2875821,Mr. Brandon Cruz,"Flat 663, Johar Town, Rawalpindi",53699,Commercial
47302-7472506-6,MTR9523845,Erin A. Mccall,"House 964, Gulberg, Islamabad",15151,Commercial
32026-2964541-8,MTR6926266,Brittany Bean,"House 224, Model Town, Karachi",49576,Residential
42455-7675615-7,MTR1196531,J. King,"Kothi 83, Bahria Town, Rawalpindi",252058,Commercial
62644-5661367-3,MTR8127739,Mr. Justin Russo,"Kothi 885, Johar Town, Islamabad",41173,Residential
64433-7019181-7,MTR5866386,James Wheeler,"Plot 155, DHA, Karachi",175872,Commercial
29830-4891590-4,MTR7175075,Mr. Thomas Lopez,"House 497, Johar Town, Karachi",60366,Commercial
44438-5730012-1,MTR7927809,Mr. Jacqueline Ward,"Plot 430, Johar Town, Islamabad",77836,Commercial
89929-6345416-3,MTR8389174,Jacqueline A. Stafford,"House 468, Johar Town, Rawalpindi",82198,Commercial
62175-7693754-7,MTR3843083,J. Jones,"House 494, Gulberg, Lahore",13214,Commercial
34983-2129905-4,MTR6282341,Chaudhry David Cannon,"Kothi 167, DHA, Islamabad",21483,Commercial
88738-1882072-2,MTR1635568,Mr. Omar Sutton,"House 581, Bahria Town, Lahore",11956,Commercial
57659-1427833-2,MTR2465809,Mr. Madeline Brown,"Plot 629, Gulberg, Karachi",53588,Commercial
93153-5232182-6,MTR6343405,Christopher A. Craig,"Flat 486, DHA, Lahore",14347,Residential
73972-8818005-8,MTR7647726,Chaudhry Terry Hughes,"Kothi 320, DHA, Karachi",18432,Residential
23393-6748475-5,MTR7798675,John A. Prince,"Kothi 849, Bahria Town, Lahore",61948,Residential
36897-9862688-6,MTR5502927,Matthew A. Robinson,"Plot 707, Johar Town, Lahore",76925,Commercial
79220-6001115-2,MTR7185324,J. Rodriguez,"Flat 531, Model Town, Karachi",32005,Residential
56621-4737842-9,MTR3532961,Chaudhry Michelle Bradley,"Flat 652, Bahria Town, Karachi",32064,Commercial
41377-7722368-4,MTR9454484,Chaudhry Sheila Porter,"Plot 531, Gulberg, Islamabad",15081,Commercial
13798-1468706-5,MTR5888883,B. Peterson II,"Kothi 266, Bahria Town, Islamabad",67132,Commercial
68619-6863966-6,MTR3092477,Mr. Mary Smith,"House 226, DHA, Karachi",59588,Commercial
71614-4300181-6,MTR4354814,C. Williams,"Plot 495, Johar Town, Lahore",68511,Residential
72845-6771478-2,MTR4176137,Heather A. Kidd,"House 932, Gulberg, Karachi",70869,Commercial
72656-3995097-7,MTR1217565,Heather A. Banks,"Flat 89, Gulberg, Rawalpindi",24688,Residential
62610-2424708-3,MTR5986884,Mr. Julie Christensen,"Plot 131, DHA, Karachi",76952,Commercial
87438-8807342-3,MTR9601895,J. Rogers,"Kothi 674, Model Town, Karachi",61982,Residential
81913-3197544-1,MTR9230826,Logan Schroeder,"House 819, DHA, Karachi",70899,Residential
66860-4268292-4,MTR4635818,Mr. Joseph Adkins,"House 258, Bahria Town, Islamabad",23844,Commercial
75688-5035581-6,MTR3209226,Lindsey A. Holt,"Flat 558, Gulberg, Karachi",64551,Residential
17982-6935510-8,MTR4199819,Mr. Christine Barton,"Kothi 847, Johar Town, Karachi",116221,Residential
79707-3547391-9,MTR7423558,Chaudhry Madeline Torres,"House 894, Gulberg, Karachi",141321,Residential
89764-1065976-3,MTR2722035,Shannon Holland,"Plot 145, Gulberg, Lahore",69531,Commercial
82938-2036081-6,MTR2211513,Chaudhry Christopher Thomas,"Kothi 804, DHA, Lahore",64529,Residential
42570-4209584-5,MTR8597534,Nicholas Baker,"House 791, DHA, Rawalpindi",49382,Residential
83626-1467509-2,MTR4026146,Chaudhry Virginia Chaney,"Kothi 334, Johar Town, Karachi",59108,Residential
46331-8589103-9,MTR2124291,Mr. Andre Carter,"Kothi 520, Bahria Town, Islamabad",70386,Residential
83336-4398871-8,MTR2278869,Stephanie A. Moody,"Plot 427, DHA, Rawalpindi",111685,Residential
67949-6301261-2,MTR8840665,A. Prince,"Plot 439, DHA, Karachi",76693,Commercial
97749-6079806-2,MTR2924123,Lindsay Welch,"Plot 963, Model Town, Karachi",25457,Residential
43175-3302750-8,MTR3943797,Chaudhry Michael Austin,"Plot 765, DHA, Rawalpindi",20656,Commercial
73866-3731249-4,MTR8425113,Mr. Michael Murray,"Plot 724, Gulberg, Rawalpindi",62890,Commercial
54448-8067846-4,MTR9279170,Mr. Sharon Preston,"Flat 327, DHA, Islamabad",23403,Residential
12553-6670358-9,MTR8472910,Chaudhry Jacob Mcconnell,"Kothi 452, DHA, Rawalpindi",48405,Residential
53450-9681099-5,MTR9786158,Rodney A. Woods,"House 116, Bahria Town, Lahore",86569,Commercial
21018-5455429-5,MTR6435148,Mr. Jordan Paul,"House 928, Bahria Town, Islamabad",19160,Commercial
26981-8084249-5,MTR7075176,J. Goodman,"Kothi 153, Johar Town, Rawalpindi",131894,Commercial
52866-2500926-5,MTR8203395,Mr. Heidi Brown,"House 819, Bahria Town, Rawalpindi",57581,Commercial
19491-5511786-1,MTR3790294,Chaudhry Michael Fowler,"House 821, Model Town, Lahore",183990,Residential
89715-4731386-2,MTR3911152,J. Gonzalez,"Flat 884, DHA, Rawalpindi",286083,Residential
11513-6690022-9,MTR7257860,Chaudhry Melissa Mccoy,"Kothi 949, Model Town, Karachi",28277,Commercial
15663-9840167-4,MTR4312863,Chaudhry Taylor Richardson,"House 993, Bahria Town, Islamabad",29082,Commercial
16603-4039125-4,MTR5961719,Z. Rich,"Flat 644, Model Town, Karachi",124685,Residential
48005-8477384-9,MTR7600398,Mr. Amy Brown,"Plot 278, Model Town, Lahore",98894,Commercial
42826-1619907-1,MTR1720492,Jonathan Burgess,"House 751, Johar Town, Karachi",44203,Commercial
77401-8965161-4,MTR4964385,Chaudhry Karen Wilson,"Kothi 109, Gulberg, Rawalpindi",147507,Commercial
81553-7594889-9,MTR9733372,Sherri Anderson,"Flat 705, Bahria Town, Karachi",18076,Residential
54918-4332365-3,MTR2451847,J. Carroll,"Kothi 356, DHA, Karachi",72290,Commercial
11868-2186531-5,MTR9847101,Stephen A. Stewart,"Kothi 168, DHA, Lahore",121695,Commercial
97192-7390135-9,MTR2801726,J. Silva,"Flat 614, Bahria Town, Islamabad",16735,Commercial
15929-8708341-3,MTR4488662,Mr. David Jensen,"Plot 276, Gulberg, Lahore",202019,Commercial
44503-7109278-6,MTR2086624,R. Haynes,"Flat 251, DHA, Islamabad",28836,Residential
38556-6982485-3,MTR2332842,B. Johnson,"House 344, Gulberg, Lahore",25953,Commercial
72212-5679649-9,MTR3444374,Chaudhry Kevin Robertson,"Plot 255, Johar Town, Lahore",36968,Commercial
21908-5432015-2,MTR2990388,Donna A. Diaz,"Plot 410, Johar Town, Lahore",10001,Commercial
61639-1377389-5,MTR7436812,Angela A. Miller,"Flat 645, Bahria Town, Lahore",38851,Commercial
86753-9878327-3,MTR2326294,Steven A. Woodward,"Kothi 783, Model Town, Rawalpindi",76669,Commercial
29590-5767691-3,MTR6096624,D. Cunningham,"House 845, Johar Town, Rawalpindi",267716,Commercial
76262-3337193-9,MTR4711718,M. Griffin,"House 847, Johar Town, Karachi",50816,Commercial
21153-1522786-1,MTR8352624,Mr. Brittney Henderson,"Plot 653, Model Town, Lahore",45893,Commercial
59364-8573003-9,MTR8203578,Mr. Betty Wilson,"House 643, DHA, Karachi",50857,Commercial
74132-5425710-1,MTR2933518,Paul Pope,"Kothi 817, DHA, Lahore",295090,Commercial
96415-9824650-2,MTR9908451,Haley Austin,"Kothi 259, DHA, Islamabad",52066,Residential
40773-4442978-4,MTR5192196,Mr. Natasha Gardner,"Kothi 506, Gulberg, Lahore",26854,Residential
72784-5820415-1,MTR2800853,S. Soto,"Plot 80, Johar Town, Karachi",222598,Residential
53486-5260410-5,MTR3138765,Chaudhry Diane Ross,"Plot 13, Gulberg, Lahore",35794,Commercial
73674-5509258-2,MTR9887940,Benjamin A. Arias,"Plot 692, Gulberg, Islamabad",75920,Commercial
77703-5790625-8,MTR7158099,B. Yoder,"Kothi 478, DHA, Karachi",75010,Commercial
50851-2440395-8,MTR5281519,K. Randall,"House 297, Gulberg, Lahore",14651,Commercial
76403-8540535-5,MTR2559301,John Forbes,"Kothi 215, Bahria Town, Lahore",71362,Residential
86214-2515034-3,MTR7640270,Mr. Larry Jimenez,"Flat 976, Model Town, Karachi",61739,Commercial
89084-9535313-5,MTR6829937,David Clark,"House 721, Model Town, Karachi",84283,Residential
75259-9156086-7,MTR1800105,T. Thomas,"House 163, DHA, Rawalpindi",147619,Commercial
99337-8562502-7,MTR1512791,T. Ingram,"Flat 745, Bahria Town, Rawalpindi",49671,Commercial
55083-7310014-6,MTR4356966,Michelle Gardner,"House 861, Model Town, Lahore",55774,Residential
52539-6675272-7,MTR4898519,Chaudhry Joshua Smith,"House 963, Bahria Town, Lahore",41509,Commercial
47988-5248196-6,MTR2403954,Donald A. Combs,"House 403, Gulberg, Lahore",12088,Residential
57278-8181533-5,MTR7712838,Kathy Adams,"House 288, DHA, Lahore",139173,Commercial
96766-5791961-3,MTR6037410,Claudia A. MD,"Plot 995, Model Town, Rawalpindi",29058,Commercial
76972-6294912-4,MTR2439332,Mr. Elizabeth Williams,"Flat 804, Gulberg, Lahore",54246,Residential
92692-7711585-9,MTR5961110,Chaudhry Gregory Medina,"Plot 737, DHA, Lahore",22524,Residential
63855-8564182-3,MTR2012727,Jennifer Lopez,"Flat 498, DHA, Karachi",15753,Residential
32382-8921934-7,MTR1164594,M. Lane,"Flat 289, Model Town, Islamabad",50328,Commercial
95566-5364912-7,MTR1334270,C. Stephens,"Plot 309, Gulberg, Rawalpindi",155183,Commercial
25694-3807372-3,MTR3672685,Alexis A. Rodriguez,"House 213, Johar Town, Rawalpindi",36885,Commercial
82140-4691411-8,MTR6947469,Daniel A. Nelson,"Flat 778, Gulberg, Rawalpindi",26362,Residential
28297-4228055-4,MTR6324988,T. Anderson,"House 179, Model Town, Lahore",28532,Residential
51849-5011878-6,MTR5523566,Chaudhry Dylan Ramirez,"Flat 829, Johar Town, Karachi",157510,Residential
12632-7925327-7,MTR8258971,Chaudhry Alice Harris,"Kothi 764, Johar Town, Karachi",78890,Residential
59396-5533872-6,MTR9495473,Rachel Jones,"House 511, Model Town, Islamabad",63261,Commercial
26498-9445579-9,MTR9246791,Clinton A. Marquez,"Plot 95, Model Town, Karachi",155506,Commercial
60405-7706811-8,MTR6540726,Chaudhry Brian Hood,"Kothi 977, Model Town, Lahore",86340,Residential
26678-1540956-7,MTR8403779,C. Cameron,"Kothi 992, Johar Town, Rawalpindi",22339,Commercial
10023-2227050-7,MTR1947217,Dr. Joseph Wood PhD,"Kothi 996, Gulberg, Karachi",65686,Residential
24292-4754747-3,MTR9438584,Katrina A. Mahoney,"Plot 535, DHA, Rawalpindi",49269,Commercial
21141-1663476-1,MTR6215993,Chaudhry Juan Rosario,"Plot 239, Johar Town, Lahore",183595,Commercial
94607-6096620-3,MTR8012402,Michelle Heath,"Flat 541, Gulberg, Lahore",84978,Residential
23034-2180309-5,MTR7028369,E. Gibson,"Plot 398, Model Town, Karachi",71012,Residential
88782-1019327-1,MTR4078394,Chaudhry Steven Singh,"Flat 472, Model Town, Islamabad",15528,Commercial
94485-5066085-8,MTR6157064,E. George,"Plot 561, Bahria Town, Lahore",34242,Commercial
63976-6157279-1,MTR7935408,Mr. Laura Thomas,"House 199, Gulberg, Rawalpindi",245936,Commercial
20628-5316041-4,MTR9538026,Mr. Danielle Sherman,"Kothi 948, Model Town, Karachi",79364,Residential
74611-1572059-6,MTR5685233,K. Kim,"Kothi 372, Gulberg, Karachi",77738,Residential
10885-5900812-9,MTR6074043,Chaudhry Jose Knight,"House 211, Gulberg, Karachi",56450,Commercial
50857-4253660-4,MTR3366635,Jillian A. Jones,"Kothi 227, Model Town, Islamabad",82722,Commercial
24287-9317551-3,MTR3047338,Chaudhry Jeffrey Clark,"Plot 497, Gulberg, Lahore",119858,Residential
87961-3455900-7,MTR2217549,W. Phillips,"House 219, DHA, Karachi",22561,Commercial
64445-1869739-1,MTR3567498,Mr. Nicole Lewis,"Plot 403, Gulberg, Islamabad",64635,Commercial
24838-2331459-3,MTR1787558,Mr. Kathryn Wagner,"Flat 196, Bahria Town, Rawalpindi",45823,Residential
14180-6231591-7,MTR2391446,Rachel Scott,"Flat 340, Gulberg, Karachi",89902,Commercial
24281-1048162-2,MTR6791175,Chaudhry Charles Carter,"Flat 83, Model Town, Rawalpindi",30145,Residential
26214-4479635-7,MTR5541846,C. Oneill,"Flat 788, Model Town, Rawalpindi",50900,Residential
21502-1826400-8,MTR2000876,Caitlin A. Mccoy,"Plot 382, Johar Town, Rawalpindi",41899,Commercial
35300-6424228-6,MTR8458967,Mr. Matthew Williams,"Kothi 32, Gulberg, Karachi",94933,Commercial
91973-7790957-1,MTR5202765,J. Dixon,"Kothi 36, Gulberg, Lahore",113749,Commercial
18126-5312012-4,MTR1952150,Mr. Jacob Johnson MD,"House 921, Johar Town, Islamabad",37996,Residential
57575-5568681-6,MTR9930429,Mr. Joshua Mitchell,"House 269, Model Town, Islamabad",97742,Commercial
48981-1063277-2,MTR8410610,Chaudhry Joshua Lawson,"House 846, Bahria Town, Lahore",14850,Residential
72283-8813886-7,MTR9662159,M. Jensen,"Flat 936, Gulberg, Rawalpindi",296889,Residential
27394-9330569-3,MTR7556278,P. Williams,"House 822, Model Town, Karachi",31031,Commercial
89594-4961813-6,MTR2830102,Anthony A. Johnson,"Flat 472, Model Town, Lahore",24994,Residential
77093-4310342-7,MTR3332717,Mr. Paul Phillips,"Plot 254, Gulberg, Lahore",113511,Commercial
95137-1568138-8,MTR5587528,Michael Chapman,"Flat 165, Gulberg, Lahore",64615,Residential
19458-5444138-2,MTR2135715,K. Davis,"Plot 99, Gulberg, Rawalpindi",25571,Commercial
68584-3905677-4,MTR4038861,G. Peters,"Plot 427, Gulberg, Karachi",301523,Residential
80590-3032806-5,MTR3726881,H. Green,"Flat 287, Johar Town, Islamabad",73095,Commercial
58886-5262360-5,MTR5476188,Matthew A. Harris,"Plot 450, Bahria Town, Karachi",18888,Commercial
42157-4951101-3,MTR6474689,Mr. Andrea George,"Flat 906, Johar Town, Karachi",310985,Residential
52773-2087232-7,MTR8285367,Chaudhry Amanda Ramirez,"Flat 252, Johar Town, Karachi",58710,Commercial
95149-2686822-8,MTR9530717,Ryan A. Fuller,"House 105, DHA, Rawalpindi",64643,Commercial
40292-8521178-6,MTR9315960,Mr. Ashley Taylor,"House 898, Model Town, Karachi",50155,Residential
25625-1845423-4,MTR8087255,Cassandra A. Griffith,"Plot 953, DHA, Islamabad",14183,Residential
77196-3982301-8,MTR7256691,Chaudhry Nicole Daniels,"Flat 794, DHA, Lahore",40056,Commercial
93552-6866986-4,MTR8181957,Michelle A. Lambert,"House 378, Model Town, Karachi",190432,Residential
15788-4422156-5,MTR4635137,Kristina Reid,"House 614, Bahria Town, Lahore",61779,Residential
52893-7861795-6,MTR2781553,Tara A. Davis,"Plot 636, Model Town, Lahore",166847,Residential
36661-1527921-8,MTR3334026,Chaudhry Alicia Jones,"Kothi 65, Gulberg, Lahore",67202,Commercial
61812-3592955-9,MTR4895502,Chaudhry Denise Stafford,"House 669, Bahria Town, Rawalpindi",19697,Residential
45542-7875117-5,MTR1673735,Chaudhry Nancy Allen,"Flat 428, DHA, Islamabad",145922,Commercial
84254-6992514-7,MTR5910122,Chaudhry Mark Walker,"Kothi 19, Model Town, Karachi",77533,Residential
61213-7794326-4,MTR2761470,Chaudhry Kristen Wilson,"House 445, Bahria Town, Rawalpindi",19071,Commercial
24881-2518137-7,MTR1210809,M. Arias,"Flat 472, Bahria Town, Karachi",60246,Residential
11944-1867304-9,MTR3611100,F. Lopez,"Plot 657, Gulberg, Lahore",70629,Commercial
85086-7221723-9,MTR4372366,Samuel A. Anderson,"Plot 150, Model Town, Islamabad",262903,Residential
31209-9743595-3,MTR1905889,Alicia A. Diaz,"House 112, Gulberg, Rawalpindi",29753,Residential
35865-6060264-3,MTR8805612,Robert Fritz,"House 999, Gulberg, Islamabad",53028,Residential
16995-7507801-2,MTR1446268,Chaudhry Kimberly White,"Plot 656, Bahria Town, Rawalpindi",31904,Commercial
90573-4290229-8,MTR1162765,Jordan A. Wiley,"Plot 579, Bahria Town, Lahore",43248,Commercial
62395-9688794-3,MTR8750007,Steven A. Perry,"Kothi 368, DHA, Karachi",10680,Residential
42382-4231219-1,MTR9681742,M. Hernandez,"House 684, Model Town, Lahore",48085,Residential
61096-8645939-9,MTR9489957,T. Frost,"Flat 665, Gulberg, Islamabad",44310,Commercial
86365-5181869-7,MTR6316370,A. Mckenzie MD,"Kothi 675, Model Town, Rawalpindi",79633,Residential
76005-8354336-3,MTR5328731,Mr. Gabriella Foster,"House 4, Johar Town, Rawalpindi",52830,Residential
70984-4946855-8,MTR7476287,Rachel A. Wilkinson,"Kothi 857, Bahria Town, Rawalpindi",312454,Residential
62473-2796438-2,MTR6390370,Mr. Robert Henry,"Plot 368, Gulberg, Islamabad",169155,Commercial
22021-8414978-9,MTR4542190,John A. Austin,"House 42, Bahria Town, Lahore",59216,Commercial
51120-9581239-2,MTR3467434,Chaudhry Jason Jackson,"House 771, Johar Town, Rawalpindi",18646,Commercial
95556-3284817-1,MTR3425450,David A. Smith,"House 629, DHA, Karachi",38439,Residential
27251-9252208-5,MTR8533645,Mr. Emily Cox,"Plot 703, Bahria Town, Lahore",71185,Commercial
55992-5231562-3,MTR3120313,Daniel Cox,"Flat 919, Johar Town, Islamabad",136050,Residential
69821-3408743-5,MTR5068172,E. Barajas,"Kothi 214, Johar Town, Islamabad",45372,Residential
90722-9489388-4,MTR6723892,Christopher A. Williams,"Flat 382, DHA, Karachi",63127,Commercial
33867-7769027-3,MTR4600306,Chaudhry James Powell,"Flat 696, Model Town, Rawalpindi",54351,Residential
32117-5434903-2,MTR6234136,Chaudhry Peter Ruiz,"House 652, Model Town, Rawalpindi",120227,Commercial
82768-9748521-2,MTR7989318,Kristen Davis,"Flat 549, Gulberg, Islamabad",17153,Residential
44701-7303867-6,MTR5332101,Mike A. Valenzuela,"Plot 369, Model Town, Lahore",18942,Residential
67970-4859553-3,MTR1167270,Katie A. Hayes,"House 304, Johar Town, Islamabad",44418,Residential
50641-6245376-1,MTR6688745,Christopher Frost,"House 227, Bahria Town, Islamabad",72896,Residential
90747-8251664-7,MTR4360695,Mr. Diane Morgan,"Flat 918, DHA, Karachi",23879,Residential
74014-4812784-1,MTR4213232,Z. Curtis,"House 56, DHA, Islamabad",167720,Residential
49811-2784469-9,MTR8713280,Timothy A. Smith,"Flat 547, Bahria Town, Rawalpindi",38913,Commercial
86492-6052542-3,MTR4528135,Chaudhry Jordan Dalton,"Plot 376, Johar Town, Rawalpindi",56555,Residential
30791-3260708-1,MTR6572441,Mr. Amber Carter DDS,"Plot 725, Bahria Town, Rawalpindi",19931,Commercial
22557-2068182-3,MTR9070989,Katherine Estrada,"Flat 412, Model Town, Lahore",49360,Commercial
17357-6877607-8,MTR7452045,Angelica A. Melton,"Kothi 255, Bahria Town, Lahore",55687,Commercial
15767-2032277-9,MTR7947368,Chaudhry Gabriel Martin,"House 416, Bahria Town, Karachi",24944,Residential
30868-1979440-2,MTR2818125,Chaudhry Antonio Medina,"House 628, Johar Town, Karachi",87403,Residential
28647-7931981-4,MTR8613300,James A. Miller,"Kothi 833, Johar Town, Karachi",37918,Commercial
76660-6190576-2,MTR6057642,John Tate,"Flat 641, DHA, Rawalpindi",76713,Commercial
80569-1106525-7,MTR8835388,J. Hale,"Kothi 764, Gulberg, Lahore",34436,Commercial
95921-8591476-3,MTR8541309,Dr. Erika Travis,"Plot 108, Model Town, Karachi",94832,Residential
94412-1651250-2,MTR6363084,Matthew A. Walker,"Flat 913, Model Town, Lahore",56794,Commercial
44863-8315750-9,MTR2887239,Mr. Michele Mclaughlin,"Flat 303, Bahria Town, Lahore",20094,Residential
76509-1255478-3,MTR6372629,D. Jackson,"Flat 927, Bahria Town, Karachi",55884,Commercial
30864-6483992-4,MTR3718056,J. Mercer,"Kothi 337, Johar Town, Karachi",54318,Commercial
59735-9998559-8,MTR6591486,Dana Peters,"Kothi 860, Johar Town, Lahore",117224,Commercial
13475-8335233-4,MTR8084231,C. Rodriguez,"Flat 809, Bahria Town, Rawalpindi",34602,Residential
91608-2305306-3,MTR4040349,A. Moss,"Plot 34, DHA, Lahore",12797,Residential
23982-3714742-6,MTR7068622,Justin A. Riggs,"Plot 718, DHA, Lahore",69754,Commercial
15459-3322003-1,MTR1384564,Mr. Aaron Avery,"House 755, DHA, Lahore",35626,Residential
87394-7096942-4,MTR5004885,Mr. Noah Murillo,"House 901, Gulberg, Lahore",150022,Residential
42319-4451466-4,MTR6864942,Ann Jimenez,"House 35, DHA, Lahore",37468,Residential
92776-5821186-8,MTR3516280,P. Bailey,"House 136, DHA, Karachi",37765,Residential
48595-6354261-6,MTR3675608,Mr. Douglas Lewis,"Kothi 268, DHA, Islamabad",44601,Residential
43646-5741127-1,MTR4267304,Chaudhry Vincent Mcclain,"Flat 933, Model Town, Rawalpindi",50411,Residential
47702-1519780-7,MTR5047670,L. Smith,"House 447, Johar Town, Lahore",32974,Commercial
55453-8867535-1,MTR9099592,Chaudhry James Gregory,"Plot 732, DHA, Islamabad",48769,Commercial
32330-8315830-1,MTR4837911,Chaudhry Paul Smith,"Plot 296, DHA, Lahore",58234,Commercial
55587-9234643-2,MTR7852590,D. Green,"Kothi 712, Bahria Town, Rawalpindi",71523,Residential
87667-6824809-9,MTR9700480,Roger Peters,"Flat 592, Bahria Town, Islamabad",134488,Commercial
38143-4884387-8,MTR5714963,William A. Vega,"Plot 113, DHA, Rawalpindi",22120,Residential
83564-2754190-6,MTR2859705,Julia A. PhD,"Flat 98, Gulberg, Rawalpindi",172523,Residential
21294-8082166-1,MTR8881938,Mr. Michael Thomas,"Flat 212, Model Town, Islamabad",65878,Commercial
66106-9408575-3,MTR5816395,Beth A. Burton,"Kothi 906, Bahria Town, Rawalpindi",12921,Commercial
26630-9917838-1,MTR5566947,Stacy A. Hopkins,"Flat 596, Model Town, Karachi",103802,Residential
69022-6424642-3,MTR2393919,C. Collins,"Kothi 450, Model Town, Karachi",29192,Commercial
26522-6604491-8,MTR1696918,Chaudhry Melissa Jennings,"Plot 520, Bahria Town, Islamabad",76732,Residential
49519-3593662-3,MTR3722929,Dana Guerrero,"Plot 741, Model Town, Islamabad",77111,Commercial
31092-4962997-6,MTR2162961,Mr. Edward Sanchez,"Plot 265, DHA, Karachi",24761,Commercial
96232-2705202-4,MTR6802760,Megan Brown,"Kothi 155, Bahria Town, Islamabad",30574,Residential
48981-8296797-5,MTR5211955,Emma Brady,"Plot 112, DHA, Islamabad",157079,Commercial
37059-7515284-8,MTR1384034,Karen Rodriguez,"House 13, Gulberg, Rawalpindi",65057,Residential
39157-9396771-5,MTR7714387,Jasmine Gonzales,"Kothi 23, Bahria Town, Islamabad",18961,Residential
89129-7789963-1,MTR1487495,Kayla Pena,"Plot 930, Gulberg, Rawalpindi",243337,Residential
39958-4835374-3,MTR9328248,Mr. Karen Manning,"House 465, Gulberg, Islamabad",58562,Commercial
44053-2641932-7,MTR5492473,Chaudhry Kyle Graham,"Plot 802, Gulberg, Karachi",340929,Residential
42775-8106490-8,MTR8796970,Kelli A. Taylor,"Kothi 21, Johar Town, Rawalpindi",49811,Residential
77928-4071271-6,MTR9110192,Chaudhry Jeremy Diaz,"House 399, Gulberg, Lahore",179140,Residential
14999-5214824-9,MTR7871711,Chaudhry Nicholas Adams,"Plot 165, Bahria Town, Islamabad",133305,Commercial
23249-8663575-9,MTR8346124,Chaudhry Jasmine Daniels,"Plot 735, Gulberg, Lahore",43314,Commercial
93789-7206125-9,MTR3980779,Jeffrey Adams,"Flat 421, Gulberg, Karachi",34235,Commercial
99700-4083696-7,MTR2511784,Chaudhry Tyler Mack MD,"House 747, Johar Town, Islamabad",71342,Commercial
93567-1949897-5,MTR5299177,Autumn A. Durham,"Flat 392, Gulberg, Lahore",34501,Commercial
11744-2261394-7,MTR4409900,Herbert Vang,"Kothi 644, Model Town, Islamabad",59263,Residential
24320-4765265-5,MTR3656329,Carly A. Johnson,"Kothi 963, Johar Town, Karachi",71800,Residential
61375-8753029-4,MTR8996060,Mr. James Yang,"Plot 133, DHA, Karachi",39563,Residential
71493-4791429-3,MTR7229731,Kelsey Hansen,"Flat 683, Gulberg, Rawalpindi",71949,Residential
48580-3099938-8,MTR1464791,B. Morales,"Flat 803, Bahria Town, Islamabad",15301,Commercial
59302-5253848-7,MTR9379783,Chaudhry Geoffrey Andrews,"Plot 494, DHA, Islamabad",110306,Residential
56920-5109868-5,MTR9061678,Chaudhry Ryan Webster,"Flat 492, Gulberg, Rawalpindi",71715,Commercial
91705-2433135-6,MTR2832754,M. Jacobs,"Plot 952, Model Town, Rawalpindi",16636,Commercial
17479-2430759-6,MTR5097823,Michael A. Rivas,"Plot 544, Model Town, Lahore",29555,Commercial
96154-1192586-4,MTR3561439,Steven Smith,"House 672, Model Town, Islamabad",77081,Commercial
89718-2703087-3,MTR1807407,Ashley Adams,"Plot 191, Gulberg, Islamabad",20505,Residential
30011-4498735-7,MTR7958776,Chaudhry Jason Salazar,"Plot 625, Johar Town, Lahore",59051,Commercial
97616-5983567-4,MTR7630463,Chaudhry Christian Gonzalez,"Kothi 710, Bahria Town, Lahore",18640,Residential
67486-2962609-9,MTR2216994,Mr. Maria Todd,"House 271, Gulberg, Karachi",61979,Commercial
28263-8939679-8,MTR5536797,Mr. Charles Colon,"House 496, Gulberg, Karachi",55043,Residential
74405-5136701-8,MTR5802906,L. Campbell,"Plot 553, Johar Town, Lahore",34307,Commercial
31018-6380184-8,MTR5451292,J. King,"Kothi 682, Model Town, Rawalpindi",89231,Residential
59146-8143975-7,MTR2156748,Richard A. Lindsey,"House 185, Model Town, Lahore",48238,Residential
12694-1769575-6,MTR3488406,Mr. Patricia Taylor,"House 523, Gulberg, Rawalpindi",13930,Commercial
28938-1568697-4,MTR5813574,M. Steele,"Kothi 641, Bahria Town, Islamabad",21224,Commercial
22381-7143117-6,MTR3228496,Chaudhry Angela Kent,"Kothi 798, Johar Town, Karachi",34979,Residential
47244-8301268-6,MTR6229335,Chaudhry Jill Wilson,"Kothi 258, Johar Town, Lahore",146622,Commercial
47899-5913758-6,MTR3424231,Mr. Kevin Carter,"Kothi 414, Model Town, Islamabad",63540,Commercial
76378-6784955-4,MTR1913759,Mr. Cheryl Hale,"Kothi 811, DHA, Islamabad",341013,Commercial
35206-6319954-5,MTR9631916,Chaudhry Grant Lopez,"Plot 601, DHA, Lahore",122108,Residential
62281-7812038-9,MTR7412977,Maria A. Wilson,"House 409, Model Town, Lahore",20674,Residential
10814-1778407-4,MTR1046388,K. Burton,"Kothi 624, DHA, Rawalpindi",83066,Residential
90831-3467117-2,MTR4321454,Chaudhry Sara Hunt,"Plot 41, Gulberg, Karachi",47592,Residential
23285-4041678-1,MTR4731803,Mr. Fred Barker,"Kothi 794, DHA, Lahore",73195,Commercial
58348-3326929-5,MTR7550438,Mary Newton,"Flat 884, Model Town, Karachi",137731,Commercial
65284-1574465-6,MTR3035992,Chaudhry Joel Vaughan,"House 442, Johar Town, Lahore",172006,Commercial
75243-9760290-1,MTR9296269,Chaudhry Carol Zimmerman,"House 793, Gulberg, Rawalpindi",20197,Residential
68519-2127745-1,MTR3379522,Chaudhry Douglas Smith,"Kothi 609, Johar Town, Karachi",139762,Residential
72317-7919210-9,MTR7648504,Maria Black,"House 85, Gulberg, Karachi",136259,Commercial
29892-1260551-7,MTR3388596,Mr. Andre Hatfield,"House 10, DHA, Lahore",28079,Commercial
38605-3035872-3,MTR4515185,Sharon Lowe,"Kothi 19, Model Town, Karachi",20206,Commercial
69084-4144223-1,MTR9473892,Christopher Wilson,"Flat 793, Bahria Town, Lahore",70232,Residential
48422-9356677-8,MTR6679002,Mr. Allison Valdez,"Flat 936, DHA, Lahore",31145,Commercial
11494-2015876-1,MTR9777185,G. Pittman,"House 399, Model Town, Islamabad",33658,Residential
88658-3784968-8,MTR8335195,Tammy Mills,"House 324, Model Town, Rawalpindi",42333,Commercial
71577-3792907-3,MTR7336973,Ms. A. Ortega,"House 372, Bahria Town, Rawalpindi",116775,Residential
72516-7471601-8,MTR4961533,Mr. Daniel Leonard,"Flat 804, Johar Town, Islamabad",52536,Residential
48323-5696061-1,MTR2791022,Chaudhry Ariel Rodriguez,"Flat 891, Johar Town, Lahore",173473,Residential
29807-6177410-7,MTR5706056,Chaudhry Steven Kelly,"Plot 386, Gulberg, Rawalpindi",36670,Residential
88876-4931795-8,MTR5186809,Chaudhry Dylan Deleon,"Flat 706, DHA, Islamabad",60697,Commercial
44477-5496679-7,MTR1621819,Michael Ellis,"Plot 601, DHA, Islamabad",17072,Residential
28437-3466234-5,MTR7794525,E. Strickland,"Kothi 356, Johar Town, Lahore",152202,Residential
80776-9132964-7,MTR7250631,Jordan A. Adams,"Plot 807, Bahria Town, Islamabad",133218,Commercial
89547-1965707-7,MTR8271808,Mr. Melissa Barker,"Kothi 726, Bahria Town, Islamabad",40148,Commercial
86859-1157196-7,MTR2316275,Mr. Belinda Lowery,"Kothi 554, DHA, Islamabad",75453,Commercial
18209-4906850-7,MTR1425113,Chaudhry Michael Johnson,"Flat 907, Johar Town, Islamabad",15388,Commercial
72467-9492101-4,MTR6003283,Michelle A. Smith,"Plot 218, Bahria Town, Lahore",17924,Commercial
33683-5861976-6,MTR3428137,Ryan Carey,"Flat 413, Johar Town, Karachi",72941,Residential
42283-1748170-8,MTR6781974,Mr. Tina Wolf,"Flat 888, DHA, Islamabad",39194,Commercial
92934-8775129-2,MTR4571015,Vincent Salas,"Plot 324, Johar Town, Lahore",39910,Commercial
55209-5706815-9,MTR1062129,Nicole A. Wilson,"House 97, DHA, Karachi",19204,Residential
84117-9159020-4,MTR9515267,S. Hall,"Flat 948, Model Town, Rawalpindi",72192,Residential
22728-8497096-3,MTR8337015,B. Hobbs,"Flat 864, DHA, Islamabad",339510,Residential
36344-4032236-7,MTR5850900,Jonathan Gordon,"House 29, DHA, Lahore",41433,Residential
83056-7201417-8,MTR4647682,Chaudhry Larry Coleman,"Kothi 970, DHA, Rawalpindi",17885,Residential
25717-2509230-5,MTR6930549,A. Ochoa,"Flat 579, Bahria Town, Lahore",35376,Residential
97781-9497676-7,MTR2776332,Mr. Jennifer Vaughn,"Plot 460, Bahria Town, Islamabad",58523,Residential
40818-4719875-3,MTR4042952,Darrell A. Carrillo,"House 965, Model Town, Islamabad",52449,Residential
17769-1466171-1,MTR5002055,B. Mcintosh,"Flat 806, Johar Town, Rawalpindi",152148,Residential
17309-2695451-3,MTR9047029,Mr. Joseph Welch,"Flat 774, DHA, Karachi",61022,Commercial
98721-6012910-8,MTR2679568,Chaudhry Shawn Greene,"House 483, Model Town, Islamabad",74017,Commercial
43686-7543921-2,MTR9379706,M. Mills,"Flat 493, Gulberg, Karachi",14846,Residential
67853-5000652-3,MTR5888132,Mr. A. Willis,"House 480, Bahria Town, Lahore",161572,Residential
30572-4700253-2,MTR5906148,C. King,"Flat 911, Bahria Town, Rawalpindi",46689,Residential
22712-7460555-1,MTR9819637,Chaudhry William Garrett,"House 464, Model Town, Islamabad",174226,Residential
40655-9011763-2,MTR9183453,Kathleen Wallace,"Flat 147, Model Town, Karachi",51684,Residential
17435-4023919-8,MTR4076931,Matthew A. Kirk,"Plot 450, Bahria Town, Islamabad",15690,Residential
64822-7908550-4,MTR9168939,Andrea A. Thompson,"Plot 27, Model Town, Islamabad",115690,Residential
53844-3815180-5,MTR1616792,Shawn A. Clark,"Kothi 112, Model Town, Rawalpindi",72669,Commercial
73233-2915424-3,MTR9527167,Chaudhry Brandon Nixon,"House 647, Bahria Town, Rawalpindi",39125,Residential
47517-2999661-5,MTR9577327,James A. Ramirez,"Plot 994, Model Town, Rawalpindi",17698,Residential
44278-5004302-4,MTR2291309,Mr. Daniel Pena,"House 400, Model Town, Rawalpindi",114126,Commercial
31259-1964394-5,MTR5773989,Alisha Pennington,"Plot 656, DHA, Rawalpindi",234757,Commercial
76557-6719452-9,MTR4446238,Christine King,"Plot 454, DHA, Islamabad",71983,Commercial
34355-7041462-7,MTR6158074,Michele Hamilton,"House 934, Gulberg, Karachi",15601,Residential
46286-4031415-3,MTR3724552,Mr. Pamela Case,"Plot 535, Bahria Town, Karachi",258075,Residential
35783-2329874-2,MTR4057400,Mr. Blake Perry,"Kothi 780, Model Town, Karachi",31181,Residential
37005-3299163-4,MTR5103750,Leslie Rodriguez,"Flat 208, DHA, Lahore",32066,Residential
78100-7847167-1,MTR8152475,Richard A. Perry,"Flat 344, Model Town, Rawalpindi",70765,Commercial
21839-1259126-7,MTR8280271,Mr. Jessica Gonzales,"Kothi 137, Model Town, Karachi",309950,Residential
34386-7158931-1,MTR8031885,Chaudhry Nicholas Jones,"Plot 720, Model Town, Lahore",13973,Residential
56682-9721182-8,MTR7620825,T. Middleton,"House 124, Model Town, Karachi",76296,Residential
52071-7398647-1,MTR5243390,Mary A. Little,"Flat 894, DHA, Rawalpindi",124975,Commercial
68515-9611981-1,MTR1145059,Mark A. Vasquez,"Plot 22, Bahria Town, Lahore",33240,Commercial
39320-4060060-3,MTR9892799,Benjamin A. Tran,"House 320, Model Town, Lahore",68358,Commercial
12549-2618521-4,MTR5749764,Chaudhry Kayla Mendoza,"Flat 19, Johar Town, Rawalpindi",73598,Residential
78539-4999140-8,MTR2066954,Chaudhry Lindsay Morgan,"House 360, DHA, Karachi",151608,Commercial
15920-5580399-2,MTR9036916,Judy A. Wood,"Kothi 506, Johar Town, Islamabad",59100,Residential
24423-3047447-2,MTR8762561,Brooke A. Peters,"Kothi 906, Bahria Town, Karachi",55125,Commercial
39757-3469950-8,MTR2185270,Mr. Scott Patterson,"Kothi 169, DHA, Rawalpindi",18586,Commercial
65113-9818363-1,MTR2539237,M. Curtis Hernandez,"Kothi 994, DHA, Islamabad",126106,Residential
54374-7722744-4,MTR9927985,Mr. Nicholas Hall,"Flat 733, Gulberg, Islamabad",167511,Commercial
62506-1898473-6,MTR1371286,Chaudhry Richard Gallegos,"Plot 981, Model Town, Karachi",174288,Residential
65330-1193852-6,MTR1778615,Jessica Ramos,"House 544, Bahria Town, Lahore",79318,Residential
52513-8265214-4,MTR9481580,Chaudhry Linda Hernandez,"House 231, Bahria Town, Rawalpindi",47007,Commercial
62042-8612348-1,MTR6646047,K. Thompson,"House 36, Johar Town, Islamabad",238980,Commercial
98924-5587446-9,MTR4740225,Chaudhry Pamela Martin,"House 637, DHA, Islamabad",11651,Residential
25951-9729269-1,MTR9429578,N. Peterson,"Kothi 243, DHA, Islamabad",46793,Commercial
24816-6123958-6,MTR6355044,M. Becker,"Plot 124, DHA, Islamabad",75229,Residential
21072-8825183-9,MTR2395812,Chaudhry Gary Lewis,"Plot 451, DHA, Karachi",39247,Commercial
48482-7820677-5,MTR8686422,Chaudhry Drew Butler,"Flat 250, DHA, Islamabad",131193,Commercial
69525-4718100-7,MTR8825369,Mr. Mrs. Alexis Brooks,"Plot 562, Model Town, Rawalpindi",153324,Residential
81831-6095261-8,MTR1505599,Chaudhry Becky Franklin,"Kothi 839, Model Town, Lahore",63781,Residential
41752-6597993-4,MTR3321638,Chaudhry Jesus Crane,"Plot 525, Johar Town, Rawalpindi",35344,Commercial
86766-7651400-1,MTR9546423,S. Smith,"Flat 167, Bahria Town, Islamabad",23323,Residential
82961-6460610-8,MTR2595668,Mr. Patrick Coleman,"Flat 292, Bahria Town, Islamabad",24138,Residential
17458-1365505-3,MTR8900312,Mr. Eric May,"House 621, Model Town, Rawalpindi",34931,Residential
96208-2040470-9,MTR8825503,Elizabeth A. Schultz,"Kothi 855, Gulberg, Islamabad",176271,Commercial
24318-9739741-4,MTR9603030,Robert A. Mccoy,"Plot 427, Model Town, Islamabad",231716,Commercial
28392-4397261-5,MTR1073884,Katelyn Carter,"House 757, Gulberg, Islamabad",109274,Residential
92662-3135280-7,MTR8906529,Chaudhry Dr. Lisa Warren,"House 5, Gulberg, Lahore",51342,Commercial
75258-7668832-3,MTR9585843,James A. Hill,"Kothi 871, Model Town, Lahore",43640,Commercial
59749-8588053-8,MTR1641333,D. Garza,"Flat 741, Model Town, Islamabad",24990,Commercial
56262-7554597-9,MTR7160791,Chaudhry John Welch,"Kothi 664, Model Town, Lahore",19027,Residential
75476-7386651-8,MTR8037599,Chaudhry Ashley Baker,"Flat 189, Johar Town, Islamabad",35498,Residential
29004-8308924-7,MTR1745307,D. Krause,"Plot 91, Model Town, Islamabad",59232,Residential
89702-5071039-6,MTR8577882,Chaudhry Jennifer Freeman,"Plot 996, Gulberg, Lahore",109001,Residential
13352-1795946-5,MTR7601704,M. Amy Burton MD,"Kothi 308, Johar Town, Islamabad",72410,Residential
80582-8334323-9,MTR9574157,Chaudhry Deanna Thomas,"Kothi 399, Gulberg, Islamabad",19807,Residential
15336-6890594-8,MTR1060838,Matthew Gonzalez,"House 693, DHA, Karachi",322871,Commercial
22971-7870590-6,MTR4451558,Chaudhry Rhonda Fuentes,"Kothi 665, Johar Town, Karachi",73575,Commercial
34669-8066988-8,MTR5190707,Brandon A. Reed,"Kothi 451, Johar Town, Islamabad",55682,Residential
79486-2547577-3,MTR3124225,Robyn Miller,"Flat 326, Model Town, Lahore",72420,Commercial
50714-9599893-3,MTR7154700,Chaudhry William Johnson,"House 672, Model Town, Islamabad",11869,Residential
76699-8061314-3,MTR8449064,Tanya Suarez,"Flat 836, Johar Town, Karachi",77145,Residential
76176-4155931-7,MTR5205850,Matthew A. Bowman,"Plot 62, Johar Town, Lahore",46779,Residential
56292-1709905-7,MTR7936679,Tricia Higgins,"House 807, DHA, Islamabad",179748,Commercial
82473-1065650-5,MTR6282615,T. Richardson,"Kothi 863, DHA, Lahore",158884,Commercial
97570-1495466-4,MTR5236111,Chaudhry Kari Benton,"Plot 510, Johar Town, Islamabad",52996,Commercial
94778-9916899-9,MTR4323033,L. Hill,"Plot 589, Bahria Town, Rawalpindi",115476,Commercial
88871-3038454-3,MTR2425869,Vanessa A. Hernandez,"Plot 531, Johar Town, Lahore",34167,Commercial
13805-2679460-2,MTR6125446,Laura A. Rivera,"Plot 971, Johar Town, Rawalpindi",13661,Residential
71278-8224626-1,MTR7132089,Chaudhry Heather Johnson,"House 701, Johar Town, Islamabad",171536,Commercial
28864-4997388-6,MTR4414164,Chaudhry Jennifer Murillo,"Flat 174, DHA, Islamabad",12650,Commercial
92404-2668590-2,MTR7178502,Heather A. Lewis,"Flat 197, Gulberg, Rawalpindi",21494,Residential
12562-1917359-4,MTR7075447,Mr. Katrina Valenzuela,"Kothi 597, DHA, Rawalpindi",66224,Residential
17154-4997885-4,MTR8152503,Diamond A. Rodriguez,"Plot 46, Bahria Town, Karachi",23910,Commercial
51260-1103403-8,MTR7937893,Chaudhry Harold Beasley,"Flat 429, Johar Town, Islamabad",53278,Commercial
74952-2132897-4,MTR5714288,Jacob A. Johnson,"Kothi 692, Johar Town, Karachi",11439,Commercial
64197-6186808-7,MTR4962106,T. Baker,"Kothi 23, Bahria Town, Lahore",256930,Commercial
32736-3850856-6,MTR7407852,Crystal A. Hull,"Kothi 192, DHA, Islamabad",10395,Commercial
61908-7089061-2,MTR3761738,Chaudhry Alexander Cochran,"Flat 547, Gulberg, Islamabad",81281,Commercial
62847-2098017-2,MTR7829196,Matthew A. Gillespie,"Kothi 846, Model Town, Karachi",79360,Residential
60772-4207728-8,MTR6212240,Andrew A. West,"Flat 353, Bahria Town, Rawalpindi",44043,Residential
14576-5683072-1,MTR2209908,Mr. Tammie Stewart,"Flat 825, Bahria Town, Karachi",91833,Commercial
27021-2554095-4,MTR5216195,M. Cummings,"Flat 558, Bahria Town, Rawalpindi",32790,Commercial
71217-5029625-3,MTR3769871,T. Landry,"Flat 362, Bahria Town, Rawalpindi",126982,Residential
59400-4490649-5,MTR8522381,S. Sweeney,"Kothi 517, Bahria Town, Karachi",186899,Commercial
69335-3196890-5,MTR5745605,Chaudhry Shane Pollard Jr.,"Kothi 602, Model Town, Karachi",154695,Commercial
62972-9559633-4,MTR8926107,Larry Sanders,"Plot 894, DHA, Lahore",100778,Commercial
81118-5536712-7,MTR6265044,Robin Johnson,"House 674, Johar Town, Karachi",17006,Residential
50735-1251664-7,MTR9734079,M. Montoya,"House 712, Bahria Town, Karachi",60830,Commercial
52078-4159391-2,MTR4961179,Natalie A. Roberts,"House 576, Model Town, Islamabad",26204,Residential
35273-2105802-5,MTR5717886,J. Mejia,"House 232, Model Town, Karachi",93267,Commercial
62294-5737282-6,MTR1980180,Nicole Cuevas,"Kothi 865, Gulberg, Karachi",64862,Residential
46244-3959390-1,MTR1661362,Chaudhry Richard Howard,"Flat 696, Model Town, Rawalpindi",79709,Residential
13311-8760833-4,MTR3414895,Mr. James Dunn,"Kothi 361, DHA, Karachi",141259,Residential
48204-2933267-5,MTR7190528,R. Lara,"Plot 730, DHA, Rawalpindi",69010,Residential
15242-3718128-7,MTR9723828,Chaudhry Elizabeth Smith,"Plot 776, Model Town, Karachi",169028,Residential
59904-1658235-9,MTR7868578,Chaudhry Lauren Shepherd,"Flat 645, Bahria Town, Karachi",264527,Commercial
84732-9353237-9,MTR2204776,Susan Krause,"Flat 948, Gulberg, Islamabad",31340,Commercial
10127-2876902-5,MTR8987728,Donna Mitchell,"House 897, Johar Town, Lahore",35021,Residential
42041-2865413-1,MTR5428928,Mr. Donald Harris,"Flat 216, Model Town, Lahore",40019,Commercial
64687-7604107-4,MTR3762377,Chaudhry Mark Price,"Flat 540, DHA, Islamabad",65555,Residential
65571-8424876-6,MTR6200633,Mr. Shannon Franco,"Kothi 521, DHA, Karachi",38318,Residential
66144-9587939-3,MTR7298690,Timothy Cowan,"Kothi 781, Bahria Town, Lahore",53224,Residential
83285-5382167-3,MTR9778032,Chaudhry Brittany Delgado,"Plot 993, Bahria Town, Islamabad",43246,Residential
42727-1996283-3,MTR3812691,Chaudhry Nichole Davis,"Flat 356, Gulberg, Lahore",72268,Residential
36399-6210211-3,MTR9797916,James Watson,"Plot 703, Gulberg, Rawalpindi",21821,Residential
41178-5055247-1,MTR9534906,Natalie Schmidt,"Kothi 137, Model Town, Islamabad",11472,Commercial
27484-3380486-4,MTR3577268,K. Shepard,"Flat 645, DHA, Rawalpindi",34444,Commercial
32178-3596963-8,MTR1419664,Lynn A. Smith,"Kothi 852, Bahria Town, Lahore",70891,Residential
47924-1207556-6,MTR2380979,B. Lewis,"Kothi 212, DHA, Lahore",12800,Residential
46815-6098656-4,MTR2872795,Shelley Russo,"House 719, Model Town, Rawalpindi",19714,Residential
24809-3706493-6,MTR4195617,Mr. Wanda Robbins,"Kothi 480, Johar Town, Islamabad",74044,Residential
47946-3820171-9,MTR7062273,Travis A. Shelton,"House 47, DHA, Rawalpindi",34415,Residential
73638-2408812-6,MTR1037204,Leah Glover,"Flat 112, Gulberg, Rawalpindi",44182,Residential
74008-4184460-9,MTR3902910,Mr. Nicole Morales,"Flat 9, Model Town, Lahore",77493,Residential
94476-5797832-5,MTR9765358,Mr. Donna Baldwin,"Plot 81, Bahria Town, Lahore",76325,Residential
13315-7631582-3,MTR3672470,D. Fernandez,"Flat 377, Bahria Town, Karachi",60115,Residential
23392-6206793-6,MTR1366425,Brenda A. Glenn,"Kothi 189, Model Town, Islamabad",52481,Residential
40176-7182835-3,MTR7345384,A. Graham,"Flat 858, Model Town, Karachi",18630,Commercial
17565-1692110-2,MTR1121273,Sheena A. Reed,"Kothi 927, DHA, Karachi",38981,Commercial
74799-8096426-8,MTR6856000,Chaudhry Frank Holmes,"Plot 307, Johar Town, Lahore",37662,Residential
28597-4816804-3,MTR5464930,Mr. Thomas Williamson,"Plot 454, Gulberg, Lahore",34205,Commercial
15235-8373630-8,MTR4134377,Mr. Madeline Collins,"Plot 224, Model Town, Lahore",141949,Commercial
14197-9578025-7,MTR3201743,G. Guzman,"Plot 291, DHA, Lahore",159148,Residential
77452-8066698-6,MTR6093598,Brandon Rodriguez,"House 450, DHA, Karachi",127583,Residential
31556-7355590-5,MTR6780250,Mr. Sarah Avery,"House 454, Johar Town, Islamabad",36538,Residential
84385-4278534-8,MTR5650929,V. Smith,"House 556, Model Town, Rawalpindi",103009,Residential
66147-9970698-3,MTR2729445,M. Hanna,"Kothi 985, Johar Town, Lahore",69227,Commercial
17865-6562348-5,MTR4874244,A. Garner,"Kothi 976, Model Town, Rawalpindi",23433,Residential
96048-3295998-5,MTR8979194,Tiffany A. Jordan,"Flat 544, DHA, Karachi",105718,Commercial
39161-8505203-2,MTR9255154,Shane Wilson,"Plot 677, Johar Town, Islamabad",137323,Residential
82728-7985645-6,MTR6500510,Mr. Theresa Ford,"Plot 579, Gulberg, Rawalpindi",44752,Residential
44220-2916857-4,MTR7867553,James A. Taylor,"Plot 992, Bahria Town, Lahore",57298,Commercial
39000-5252849-2,MTR2017875,Chaudhry Deanna Ryan,"Plot 544, Model Town, Rawalpindi",105236,Residential
39752-8686564-4,MTR2381686,Chaudhry Tamara Chavez,"House 754, Johar Town, Lahore",146821,Commercial
63480-2232674-8,MTR3679552,Mr. Tammy York,"Plot 885, Johar Town, Lahore",119509,Commercial
92129-9642887-2,MTR7975948,C. Brown,"Kothi 851, Gulberg, Karachi",314836,Residential
35119-8970998-2,MTR1165227,G. Spencer,"Plot 383, Johar Town, Lahore",71599,Residential
62999-4974558-1,MTR5407538,Faith Wright,"Flat 43, DHA, Karachi",58361,Residential
70254-6031990-2,MTR2729797,Lisa Adams MD,"Plot 437, DHA, Karachi",298370,Commercial
83788-2924530-6,MTR9541465,Vanessa A. Ross,"Plot 376, Model Town, Lahore",70581,Commercial
43504-3058938-4,MTR6997353,D. Henderson,"Flat 526, Johar Town, Islamabad",17622,Residential
74092-1729872-6,MTR5485939,K. Kelly,"House 365, Johar Town, Islamabad",79191,Residential
89043-2895311-1,MTR6891931,Charles Carter,"Plot 261, Model Town, Karachi",25045,Residential
68558-1357072-8,MTR1148593,Mr. Samantha Soto,"House 811, DHA, Rawalpindi",58137,Commercial
24472-2237400-5,MTR2671447,Chaudhry Miss Sara Campbell,"Plot 154, Johar Town, Islamabad",83027,Residential
97761-7389115-3,MTR7133479,Denise A. Newman,"Flat 552, Model Town, Rawalpindi",31623,Commercial
11808-1415372-6,MTR4700211,A. Montes,"Plot 499, Johar Town, Rawalpindi",174644,Residential
14147-1594901-2,MTR5531275,Mr. Jacqueline Allen,"Plot 636, Johar Town, Rawalpindi",259487,Residential
72358-3655557-8,MTR2242345,Chaudhry Micheal Horne,"Kothi 235, Johar Town, Lahore",79657,Commercial
57308-6524273-9,MTR1233258,D. Mooney,"Plot 319, Bahria Town, Lahore",321650,Commercial
37706-3847560-6,MTR7479495,Chaudhry Thomas Williams,"Kothi 340, Johar Town, Rawalpindi",34993,Commercial
60840-6933804-6,MTR8386176,Chaudhry Charlene Morris,"House 344, Johar Town, Rawalpindi",17421,Residential
53749-4802002-1,MTR4753430,Mr. Harry Rodriguez,"Plot 471, Johar Town, Lahore",54271,Commercial
92689-3446599-3,MTR5758681,Dustin Davis,"Flat 394, Model Town, Lahore",35988,Residential
75536-5396765-6,MTR2511488,Mr. Jessica Smith,"Plot 716, DHA, Lahore",71242,Commercial
36115-8151321-2,MTR6924619,Chaudhry Wendy Hull,"Flat 811, Model Town, Karachi",34380,Commercial
28499-2208472-5,MTR3446346,Chaudhry Jerry Watson,"Flat 758, Model Town, Karachi",46252,Commercial
55931-7810919-6,MTR2607090,E. Lopez,"House 722, Model Town, Islamabad",16550,Residential
73106-9451241-6,MTR5257823,Chaudhry Anthony Parks,"Plot 829, Bahria Town, Islamabad",55303,Residential
29766-3275327-4,MTR7592912,T. Love,"House 911, Gulberg, Rawalpindi",48818,Commercial
68394-7645022-5,MTR2149417,Chaudhry Megan Turner,"Plot 601, DHA, Karachi",156594,Commercial
49516-6175710-5,MTR6893755,K. Walsh,"Flat 76, Bahria Town, Lahore",156162,Commercial
86667-3998816-5,MTR2575848,Mr. Heidi Archer,"Flat 480, Model Town, Rawalpindi",57582,Residential
18879-9128826-6,MTR6844312,Ricky Robinson,"Plot 283, Model Town, Lahore",65499,Residential
31569-5497150-4,MTR8348549,Chaudhry Jamie Freeman,"House 224, DHA, Rawalpindi",17506,Residential
68709-4361277-5,MTR5569848,D. Little,"House 202, Bahria Town, Lahore",94394,Residential
26910-1815390-2,MTR2304413,S. Sanchez,"House 829, Johar Town, Islamabad",63610,Residential
27913-1084726-4,MTR1404920,Chaudhry John Flores,"Flat 550, DHA, Islamabad",61302,Residential
13614-4560567-6,MTR5180988,Chaudhry Victoria Jennings,"Flat 889, DHA, Rawalpindi",24128,Residential
63125-6666921-3,MTR5101498,Cheryl Arnold,"House 885, Gulberg, Lahore",77945,Residential
21429-6612309-8,MTR8744739,J. Cole,"Kothi 264, Gulberg, Lahore",171415,Residential
13373-6316560-6,MTR3018816,R. Wright,"House 426, Johar Town, Islamabad",122551,Commercial
30536-2567809-1,MTR3587027,Mr. Rodney Johnson,"Plot 216, Bahria Town, Lahore",38371,Residential
56903-7068767-7,MTR9040966,Chaudhry Andrew Webb,"Flat 552, Johar Town, Karachi",317193,Commercial
96161-6550563-4,MTR2514959,Johnny A. Jacobs,"Flat 833, Gulberg, Lahore",333740,Commercial
94843-6188400-9,MTR7794959,Anita A. Patterson,"Kothi 573, Model Town, Islamabad",46342,Residential
78592-9885786-5,MTR2967291,Connie A. Elliott,"Plot 259, DHA, Rawalpindi",56315,Commercial
23079-7081720-3,MTR1842051,Chaudhry Deborah Baxter,"Plot 411, DHA, Lahore",150192,Commercial
91871-3250547-2,MTR1991786,Mr. Kayla Ortega DVM,"House 557, Johar Town, Karachi",22895,Commercial
82777-4050423-5,MTR6233905,Mr. James Harris,"Flat 756, Bahria Town, Karachi",39645,Residential
31244-9866725-1,MTR2763036,Eric A. Martinez,"Flat 797, Bahria Town, Rawalpindi",71568,Commercial
75396-4575817-6,MTR8362053,J. Wilson,"Kothi 472, Bahria Town, Islamabad",61614,Commercial
13469-2808655-1,MTR4790860,D. Walker,"House 827, Gulberg, Islamabad",104278,Residential
17862-4827163-7,MTR5139497,Sandra A. Brown,"Kothi 929, Gulberg, Karachi",260561,Commercial
14024-5226663-1,MTR8259255,Mr. Carrie Strickland,"Flat 727, Gulberg, Karachi",66490,Residential
40327-6944239-4,MTR4315769,Chaudhry Sheri Graham,"Flat 778, Gulberg, Islamabad",71893,Commercial
49119-9365142-4,MTR2869336,Dennis A. Martinez,"Plot 489, Model Town, Karachi",68902,Residential
49332-5740669-2,MTR5030954,Amy James,"Flat 5, Gulberg, Karachi",25717,Commercial
31180-6364820-8,MTR9998836,S. Reynolds,"Plot 594, DHA, Karachi",161775,Commercial
57233-1774926-8,MTR8986620,Brandy A. Reid,"Plot 446, Bahria Town, Islamabad",179459,Commercial
99804-1409768-2,MTR3458895,S. Hunter,"Plot 998, DHA, Karachi",42793,Commercial
49676-3530046-9,MTR8914738,Chaudhry Donald Powers,"Flat 100, Bahria Town, Rawalpindi",60256,Residential
99491-7663473-2,MTR7327993,Chaudhry John Watkins,"Kothi 348, Gulberg, Islamabad",43609,Commercial
14314-4936126-4,MTR6886899,J. Sheppard,"House 39, Bahria Town, Karachi",78294,Residential
85346-8222528-2,MTR4587052,Mr. Eric Morgan,"House 50, Model Town, Lahore",126717,Residential
24463-3021044-8,MTR9451427,Brandon A. Peters,"Plot 539, Gulberg, Lahore",48062,Commercial
33459-4756624-9,MTR7135756,Chaudhry Tara Freeman,"Plot 649, Johar Town, Lahore",40990,Commercial
79459-6931965-8,MTR3696867,M. Rice,"House 358, Bahria Town, Karachi",323966,Commercial
19488-5579724-3,MTR9109322,Chaudhry Tamara Sparks,"House 271, Model Town, Lahore",18802,Commercial
15661-4295827-9,MTR5457171,Christian Carter,"House 418, Johar Town, Islamabad",22655,Commercial
45023-1177672-6,MTR7592224,Mark Brown,"House 669, Gulberg, Islamabad",37485,Residential
81933-6549110-7,MTR6473424,Mr. Christopher Larsen,"Flat 409, Gulberg, Islamabad",107264,Residential
80778-8032155-7,MTR1402476,Shannon Meyer,"Plot 397, Gulberg, Rawalpindi",55834,Commercial
28750-1088096-4,MTR7125403,Savannah A. Ward,"Flat 711, Johar Town, Rawalpindi",17489,Residential
41557-4328946-2,MTR7415541,Mr. Megan Meyer,"House 864, Johar Town, Lahore",32881,Commercial
16489-7808519-9,MTR2265333,T. Robertson,"Flat 702, Gulberg, Islamabad",84830,Residential
69702-1015641-8,MTR4823404,Chaudhry Stacey Jones,"Kothi 523, Model Town, Rawalpindi",47821,Commercial
40727-7355807-6,MTR2395856,Chaudhry Jason Horn,"House 403, Johar Town, Islamabad",66044,Commercial
90322-6404556-2,MTR9545792,Glenn A. Wall,"Plot 947, Johar Town, Islamabad",78890,Residential
44377-8940262-6,MTR3690752,S. Jones,"Kothi 585, Bahria Town, Karachi",61557,Commercial
18631-9870948-6,MTR3961216,Mr. Joanna Jones,"Plot 541, Bahria Town, Islamabad",13948,Residential
41279-3891590-3,MTR4295991,Mr. Kara Lewis,"Kothi 182, DHA, Islamabad",318384,Residential
59972-7069374-7,MTR7573604,Chaudhry Michael Bradford,"House 420, Bahria Town, Islamabad",74216,Residential
59171-2724747-6,MTR7929630,Chaudhry Mercedes Myers,"Flat 679, Johar Town, Islamabad",38655,Commercial
69350-2476399-5,MTR2399198,Nichole Guerrero,"Kothi 298, Gulberg, Lahore",13080,Commercial
68892-9025213-3,MTR1456643,Mr. Gerald Vance,"Plot 7, Bahria Town, Islamabad",26374,Residential
74064-9735791-4,MTR9754570,Chaudhry Annette Martin,"Flat 536, Model Town, Rawalpindi",280024,Residential
43143-1298076-9,MTR1954035,Mr. Gregory Davis,"Plot 1, Johar Town, Islamabad",21043,Residential
17567-3993549-5,MTR3410267,Stacy A. PhD,"Flat 939, Model Town, Islamabad",59720,Residential
41697-5452740-8,MTR8483619,Mr. Chelsea Wilson,"House 538, Gulberg, Lahore",332516,Residential
36434-3152524-7,MTR9611329,Aaron A. Scott,"Flat 633, Model Town, Lahore",119454,Residential
68003-7303642-6,MTR2258283,Mr. Brenda Cross,"House 730, Model Town, Rawalpindi",63046,Commercial
66487-5308248-6,MTR8453243,A. Gonzalez,"Plot 395, Johar Town, Karachi",10639,Commercial
91075-4214681-6,MTR9985582,Alexander A. Smith,"House 682, Bahria Town, Islamabad",126028,Commercial
19277-2341155-8,MTR1282655,A. Wilson,"Kothi 403, Johar Town, Rawalpindi",98889,Residential
75090-1429317-2,MTR7572560,Mr. Kirk Williams,"Kothi 958, Gulberg, Rawalpindi",131631,Commercial
64380-8945730-3,MTR8440883,Jeffrey A. Weber,"House 451, Gulberg, Rawalpindi",49379,Commercial
27731-9586455-1,MTR4170570,F. Moore,"Plot 759, Bahria Town, Rawalpindi",82831,Commercial
80997-1680953-5,MTR3468379,E. Proctor,"Flat 788, Gulberg, Rawalpindi",31510,Residential
25482-2510822-4,MTR6176011,Mr. Jessica White,"House 585, DHA, Lahore",27306,Residential
75135-2480593-4,MTR9620883,Bonnie A. Freeman,"Kothi 57, Bahria Town, Islamabad",54585,Residential
73280-1919027-9,MTR6422676,Chaudhry Kenneth Simpson,"Kothi 864, Johar Town, Karachi",57848,Residential
63339-1840461-3,MTR1979532,Chaudhry Bobby Smith,"Flat 343, Bahria Town, Lahore",36097,Commercial
34398-5608154-9,MTR3319246,Mr. Mrs. Cynthia White DDS,"Flat 89, Model Town, Rawalpindi",72575,Residential
43426-6012634-9,MTR6666719,Christine A. Cooper,"Kothi 524, Gulberg, Lahore",63399,Residential
50219-6108489-4,MTR6489407,Derek Smith,"Kothi 822, Gulberg, Islamabad",148326,Commercial
49972-4389120-3,MTR4113707,Chaudhry Randall Brown,"House 213, Johar Town, Islamabad",283633,Residential
70846-9203841-3,MTR3433038,Debra A. Butler,"Flat 953, Model Town, Karachi",76331,Residential
69825-1858329-6,MTR4835793,Rebecca Dawson,"House 546, DHA, Rawalpindi",65552,Commercial
84046-6428334-1,MTR9543117,Pamela A. Bruce,"Flat 225, Gulberg, Islamabad",24685,Residential
36286-4512556-8,MTR9600407,Michelle Glass,"Kothi 958, Gulberg, Karachi",37269,Residential
36635-1968320-3,MTR5515713,Chaudhry Stephanie Summers,"Kothi 879, DHA, Lahore",64782,Commercial
27956-2206752-8,MTR3672918,Chaudhry Jennifer Aguilar,"Plot 15, Johar Town, Karachi",59391,Commercial
75302-4704502-5,MTR4170845,Mr. Eric Jenkins,"Plot 548, Bahria Town, Karachi",90180,Residential
37119-9660934-2,MTR6295504,Chaudhry Daniel Hawkins,"Kothi 98, Bahria Town, Lahore",41920,Commercial
16594-7957362-4,MTR5326127,Wendy Burgess,"Flat 724, Gulberg, Rawalpindi",219130,Commercial
30294-1950675-3,MTR5573303,Mr. Alexander Townsend,"House 164, Gulberg, Islamabad",212449,Residential
40496-6347396-9,MTR1215767,Mr. Benjamin Galloway,"Plot 317, Model Town, Islamabad",188168,Residential
81923-4600058-3,MTR5027533,Mr. John Smith,"Plot 401, DHA, Islamabad",151188,Commercial
59804-3616974-5,MTR3713011,Chaudhry Andrew Berger,"Plot 671, Johar Town, Lahore",30566,Commercial
35972-8792226-3,MTR9813689,R. Gonzalez,"Plot 441, Model Town, Rawalpindi",73634,Commercial
24991-1651164-6,MTR1275803,Emily A. MD,"House 674, Bahria Town, Lahore",41549,Residential
48110-9219424-6,MTR1802296,Christine Greene,"House 769, Gulberg, Lahore",145139,Residential
36281-9132638-5,MTR9409964,Steven West,"Flat 613, Johar Town, Lahore",26207,Residential
36388-3343910-8,MTR6155889,Mr. Melanie Lee,"Flat 787, Bahria Town, Islamabad",78266,Commercial
14247-2688905-1,MTR1503216,C. Long,"Flat 200, Bahria Town, Islamabad",310219,Commercial
16560-3885347-6,MTR8897977,Mr. Samantha Spencer,"Flat 461, Gulberg, Karachi",14975,Residential
53195-7107761-3,MTR2320289,P. Thomas,"House 807, Model Town, Lahore",59045,Commercial
83292-8633343-2,MTR1889743,Chaudhry Joshua Shaffer,"House 807, Bahria Town, Rawalpindi",211219,Residential
70476-1602279-1,MTR5648775,Mr. Carol Rios,"House 526, Johar Town, Lahore",75166,Commercial
64133-3214078-7,MTR4575543,Chaudhry Joshua Wilson,"Flat 79, Model Town, Karachi",254821,Residential
57112-3847051-2,MTR7784283,Chaudhry Nathaniel Leonard,"Flat 6, Gulberg, Islamabad",20013,Commercial
29534-5383567-2,MTR9701500,Mr. Anne Carter,"House 901, Bahria Town, Lahore",62040,Commercial
30063-9323660-5,MTR1491571,Stephen Smith,"House 333, Gulberg, Karachi",38970,Commercial
31499-9983655-1,MTR7485737,Robert A. Allen,"Flat 376, Bahria Town, Islamabad",73499,Commercial
62916-4413463-3,MTR8590509,Sean A. Cohen,"Plot 745, Johar Town, Karachi",188876,Residential
22451-1253527-2,MTR2039451,Jacob A. Fisher,"House 501, Johar Town, Karachi",36845,Residential
40049-2460295-3,MTR1463360,Mr. Patrick Castillo,"Plot 862, Model Town, Lahore",77718,Residential
65574-7597933-9,MTR4432690,Mr. William Alvarez,"House 299, Johar Town, Lahore",17859,Residential
21052-4651120-4,MTR7377707,Chaudhry Mitchell Barnes,"Plot 610, Johar Town, Lahore",72813,Residential
42210-2225629-6,MTR8566667,Diane Bell,"House 43, Bahria Town, Karachi",118920,Commercial
49794-6739014-2,MTR1621442,Chaudhry Marc Ramsey,"Kothi 607, Bahria Town, Lahore",171366,Residential
51612-7911706-7,MTR1843672,Chaudhry Danielle Powell,"House 91, Bahria Town, Karachi",103833,Residential
77030-3804065-3,MTR3738022,A. Raymond,"Flat 789, Bahria Town, Karachi",45031,Residential
35978-4684998-6,MTR6098921,Mr. Kayla Williams,"House 3, Gulberg, Lahore",104823,Commercial
75185-9817313-6,MTR5550105,Willie Webster,"House 770, Johar Town, Lahore",178105,Residential
36088-1844305-6,MTR4173311,Mr. Maria Chapman,"Kothi 95, Model Town, Karachi",36402,Commercial
74560-9325279-3,MTR2050199,Paula A. Gray,"Flat 849, Model Town, Lahore",79842,Residential
71099-3763617-7,MTR2496209,Mr. James Heath,"Kothi 845, Johar Town, Islamabad",39405,Residential
87803-9919963-2,MTR1650819,April A. Thomas,"House 992, Model Town, Karachi",66732,Commercial
41471-4322116-8,MTR4427348,A. Hensley,"Plot 899, Gulberg, Lahore",22789,Commercial
61381-7623889-6,MTR1538068,Chaudhry Whitney Powers,"Kothi 416, DHA, Karachi",310036,Residential
95521-6697399-7,MTR2364536,Monica Mcdaniel,"Flat 5, Model Town, Rawalpindi",34083,Residential
89145-1274367-2,MTR7964233,Jeffrey A. Reyes,"Kothi 429, Gulberg, Islamabad",42436,Residential
69963-3446625-6,MTR3896715,J. Williams,"Plot 86, Model Town, Rawalpindi",47366,Residential
71071-1546416-5,MTR3447971,Mr. Benjamin Hood,"Flat 91, Model Town, Karachi",28535,Residential
67937-7835784-9,MTR5495860,Mr. Jennifer Hunt,"Plot 124, Bahria Town, Lahore",71875,Residential
59236-4088786-7,MTR8563504,C. Gonzalez,"Flat 341, Bahria Town, Islamabad",17354,Residential
31943-4761457-6,MTR1246534,Mr. Carla Pena,"Kothi 316, Gulberg, Islamabad",53362,Residential
76421-4178403-3,MTR4307917,Alexandra Fields,"Kothi 540, DHA, Lahore",117977,Commercial
32983-2740494-4,MTR6167676,K. Hays,"Kothi 579, Model Town, Islamabad",28195,Residential
98636-2692941-9,MTR5455541,Jason A. Spence,"Kothi 139, Model Town, Rawalpindi",36845,Commercial
19948-9628110-6,MTR3750814,Mr. Katherine Sutton,"Kothi 273, Model Town, Islamabad",66110,Commercial
50020-7305937-9,MTR1114699,Brittany A. Noble,"House 929, Gulberg, Rawalpindi",26057,Commercial
57673-1301878-1,MTR8758025,Chaudhry Derrick Farmer,"House 571, Gulberg, Rawalpindi",19912,Commercial
50782-9598071-3,MTR3491594,Chaudhry Jennifer Mcdonald,"Kothi 36, Model Town, Rawalpindi",172681,Residential
27955-1118619-5,MTR6214990,Mr. Kathryn Farmer,"Plot 193, Johar Town, Lahore",15302,Commercial
61408-3912234-5,MTR6232540,Chaudhry Richard Riggs,"Plot 299, Johar Town, Lahore",105804,Residential
65142-7837774-2,MTR8068050,A. Anderson,"Kothi 505, Model Town, Islamabad",33513,Commercial
52493-3715809-8,MTR2961893,Chaudhry George Wright,"House 813, Johar Town, Islamabad",65571,Residential
28334-4368603-9,MTR2553936,Clinton A. Mitchell,"House 167, Model Town, Karachi",78878,Commercial
99313-6234019-1,MTR4067395,M. Shelton,"Flat 995, Gulberg, Islamabad",71176,Residential
34529-5569266-5,MTR2154441,Mr. James Jones,"Kothi 203, Johar Town, Islamabad",26674,Commercial
67448-7762509-2,MTR3338773,Kaitlyn Lowery,"Flat 371, Gulberg, Islamabad",46741,Residential
60530-8928178-5,MTR1844436,Mr. Shawna White,"House 209, Johar Town, Rawalpindi",69543,Residential
75700-7849397-3,MTR4989808,Mr. Kathleen Shaw,"Flat 46, Bahria Town, Islamabad",22005,Residential
80212-8888969-9,MTR8702518,J. Nichols,"Kothi 771, DHA, Islamabad",316003,Residential
61333-7085790-7,MTR5849497,Jessica A. Pugh,"Flat 872, DHA, Islamabad",74473,Residential
68937-1197056-1,MTR9305227,T. Caldwell,"Flat 363, Johar Town, Islamabad",40532,Residential
44802-5083170-2,MTR2847516,Samuel Cannon,"House 772, Johar Town, Rawalpindi",42600,Residential
24584-6149722-3,MTR8301253,Chaudhry Tiffany Ponce,"Plot 991, DHA, Rawalpindi",54881,Commercial
61707-6733523-7,MTR2523168,Chaudhry Scott Anderson,"Kothi 512, Model Town, Islamabad",38472,Residential
34344-3406176-9,MTR7121487,Mark Barrera,"Kothi 686, Model Town, Karachi",167654,Residential
37925-6682930-2,MTR5071433,Mr. Monica Edwards,"Kothi 69, Johar Town, Lahore",10302,Residential
85214-4951757-7,MTR6010415,Chaudhry Todd Hodges,"Kothi 220, Johar Town, Islamabad",20149,Commercial
99068-3222286-3,MTR5570417,Jerry A. Jones,"Plot 688, Bahria Town, Lahore",67496,Residential
47041-1561560-7,MTR3344872,Laurie A. Stevens,"Flat 135, Gulberg, Islamabad",30053,Residential
18822-9540760-5,MTR5697626,Mr. Gavin Gray,"Plot 926, Bahria Town, Islamabad",13511,Residential
22299-7035464-2,MTR3555098,K. Patel,"Flat 24, Johar Town, Lahore",67106,Residential
25969-6454978-4,MTR1856232,Larry A. Velasquez,"House 469, Bahria Town, Rawalpindi",23698,Commercial
46052-9445156-1,MTR4015876,Chaudhry John Terry,"Kothi 605, Johar Town, Lahore",303747,Residential
15191-8844748-2,MTR8676351,Mr. Stephanie Michael,"Kothi 230, Model Town, Islamabad",323596,Residential
53389-9903545-4,MTR3034718,Mr. Tyler Harris,"Plot 570, Bahria Town, Islamabad",51124,Residential
85698-1511547-4,MTR8806266,L. Williamson,"Plot 30, Johar Town, Islamabad",79740,Commercial
65562-7281523-2,MTR8752024,Mark A. Walker,"Flat 742, DHA, Lahore",75629,Residential
62447-7548256-9,MTR8020707,J. Rodriguez,"Kothi 232, DHA, Islamabad",43354,Residential
79669-6526837-5,MTR3971084,B. Ortiz,"House 658, Gulberg, Karachi",336601,Commercial
66535-8616337-8,MTR1184294,Gregory Floyd,"Plot 350, Johar Town, Karachi",165989,Residential
24664-7759160-3,MTR2538385,Melissa A. Mason,"Flat 778, Bahria Town, Lahore",92620,Residential
77660-1277330-8,MTR7705604,C. Jackson,"Plot 810, Bahria Town, Islamabad",112681,Commercial
36368-5969919-1,MTR7063388,Brandon A. Robinson,"House 65, Model Town, Karachi",320131,Residential
64776-1218331-9,MTR5172949,Mr. Donna Franklin,"Flat 572, Model Town, Karachi",15543,Residential
84105-6296204-6,MTR4644902,Paul Alvarez,"Flat 108, DHA, Karachi",154415,Commercial
56564-8063523-1,MTR5692921,Natasha Perez,"Kothi 792, DHA, Islamabad",73519,Residential
23985-3581603-6,MTR5990645,Chaudhry Debbie Wright,"Kothi 498, DHA, Islamabad",32584,Residential
51749-8990020-3,MTR6383006,Mallory A. James,"House 541, Johar Town, Islamabad",61409,Commercial
76576-7524770-4,MTR5807831,William Collins,"Flat 258, DHA, Karachi",69942,Residential
46478-9707181-7,MTR1278791,Barbara Garcia,"Kothi 165, Gulberg, Karachi",74973,Residential
28129-1216017-2,MTR4862138,Mr. Alexander Thompson,"Plot 746, Johar Town, Rawalpindi",68991,Residential
13618-1153082-2,MTR3915301,Amanda A. Serrano,"Kothi 800, DHA, Karachi",34093,Residential
85082-9962101-2,MTR4960737,Chaudhry Jane Fitzpatrick,"Flat 347, Johar Town, Rawalpindi",79678,Residential
73508-4451412-1,MTR3248343,Kyle A. Powell,"Plot 210, Model Town, Rawalpindi",59162,Commercial
23633-2645161-3,MTR2013819,Eric Horton,"Plot 451, Gulberg, Rawalpindi",72164,Residential
18854-1902061-8,MTR6908797,K. Smith,"Plot 410, Bahria Town, Rawalpindi",23444,Commercial
71828-3378606-2,MTR4171398,Mr. Amber Luna,"Kothi 614, Gulberg, Lahore",28312,Commercial
41273-4837270-1,MTR3841695,Chaudhry Jessica Steele,"Kothi 580, Bahria Town, Lahore",99587,Commercial
41800-2573656-4,MTR7551648,Mr. Carmen Glenn,"House 39, Gulberg, Lahore",65259,Commercial
62688-5034095-4,MTR7344817,Elizabeth A. Bailey,"House 953, Johar Town, Rawalpindi",53447,Residential
44466-1693289-3,MTR8420107,Lauren Wise,"Kothi 19, Gulberg, Lahore",78267,Commercial
22658-4136290-3,MTR5776157,K. Martinez,"Plot 631, Johar Town, Islamabad",29026,Residential
23866-9553183-7,MTR3257816,Brian Jenkins,"House 74, DHA, Lahore",18535,Commercial
75860-2302273-1,MTR8539709,Sean A. Wyatt,"Flat 469, Gulberg, Lahore",25648,Residential
83387-4498615-1,MTR7627069,Mr. Erica Palmer,"Plot 850, Johar Town, Rawalpindi",12648,Residential
37362-3049397-4,MTR4546827,James Doyle,"Kothi 114, Johar Town, Lahore",77471,Residential
81580-9718610-6,MTR9101376,Chaudhry Susan Horn,"House 90, Bahria Town, Lahore",137838,Residential
21768-7167093-5,MTR7490159,Chaudhry Jamie Jones,"Flat 317, Model Town, Karachi",26778,Residential
74767-6617915-4,MTR6468723,B. Hayes,"House 81, DHA, Lahore",68776,Residential
24898-4588346-9,MTR4945937,S. Zamora,"Kothi 467, Gulberg, Karachi",42748,Residential
20460-1361845-1,MTR9512932,Chaudhry Aaron West,"House 687, Bahria Town, Rawalpindi",65223,Residential
17184-4016736-5,MTR5466448,M. Johnson,"Kothi 262, Bahria Town, Islamabad",70082,Commercial
49391-6846586-1,MTR7223189,Mr. Joseph Morrison,"Flat 392, DHA, Karachi",107221,Commercial
68049-3733594-8,MTR8934636,Mr. Mrs. Karen Hoffman,"Flat 281, Bahria Town, Lahore",173943,Residential
64056-1351073-6,MTR1066806,Chaudhry Eric Hickman,"Plot 558, Model Town, Islamabad",69831,Commercial
10226-5006125-6,MTR2182011,Mr. Ryan Mcpherson,"House 545, Bahria Town, Lahore",169076,Commercial
14637-6262521-7,MTR1044078,Elaine Rose,"Flat 376, DHA, Lahore",214882,Commercial
70035-3703043-4,MTR9220826,E. Rodriguez,"House 666, Johar Town, Karachi",53682,Residential
63412-9704500-2,MTR8182993,Chaudhry David Black,"Plot 224, Model Town, Lahore",40709,Commercial
44103-8237492-2,MTR3087985,A. Ruiz,"Plot 626, Gulberg, Karachi",53664,Residential
47264-7558493-4,MTR1208241,Jim Cisneros,"Flat 264, DHA, Lahore",40572,Residential
37422-5354022-3,MTR9335614,Jonathan Edwards,"House 613, DHA, Rawalpindi",37405,Residential
49832-2307646-2,MTR7774676,C. Lyons,"House 549, DHA, Lahore",66245,Residential
57382-2249625-3,MTR6494434,K. Wheeler DDS,"House 740, Gulberg, Islamabad",116488,Residential
68986-3984524-2,MTR9130935,Chaudhry Jesse Palmer,"Flat 311, Gulberg, Rawalpindi",17060,Commercial
32704-8464651-2,MTR3458019,Chaudhry Bryan Gutierrez,"Kothi 351, Model Town, Karachi",199775,Commercial
14023-7509271-4,MTR1704180,Mr. Brian Edwards,"House 876, Bahria Town, Islamabad",93067,Residential
97912-6629503-5,MTR3135688,Jared Perez,"House 866, Bahria Town, Lahore",50612,Residential
21729-3651397-5,MTR6656020,Chaudhry Micheal Williams,"Flat 185, DHA, Karachi",67289,Residential
73096-2629106-1,MTR3904475,Chaudhry Dr. Robert Diaz MD,"Kothi 261, DHA, Karachi",247535,Commercial
18133-2087148-5,MTR6714665,Chaudhry Ariel Hart,"House 275, Bahria Town, Islamabad",20217,Commercial
57662-3958298-3,MTR8699088,Mr. Antonio Johnson,"Flat 807, Model Town, Islamabad",48195,Commercial
58002-3788885-9,MTR5800211,Chaudhry Marcus Evans,"House 894, Bahria Town, Karachi",37145,Commercial
47392-7388309-1,MTR7931964,Chaudhry Kevin Wood,"Plot 665, Bahria Town, Karachi",60876,Residential
60355-7129547-4,MTR2492994,Mr. David Wilson,"Kothi 270, DHA, Lahore",52426,Commercial
23055-7331934-6,MTR1786821,C. Simmons,"Plot 289, DHA, Rawalpindi",280443,Residential
67454-9177681-2,MTR2625585,Chaudhry Denise Tucker,"House 471, Johar Town, Rawalpindi",182054,Residential
22285-7789627-2,MTR5863673,Kara A. Moore,"Kothi 492, Bahria Town, Karachi",116792,Commercial
65814-8386437-1,MTR9330798,Kaitlyn Powers,"House 196, DHA, Islamabad",39794,Residential
57335-8447706-8,MTR4765021,Eric Brown,"Plot 960, Model Town, Lahore",32925,Commercial
19373-9544885-4,MTR1150448,Mr. Denise Ewing,"Kothi 763, Bahria Town, Rawalpindi",143561,Residential
24424-2004976-7,MTR2083415,Chaudhry Michael Harrell,"House 246, Johar Town, Karachi",39869,Commercial
76910-6306167-4,MTR1578225,Mr. Connie Miranda,"House 86, Gulberg, Islamabad",138268,Commercial
71404-8733198-3,MTR7264629,Emily Stevens,"House 827, Gulberg, Islamabad",107826,Residential
22836-4444917-5,MTR6903585,Mr. Vanessa Paul,"Flat 70, DHA, Rawalpindi",215051,Residential
73121-5317123-3,MTR9990853,Heather Byrd,"House 643, Johar Town, Lahore",75467,Commercial
94353-8890385-1,MTR5923706,Mr. Kerri Chen,"Plot 792, Gulberg, Karachi",48882,Residential
95345-7115097-3,MTR1783621,Dennis Landry,"Kothi 823, Model Town, Lahore",168454,Residential
58198-4048885-4,MTR2470904,N. Rose,"House 613, Gulberg, Lahore",77204,Commercial
68901-4640117-1,MTR6380212,Chaudhry Paul Jackson,"Flat 450, Bahria Town, Karachi",287215,Commercial
49904-6268476-4,MTR6010723,Chaudhry Linda Cannon,"House 412, DHA, Karachi",55839,Residential
11652-7038456-8,MTR2851573,Chaudhry Amanda Bennett,"Plot 68, Gulberg, Islamabad",167981,Residential
77063-9256125-4,MTR2876171,K. Hale,"Plot 198, Gulberg, Karachi",48683,Residential
50617-8660114-5,MTR5439889,Mr. Ryan Davis,"Plot 999, Model Town, Lahore",154546,Residential
63343-3978096-6,MTR8249560,R. Wallace,"Kothi 685, DHA, Islamabad",33117,Commercial
31243-5000242-1,MTR1451684,Anthony A. Green,"Plot 623, Model Town, Rawalpindi",71880,Residential
72267-7485214-3,MTR2898001,Tamara Smith,"Flat 247, Johar Town, Lahore",170881,Residential
45899-7979760-3,MTR1983704,Sarah A. Patel,"Plot 535, Bahria Town, Islamabad",162570,Commercial
17461-3814341-4,MTR4503100,Mr. Christine Gonzales,"Kothi 172, DHA, Rawalpindi",290981,Commercial
63599-5247613-4,MTR4412354,Rebecca A. Dawson,"Plot 980, Model Town, Rawalpindi",101681,Commercial
22431-1865547-7,MTR5124914,S. Sanders,"House 991, DHA, Islamabad",65684,Residential
19245-5848106-3,MTR2644901,Tiffany A. Nichols,"Plot 431, DHA, Rawalpindi",37144,Residential
49357-9603402-2,MTR8724617,Mr. Roger Valdez,"Kothi 250, Gulberg, Islamabad",300089,Commercial
78406-4232717-7,MTR9666704,Mr. Jared Marsh DVM,"House 607, Model Town, Rawalpindi",43811,Commercial
33792-5289218-4,MTR1085553,Chaudhry Tanya Roberts,"Kothi 376, Johar Town, Islamabad",47230,Commercial
98788-2231870-1,MTR8621963,Mr. Stephanie Johnson,"Kothi 218, Model Town, Lahore",45133,Residential
68313-8974991-6,MTR5066964,Adrian Johnson,"Plot 477, Model Town, Karachi",78360,Residential
66444-2492340-4,MTR1419468,Ernest A. Hart,"Kothi 411, Bahria Town, Karachi",135704,Residential
58602-7034401-7,MTR1391807,Joshua Eaton,"Kothi 786, Model Town, Karachi",18816,Commercial
39172-4606147-5,MTR8219492,Jennifer A. Lane,"House 37, Johar Town, Karachi",31723,Commercial
63233-8059623-2,MTR3218625,N. Johnson,"Kothi 597, Gulberg, Islamabad",74053,Residential
85623-6967336-6,MTR3529380,Gabriel Schaefer,"Kothi 323, Bahria Town, Rawalpindi",52207,Residential
12308-3700093-7,MTR4837930,D. Powell,"Flat 120, Model Town, Karachi",37819,Residential
93176-5170340-4,MTR6744929,Chaudhry James Davis,"Flat 785, Model Town, Islamabad",16829,Residential
31418-2086005-8,MTR3168644,David A. Martinez,"House 204, DHA, Rawalpindi",22757,Residential
83486-5570755-1,MTR7284870,Tracy Garcia,"House 818, DHA, Karachi",12820,Commercial
21243-5176193-1,MTR9109615,Gerald A. Smith,"Plot 236, Bahria Town, Islamabad",58836,Commercial
40980-1324091-1,MTR9513806,A. Jackson,"House 85, DHA, Karachi",111379,Residential
29479-8883119-6,MTR9387623,Chaudhry Kiara Castillo,"House 535, Model Town, Islamabad",78731,Residential
48242-8002587-8,MTR6086669,Jennifer A. Olson,"Flat 342, DHA, Lahore",63856,Residential
44601-3725620-5,MTR1908489,Chaudhry Matthew Liu,"House 65, Johar Town, Lahore",16866,Commercial
44465-3210650-6,MTR3284478,Chaudhry Anthony Dunn,"Flat 514, Gulberg, Karachi",19735,Residential
34693-1859836-3,MTR6549672,Chaudhry Melinda Craig,"Kothi 395, Model Town, Lahore",156049,Commercial
40069-6224082-2,MTR4000512,Mr. Marie Tucker,"Kothi 97, DHA, Karachi",152045,Residential
35073-8586035-8,MTR6738119,Chaudhry Laura Jones,"Plot 638, DHA, Rawalpindi",238814,Commercial
84059-8306001-3,MTR6260518,Erin A. Davis,"House 198, Johar Town, Karachi",62995,Residential
24142-8672465-4,MTR3230837,M. Becker,"Flat 514, Gulberg, Islamabad",72054,Commercial
17481-1518495-4,MTR2643387,Chaudhry Diana Pugh,"House 227, Johar Town, Islamabad",11246,Commercial
37717-8620890-4,MTR2998084,Mr. Derek Olsen,"Plot 210, Model Town, Islamabad",11106,Residential
27200-3639827-1,MTR2163719,P. Hicks,"Plot 475, Model Town, Islamabad",32779,Residential
61972-6292457-9,MTR5288212,S. Beard,"Flat 57, Johar Town, Islamabad",60950,Commercial
21683-5923472-1,MTR8489944,B. Arroyo,"Flat 527, Bahria Town, Karachi",16553,Commercial
32974-5113305-8,MTR7041482,Melvin A. Donovan,"House 203, Model Town, Lahore",10349,Residential
76427-9745866-6,MTR3742395,M. Martinez,"Kothi 542, Model Town, Lahore",29633,Residential
23921-2175307-7,MTR2904995,Mr. Teresa Osborne,"Kothi 496, DHA, Islamabad",32904,Residential
97625-9616033-4,MTR5683788,Joseph Jordan,"Kothi 326, Gulberg, Rawalpindi",67644,Residential
58715-9975489-8,MTR3798525,Tracy Robinson,"Flat 634, DHA, Lahore",133111,Commercial
69733-2474055-5,MTR5295657,Ana Schmidt,"Plot 39, Johar Town, Karachi",216289,Residential
18283-8815971-1,MTR9915692,Chaudhry Benjamin Clark,"Flat 674, DHA, Islamabad",17473,Residential
67324-9720893-2,MTR7980885,Mr. Mark Nguyen,"Plot 404, DHA, Lahore",178426,Residential
14179-5832341-3,MTR8670887,Mr. Monica Taylor,"House 717, DHA, Islamabad",79212,Commercial
31493-9923054-7,MTR9412154,Mr. Jesse Howard,"Plot 246, Bahria Town, Rawalpindi",127105,Commercial
65808-6671241-6,MTR3275905,Mr. William Thomas,"House 913, Bahria Town, Rawalpindi",84105,Residential
82342-2962617-2,MTR2009919,K. Garcia,"Flat 966, Gulberg, Rawalpindi",65478,Commercial
39684-4103052-5,MTR9918445,Mr. William Mitchell,"Kothi 403, Bahria Town, Karachi",27704,Commercial
35383-9238380-2,MTR6618923,Caleb A. Preston,"Flat 822, Bahria Town, Lahore",67976,Commercial
43443-9603725-8,MTR1177236,Mr. Robert Thomas,"Plot 876, Johar Town, Islamabad",109112,Commercial
51083-3899281-6,MTR2943988,W. Wagner,"Plot 676, Gulberg, Lahore",58983,Commercial
10015-4887531-6,MTR4114794,Jeff Lyons,"House 807, Model Town, Lahore",69015,Commercial
14918-6487171-4,MTR8651962,Mr. Steve Moore,"Flat 839, Model Town, Islamabad",69029,Commercial
49527-7285571-6,MTR9211951,Misty Ross,"Kothi 388, Model Town, Lahore",71143,Residential
39772-1211243-7,MTR4429576,Kelsey A. Tucker,"Plot 837, DHA, Karachi",76642,Residential
29730-6147039-5,MTR2128362,Chaudhry Joe Horton,"Flat 390, Gulberg, Islamabad",34047,Residential
27510-5023186-9,MTR3144139,Mr. Travis Johnson,"Flat 687, DHA, Islamabad",61210,Residential
32630-6363835-3,MTR1572473,Mr. Briana Hernandez,"House 813, Johar Town, Rawalpindi",159275,Residential
54474-8888957-8,MTR8714307,Chaudhry Karen Carter,"Plot 747, Model Town, Islamabad",60818,Residential
42682-2074040-2,MTR5606259,Chaudhry Zachary Rice,"House 335, DHA, Lahore",20392,Commercial
39765-7208047-2,MTR5810447,Mr. Corey White,"House 510, DHA, Karachi",287066,Commercial
70564-7741831-5,MTR9110641,David Harvey,"Kothi 977, Gulberg, Islamabad",23181,Residential
93706-8893240-6,MTR4829479,N. Graves,"Flat 752, Model Town, Islamabad",59457,Residential
85139-2776435-9,MTR1581957,R. Lee,"House 496, Gulberg, Rawalpindi",54855,Residential
11547-4809961-4,MTR2301091,Chaudhry Jose French,"Plot 372, Johar Town, Islamabad",176655,Commercial
96349-3094761-1,MTR2612438,Mr. Mr. Mark Parker DDS,"Kothi 606, Johar Town, Rawalpindi",74955,Residential
13097-3197653-7,MTR3914606,Chaudhry Samuel Mcclure,"House 189, Johar Town, Islamabad",57647,Residential
77527-6982981-2,MTR7588873,N. Estrada,"Plot 813, Johar Town, Lahore",61649,Commercial
38705-7152620-7,MTR8671238,Chaudhry Richard Stewart,"Plot 390, DHA, Rawalpindi",10511,Commercial
36440-6490524-5,MTR1006757,Chaudhry Heather Mcdowell,"Flat 528, Bahria Town, Rawalpindi",39652,Commercial
81679-9393779-1,MTR2565834,V. Lucas,"Plot 620, Gulberg, Karachi",40053,Residential
34031-1294401-9,MTR4978416,Chaudhry Richard Austin,"House 890, Johar Town, Islamabad",60054,Residential
17001-1929868-4,MTR9054691,Jacob A. Reid,"House 923, Johar Town, Karachi",99443,Residential
76951-8757837-3,MTR7783748,Mr. Cassidy Doyle,"Plot 148, Bahria Town, Rawalpindi",178896,Commercial
13986-8111032-3,MTR6946408,N. Weiss,"Flat 619, Model Town, Karachi",82716,Residential
65085-4631155-9,MTR3680242,Chaudhry Samantha Cox,"Kothi 56, DHA, Lahore",13974,Commercial
54591-3775439-4,MTR9433128,Noah A. Schwartz,"Flat 238, Johar Town, Karachi",12753,Commercial
40429-3934067-4,MTR3637143,Chaudhry Lauren Cohen,"House 768, Gulberg, Karachi",36747,Residential
45722-8120431-9,MTR1717582,Chaudhry Ann Dunlap,"House 501, DHA, Rawalpindi",200727,Residential
21316-2168283-9,MTR9876334,Jill A. Schmidt,"Kothi 146, Model Town, Rawalpindi",119123,Commercial
32491-4631390-9,MTR7354826,Jennifer A. Smith,"Flat 419, Bahria Town, Karachi",327707,Residential
39842-3704938-7,MTR9052607,J. Ross,"Flat 634, Gulberg, Islamabad",158782,Residential
50637-3716696-4,MTR8151071,Seth Campbell,"Kothi 88, Bahria Town, Karachi",66949,Residential
87297-6298077-2,MTR9496160,Joshua Williams,"Flat 189, Gulberg, Rawalpindi",36754,Residential
67648-9157896-8,MTR1836073,Sarah Smith,"Flat 483, Johar Town, Karachi",117750,Residential
71843-9539426-3,MTR2631118,Chaudhry Danny Parsons,"Plot 239, DHA, Islamabad",153172,Residential
60258-2168025-7,MTR9872345,Shannon Strickland,"House 363, Gulberg, Islamabad",164925,Residential
56136-7575256-3,MTR1704897,Chaudhry Nicole Quinn,"Kothi 886, Johar Town, Lahore",38927,Residential
15458-8999402-6,MTR2891985,Chaudhry Jacob Lee,"Kothi 975, Gulberg, Islamabad",77008,Commercial
30508-1065787-3,MTR6727348,Chaudhry Emily Elliott,"Flat 695, Gulberg, Islamabad",33541,Commercial
87335-4685578-6,MTR4034247,J. Martinez,"Plot 563, Johar Town, Rawalpindi",36563,Residential
95314-4060374-5,MTR1440080,Mr. Daniel Decker,"House 140, DHA, Islamabad",173973,Commercial
72864-8395616-8,MTR6207788,Chaudhry Timothy Blake,"Flat 373, Johar Town, Lahore",43717,Residential
55854-9924969-6,MTR8062962,Chaudhry Michelle Russell,"Kothi 120, Model Town, Islamabad",23406,Residential
60740-5372177-1,MTR5755288,B. Henry,"Flat 820, Gulberg, Lahore",59564,Commercial
57560-1201275-5,MTR3482060,A. Cook,"Flat 295, Gulberg, Karachi",55659,Commercial
59448-1365053-2,MTR4232747,Mr. Lisa Gay,"Plot 215, DHA, Karachi",36892,Commercial
29253-6219800-4,MTR4901210,B. Macias,"Plot 59, Gulberg, Islamabad",14796,Commercial
25990-2797024-3,MTR6765878,Mr. Theresa Fletcher,"House 792, Bahria Town, Rawalpindi",35559,Residential
35288-1668834-8,MTR8354351,Kenneth A. Goodman,"Kothi 433, DHA, Karachi",30516,Commercial
88248-3119262-5,MTR2162860,Linda A. Paul,"House 87, DHA, Karachi",79472,Residential
26283-1654516-1,MTR2991654,M. Smith,"Flat 726, Bahria Town, Lahore",54405,Commercial
70734-3718398-2,MTR6276846,Mr. Angela Daniel,"Plot 203, Johar Town, Islamabad",32713,Residential
98144-4322425-6,MTR8677467,J. Barron,"House 878, Gulberg, Islamabad",177877,Commercial
61235-7862161-5,MTR8449501,A. Landry,"Kothi 239, Gulberg, Lahore",34648,Residential
98249-3937692-3,MTR7065440,Mr. Jessica Campbell,"Plot 915, Bahria Town, Islamabad",48033,Residential
92055-1988772-8,MTR8480794,C. Brown,"House 802, Gulberg, Lahore",73478,Commercial
69190-8365075-1,MTR5020237,E. Hoffman,"Flat 677, Gulberg, Karachi",270489,Commercial
16306-9666103-3,MTR6904700,Angela Lopez,"Kothi 180, Gulberg, Karachi",51835,Commercial
94690-1077199-9,MTR1873013,B. Johnson,"House 865, Model Town, Rawalpindi",63300,Residential
97728-4171772-7,MTR4509943,Mr. Patrick Smith,"Kothi 342, Gulberg, Karachi",42191,Residential
51464-7318282-4,MTR7187637,Michelle A. Ramsey,"Flat 926, Bahria Town, Lahore",38008,Commercial
86007-6474519-6,MTR4011992,Nicole Rogers,"Flat 821, Johar Town, Islamabad",64716,Commercial
30768-9199735-5,MTR1590297,Mr. Katrina Hansen,"House 504, DHA, Karachi",135320,Commercial
66110-2386059-7,MTR4756535,Michael Ramos,"Flat 601, Johar Town, Rawalpindi",78789,Residential
10572-2464083-3,MTR2433923,Chaudhry Elizabeth Watson,"House 386, Model Town, Lahore",45732,Residential
89448-8304246-8,MTR8438750,Steven A. Cummings,"Flat 84, Gulberg, Islamabad",36388,Commercial
22789-1598709-8,MTR1153011,Chaudhry David Alvarez,"Flat 220, DHA, Islamabad",75826,Residential
46424-7216175-4,MTR1580038,David A. Campbell,"Kothi 788, Johar Town, Islamabad",74021,Commercial
69797-6330063-7,MTR8470473,Matthew Smith,"Kothi 982, DHA, Lahore",11779,Commercial
28991-5952073-1,MTR2405660,Chaudhry Elizabeth Jacobs,"Plot 361, Gulberg, Karachi",62902,Residential
44041-9495695-1,MTR4098628,Chaudhry Riley Bates,"Kothi 490, DHA, Lahore",74981,Commercial
20720-1577315-4,MTR9573624,Rachel A. Nelson,"Kothi 616, Gulberg, Lahore",75915,Residential
48141-6758373-3,MTR8713525,J. Carson,"Plot 661, DHA, Karachi",219959,Commercial
75555-5366723-6,MTR9549752,Rachael A. Vasquez,"Plot 168, Bahria Town, Rawalpindi",87337,Commercial
39338-5197413-5,MTR1227748,C. Lawson,"House 227, Bahria Town, Islamabad",58699,Commercial
18268-7427857-9,MTR2533488,Mr. Kathryn Hale,"Kothi 218, DHA, Rawalpindi",164822,Residential
71558-6247128-1,MTR7467516,Jesse Gordon,"Kothi 238, Gulberg, Rawalpindi",14001,Residential
79471-4287251-5,MTR2560291,Christine A. Miller,"Plot 534, DHA, Islamabad",16563,Residential
63102-3814297-3,MTR3878700,Mr. Alexander Jensen,"Kothi 481, Gulberg, Islamabad",117989,Residential
83822-7168314-2,MTR2831358,Kevin Hill,"Kothi 781, Johar Town, Islamabad",314329,Commercial
31250-6751311-2,MTR8655655,S. Mcgee,"Flat 389, DHA, Karachi",59603,Commercial
75361-5741450-6,MTR3787918,J. White,"Kothi 592, Johar Town, Karachi",15588,Residential
51137-1480897-6,MTR3605284,M. Nguyen,"Plot 470, DHA, Islamabad",51514,Commercial
69670-7198766-6,MTR1798996,Darren A. Harris,"Kothi 973, Bahria Town, Karachi",32618,Commercial
57231-4159777-4,MTR7601340,Spencer Lynch,"Flat 301, Bahria Town, Lahore",58224,Commercial
65114-1165106-4,MTR1711991,Chaudhry Robert White,"House 211, Johar Town, Lahore",62083,Commercial
41097-2851560-5,MTR8025105,Danielle A. Wiley,"House 198, Johar Town, Lahore",71373,Residential
44939-1826122-7,MTR4733809,Chaudhry Melinda Jones,"House 993, Model Town, Islamabad",243877,Residential
84511-1148341-9,MTR4320453,Chaudhry Johnny Palmer,"Kothi 359, Johar Town, Karachi",74414,Commercial
11712-4401230-3,MTR5270669,D. Ward,"Plot 105, Bahria Town, Lahore",45080,Commercial
45055-9649694-6,MTR8391401,S. Moon,"Kothi 415, DHA, Lahore",49036,Commercial
88192-8121213-2,MTR3645739,Chaudhry Michelle Murphy,"Flat 527, Bahria Town, Rawalpindi",38611,Residential
57739-1370361-1,MTR1066697,James Williams,"House 438, Johar Town, Rawalpindi",64349,Commercial
31118-7237727-6,MTR3888848,Daniel Garcia,"Plot 368, Model Town, Islamabad",54388,Commercial
81240-3376720-3,MTR1174202,Chaudhry Brian Ramirez,"Plot 156, Bahria Town, Lahore",27749,Commercial
87140-3093661-3,MTR5260600,Chaudhry Patricia Hall,"Flat 515, Johar Town, Lahore",25238,Residential
83461-9331191-7,MTR2275300,Cassandra A. Robles,"Kothi 557, DHA, Lahore",69932,Residential
40956-8091105-3,MTR3406040,Mr. John Zavala,"Plot 948, DHA, Karachi",148303,Commercial
56846-5051287-2,MTR1073218,J. Baker PhD,"Kothi 604, Gulberg, Rawalpindi",134522,Residential
53977-8992144-1,MTR7034443,H. Simpson,"Plot 999, DHA, Rawalpindi",272860,Residential
75941-5007057-1,MTR6402268,Mr. Karen Turner,"Plot 203, DHA, Islamabad",29507,Commercial
20769-6563923-2,MTR6552044,Michele A. Vargas,"Flat 665, DHA, Rawalpindi",80210,Commercial
50438-2244674-9,MTR1779920,Karina Stephens,"Kothi 251, Bahria Town, Karachi",39284,Residential
50022-8246946-6,MTR7722334,Chaudhry Thomas Harrell,"House 724, Johar Town, Rawalpindi",43351,Commercial
31753-1761954-8,MTR7691956,Laurie A. Banks,"House 868, Bahria Town, Lahore",73580,Residential
47343-9504263-1,MTR1673988,Pamela Fields,"Flat 49, DHA, Karachi",60339,Residential
76930-7785194-3,MTR7449622,Thomas Arroyo,"Plot 686, Bahria Town, Rawalpindi",63318,Commercial
43942-8614597-2,MTR8125498,Michelle A. Juarez,"Plot 925, Gulberg, Lahore",29760,Commercial
39193-7683573-2,MTR6170070,Louis Henry,"Plot 418, DHA, Islamabad",138563,Commercial
57753-6619840-4,MTR3474267,Mr. Beth Sandoval,"Flat 678, Model Town, Karachi",33123,Residential
14967-7723583-7,MTR3231153,Mr. Michael Anderson,"Kothi 71, Bahria Town, Lahore",51811,Residential
19234-1953825-9,MTR5637206,Samantha A. Wang,"Plot 270, DHA, Rawalpindi",32699,Commercial
75837-9194711-5,MTR9225304,Travis Dawson,"Plot 102, Gulberg, Rawalpindi",28432,Commercial
48265-2064723-8,MTR6626940,Brian Wright,"Plot 145, DHA, Rawalpindi",53988,Residential
67321-3131622-1,MTR2499823,Chaudhry Aaron Holt,"Plot 593, DHA, Lahore",66641,Commercial
24796-6402932-4,MTR3132344,Mr. Beth Johnson,"House 227, Johar Town, Islamabad",60536,Commercial
55609-3861310-6,MTR7280709,K. Clements,"Kothi 730, Model Town, Karachi",58800,Residential
67380-8347419-3,MTR5832422,Donna A. Young,"House 136, DHA, Rawalpindi",30035,Commercial
40827-3606788-5,MTR1601553,Mr. Brandy Martinez,"House 118, Gulberg, Lahore",25923,Commercial
98014-4707724-1,MTR5800001,Chaudhry Linda Phillips,"Plot 44, Model Town, Lahore",14940,Residential
50112-6340408-9,MTR3170980,Rachel A. Davis,"Kothi 993, Johar Town, Karachi",75112,Commercial
50784-9702983-4,MTR9426335,Mr. Sean Rice,"Kothi 745, Model Town, Karachi",108826,Residential
58981-6951438-9,MTR7485516,Mr. Daniel Brooks MD,"Plot 635, Model Town, Karachi",30184,Commercial
76045-1375493-7,MTR4705817,Monica A. DDS,"Kothi 681, Johar Town, Karachi",106065,Commercial
15715-9922591-5,MTR4708162,Chaudhry Joyce Bailey,"Flat 122, Gulberg, Islamabad",65552,Residential
77815-8991842-4,MTR1424421,Lisa Lee,"Kothi 558, Model Town, Islamabad",29079,Commercial
62694-1534213-5,MTR6853913,Mr. Aaron Rodriguez,"Kothi 329, Bahria Town, Rawalpindi",88842,Residential
56916-6140451-8,MTR9273595,Chaudhry Harold Bailey,"Flat 89, Model Town, Karachi",17771,Residential
40645-8250667-5,MTR2910371,Justin Gordon,"Flat 711, DHA, Islamabad",65889,Residential
81881-2021242-6,MTR5416034,Jacob A. Berg,"Flat 420, DHA, Rawalpindi",47513,Residential
89736-9804247-5,MTR1538915,Chaudhry Amy Frost,"Plot 349, Model Town, Rawalpindi",68164,Residential
24230-4120906-8,MTR5970649,Joel A. Gray,"House 379, Bahria Town, Islamabad",33604,Residential
73858-1725239-3,MTR1283692,Ronald A. Humphrey,"Flat 870, Gulberg, Rawalpindi",56133,Commercial
47823-8067034-3,MTR3648538,Chaudhry Michael Harrington,"Flat 158, Bahria Town, Karachi",174604,Commercial
56166-5713264-1,MTR9185127,Mr. George Shelton,"Plot 340, DHA, Karachi",175884,Commercial
17064-8167611-7,MTR4406614,Mr. Crystal Evans,"Plot 156, Model Town, Lahore",45000,Commercial
24596-5556914-8,MTR4832667,Mr. Kayla Wolfe,"Kothi 610, Model Town, Lahore",296507,Residential
61374-7544049-3,MTR9973658,J. Jones,"Kothi 801, DHA, Islamabad",40220,Residential
24951-6386583-6,MTR4161189,C. Anderson,"Plot 696, DHA, Karachi",190596,Residential
37112-1341893-4,MTR2326222,Chelsea Simmons,"Flat 101, Bahria Town, Karachi",69262,Commercial
40584-8906930-6,MTR5235471,Mr. Alexander Brady,"House 38, Johar Town, Islamabad",204399,Residential
77636-2510067-9,MTR1618582,Jeffrey Carr,"Kothi 126, Bahria Town, Karachi",113117,Residential
67738-6223196-7,MTR9972349,Chaudhry Jerry Salazar,"Flat 16, Bahria Town, Lahore",67003,Commercial
53506-7701559-4,MTR3230421,Chaudhry Brandy Moses,"Kothi 250, Model Town, Karachi",101571,Residential
59441-1636911-9,MTR7080003,Jason Bernard,"Flat 276, Gulberg, Rawalpindi",54375,Residential
71315-1228442-1,MTR4201518,Mr. Jared Simpson,"Kothi 474, Bahria Town, Karachi",269722,Commercial
88537-8877083-9,MTR2939477,Chaudhry Julie Jacobs,"Kothi 164, DHA, Islamabad",39277,Residential
67727-2525784-5,MTR2066195,Karen Martinez,"Kothi 893, Bahria Town, Lahore",156738,Commercial
18844-2568747-2,MTR4439040,Chaudhry Renee Knight,"Plot 378, DHA, Rawalpindi",68302,Commercial
63784-9519280-8,MTR4458288,Chaudhry Carla Bailey,"Flat 942, Model Town, Islamabad",120740,Commercial
32180-2681216-9,MTR8022198,Chaudhry Heather Stone,"Kothi 117, Model Town, Islamabad",38696,Commercial
80918-4515111-4,MTR4256747,Chaudhry Michael Green,"Kothi 367, Model Town, Islamabad",68240,Commercial
47222-2416912-6,MTR6175946,Shelley Delacruz,"House 375, Johar Town, Islamabad",158706,Commercial
28029-6510260-2,MTR2783338,Anthony A. Miller,"Flat 166, Gulberg, Lahore",24129,Residential
57297-4728772-7,MTR7488593,J. Perez,"House 166, Bahria Town, Rawalpindi",37019,Commercial
57278-7809808-5,MTR9173030,Emily Stevens,"Plot 177, Gulberg, Karachi",28790,Residential
59144-1977245-1,MTR9017642,P. Fowler,"Kothi 225, Model Town, Rawalpindi",53466,Residential
98565-1707612-8,MTR6854234,N. Steele,"Kothi 821, Bahria Town, Karachi",32330,Commercial
18843-3927561-3,MTR8454673,Eduardo Zavala,"Flat 831, Johar Town, Karachi",48579,Commercial
90353-3879701-9,MTR7806463,Angela A. Jones,"Flat 298, Johar Town, Karachi",33123,Commercial
73357-2866768-3,MTR3073008,Tina A. Crawford,"Flat 317, Model Town, Karachi",30593,Commercial
81589-4727706-8,MTR5547829,Mr. Kevin Allen,"Flat 581, Bahria Town, Islamabad",83493,Commercial
74695-8524159-9,MTR6355183,Eric A. Smith,"Plot 842, DHA, Lahore",140924,Commercial
20589-1556898-9,MTR5854330,J. Cook,"Plot 274, DHA, Karachi",27349,Residential
78251-1392024-1,MTR5535109,Chaudhry Kristine Long,"Plot 451, DHA, Rawalpindi",59195,Residential
79826-5003977-3,MTR2238893,Amber Potter,"Plot 322, Model Town, Lahore",65279,Commercial
27261-6646759-6,MTR5077842,Annette Collins,"House 932, DHA, Lahore",38621,Residential
91808-3026855-1,MTR1209419,A. Anderson,"Plot 719, Model Town, Islamabad",31001,Commercial
49414-2465946-4,MTR2967191,Steven Hampton,"Kothi 618, Model Town, Lahore",36205,Residential
17721-5803533-4,MTR3813036,Mr. Michael Lee,"Flat 94, Johar Town, Rawalpindi",76603,Residential
90260-3407615-7,MTR5983516,Chaudhry Teresa Key,"Kothi 386, Gulberg, Karachi",140841,Residential
38895-5717168-5,MTR5899239,Chaudhry Jesse Johnson,"Plot 137, Model Town, Rawalpindi",15087,Residential
15977-4759365-2,MTR6447504,Mr. Sarah Stevens,"Plot 451, Model Town, Rawalpindi",288408,Commercial
76826-6837500-9,MTR1306365,Mr. Kenneth Blake,"Kothi 28, Johar Town, Islamabad",75843,Residential
62586-4518757-3,MTR8568838,Chaudhry Cynthia Cole,"Flat 509, Gulberg, Karachi",53682,Commercial
78766-3585178-7,MTR6440546,Larry Mora,"Plot 484, Johar Town, Karachi",70306,Commercial
35933-5173090-6,MTR3351453,Juan Anderson,"House 271, Model Town, Islamabad",181528,Commercial
93310-3033250-8,MTR5274791,Adam A. Hamilton,"Flat 386, Johar Town, Karachi",65605,Commercial
51381-8337912-1,MTR7353360,Jennifer A. Newton,"Flat 261, Bahria Town, Karachi",68274,Residential
32272-5899933-2,MTR8768719,Chaudhry Robert Schneider,"Kothi 835, Gulberg, Rawalpindi",29031,Residential
98257-8328129-4,MTR1366710,Mr. Christy Carroll,"House 160, Gulberg, Karachi",144417,Commercial
76789-3501611-6,MTR4814079,S. Ward,"Plot 660, Gulberg, Rawalpindi",70204,Residential
46383-3498340-2,MTR4746505,Chaudhry Melissa Valdez,"Plot 740, Johar Town, Karachi",22319,Commercial
31135-8969927-9,MTR1618278,Chaudhry Kaitlyn Wood,"Plot 451, Johar Town, Rawalpindi",63297,Residential
22992-1280547-4,MTR6943478,Chaudhry Jacob Mclaughlin,"Kothi 40, Johar Town, Lahore",63363,Residential
80504-8303857-4,MTR5435424,Aaron A. Bowen,"Flat 646, Johar Town, Karachi",149717,Commercial
85082-3884921-6,MTR4106321,Mr. William Rivera,"Flat 107, Gulberg, Lahore",162264,Residential
94324-3644522-5,MTR4415371,Mark Martin,"Plot 259, Johar Town, Lahore",71702,Residential
17852-1847100-4,MTR4689919,Mr. Holly Cook,"Plot 211, DHA, Islamabad",12820,Residential
43118-2447710-5,MTR6606474,Nicole A. Mccarthy,"Kothi 187, Model Town, Lahore",262411,Commercial
49337-8742753-4,MTR5082529,Mr. Joseph Preston,"Flat 249, Gulberg, Lahore",48836,Residential
39289-1138614-2,MTR6028044,Mr. Dr. Matthew Thomas,"Flat 768, DHA, Rawalpindi",52341,Residential
74265-1387084-4,MTR9744985,Mitchell A. Rogers,"Plot 360, DHA, Islamabad",25960,Commercial
60884-7908022-9,MTR8224437,Donna Hunt,"Kothi 230, Model Town, Rawalpindi",156812,Commercial
19527-9592102-8,MTR7849502,M. Newton,"Kothi 599, Johar Town, Rawalpindi",70047,Commercial
45980-3989111-7,MTR1216280,Erica Morales,"Kothi 217, DHA, Karachi",37254,Commercial
70470-5112275-9,MTR8445724,Mr. Daniel Mercer,"House 82, Model Town, Rawalpindi",103148,Commercial
11166-1222871-5,MTR3284232,E. Cole,"Kothi 648, Bahria Town, Karachi",85480,Residential
71602-3197317-5,MTR2401035,Mr. Sarah Bowen,"Kothi 730, Bahria Town, Karachi",68812,Commercial
94228-7594852-1,MTR9646139,B. Price,"Flat 23, Gulberg, Rawalpindi",10017,Commercial
52597-9721703-4,MTR1118614,John A. Schultz,"Flat 70, Bahria Town, Lahore",178094,Commercial
97863-2325289-5,MTR5603956,Jennifer A. Smith,"House 810, Model Town, Islamabad",57098,Residential
81544-3724283-2,MTR3861230,Daniel Johnson,"House 749, DHA, Islamabad",10539,Residential
13297-7185815-3,MTR6282527,Steven A. Rodriguez,"Kothi 652, Johar Town, Rawalpindi",78874,Commercial
26037-2976217-9,MTR9829737,S. Goodwin,"Kothi 308, Gulberg, Rawalpindi",132452,Residential
60212-2790460-7,MTR2457293,Chaudhry Samuel Heath,"Plot 390, Bahria Town, Islamabad",51469,Commercial
72944-7353722-7,MTR4340268,J. Adams,"Flat 855, DHA, Lahore",56298,Commercial
95416-8532312-5,MTR2602898,S. Murray,"Plot 158, Gulberg, Rawalpindi",69832,Commercial
89895-5633368-6,MTR2412752,B. Moon,"Plot 618, Johar Town, Karachi",35791,Residential
65755-3494386-5,MTR2503340,Mr. Jerry Thomas,"Plot 126, Johar Town, Lahore",61294,Commercial
64556-2371260-1,MTR3004982,Cynthia Anderson,"Kothi 680, Model Town, Rawalpindi",22027,Commercial
18266-2716901-2,MTR5923539,Mr. Kathleen King,"Kothi 309, Johar Town, Lahore",73994,Commercial
59212-7108592-3,MTR3359012,Mrs. Melissa Lopez,"Kothi 91, DHA, Lahore",77233,Commercial
29806-9451828-4,MTR3751196,Garrett Wright,"House 835, DHA, Karachi",194741,Commercial
89215-9684895-2,MTR8333808,Kyle Cross,"Plot 297, Gulberg, Rawalpindi",70377,Commercial
43014-5042995-6,MTR2301958,Mr. David Thomas,"House 577, DHA, Rawalpindi",73189,Residential
50017-1979810-2,MTR9185352,Chaudhry Todd King,"House 439, DHA, Karachi",29691,Residential
87018-5660976-8,MTR2033953,Chaudhry Kerri Carroll,"Flat 192, Johar Town, Rawalpindi",20096,Commercial
12803-5725096-8,MTR5811490,D. Martinez,"Flat 307, Johar Town, Islamabad",169025,Commercial
93683-9542035-2,MTR4336371,Chaudhry Mary Chavez,"House 821, Johar Town, Rawalpindi",11013,Commercial
54619-4839866-6,MTR7058138,Amy Powell,"House 325, Johar Town, Islamabad",13499,Residential
50378-7272462-4,MTR9208271,Chaudhry Michele Davis,"Kothi 936, Johar Town, Islamabad",174984,Commercial
87999-5043828-7,MTR3478102,Mr. Dennis Wallace,"Kothi 264, Johar Town, Karachi",25321,Commercial
27683-3147454-9,MTR4478680,K. Faulkner,"House 82, Model Town, Karachi",34739,Commercial
57233-5347195-4,MTR8001869,Crystal A. Randall,"Kothi 474, Bahria Town, Lahore",38659,Commercial
49368-2753042-3,MTR6687399,William A. Lee,"Kothi 658, Johar Town, Rawalpindi",108074,Commercial
15652-4206164-7,MTR4992192,Mr. Mrs. Yvette Jacobs,"Kothi 702, Gulberg, Karachi",172034,Residential
59099-5794459-7,MTR4556419,Chaudhry William Dean,"Kothi 528, Gulberg, Karachi",23295,Commercial
61186-3363345-9,MTR1336650,Mr. Emily Richardson MD,"Flat 570, Gulberg, Lahore",71886,Residential
20694-5037515-2,MTR7391103,Tracy A. Walker,"Plot 854, Model Town, Islamabad",49488,Residential
70189-8974321-6,MTR2738087,A. Ingram MD,"Flat 616, Model Town, Karachi",41295,Residential
81551-3965836-3,MTR3646231,Chaudhry Mr. Kyle Sullivan,"House 160, Johar Town, Karachi",106531,Commercial
72706-6646611-2,MTR8683178,M. George,"Plot 147, Johar Town, Karachi",36862,Residential
53134-5841927-5,MTR7306495,Lisa A. Perez,"House 274, Bahria Town, Rawalpindi",101704,Commercial
11584-8307187-4,MTR5446708,Roberto A. Ball,"Kothi 478, DHA, Rawalpindi",142422,Residential
92748-7294180-1,MTR7438115,Valerie A. Orozco,"House 984, Bahria Town, Rawalpindi",74064,Commercial
43159-5034844-1,MTR6771878,Mr. Rebecca Christian,"House 474, Gulberg, Lahore",23788,Commercial
42266-8523023-5,MTR6529414,Dominique Schultz,"Plot 994, DHA, Islamabad",58049,Residential
85222-1534456-2,MTR6606859,Chaudhry Alex Young,"House 644, Johar Town, Rawalpindi",49455,Commercial
82061-3457368-7,MTR3609623,Mr. Kathleen Ramsey,"Plot 917, Johar Town, Rawalpindi",262866,Residential
44845-6800235-7,MTR2963575,S. Jones,"Plot 196, DHA, Islamabad",312123,Commercial
88536-8276499-4,MTR1523827,Sydney Beasley,"Flat 581, Model Town, Lahore",123413,Residential
75659-7226096-9,MTR9668094,C. King,"House 40, Model Town, Islamabad",31267,Commercial
94631-5365539-5,MTR5729114,Mr. Jordan Holloway,"Kothi 797, Johar Town, Rawalpindi",152493,Commercial
68913-8747558-8,MTR3351236,Timothy A. White,"Flat 943, DHA, Karachi",53736,Commercial
24858-5164571-3,MTR2415472,James Wall,"Plot 139, Bahria Town, Rawalpindi",79988,Residential
97484-6609266-4,MTR4505393,Mr. Shawn Wood,"Flat 746, Gulberg, Rawalpindi",47728,Residential
16098-3909818-1,MTR8910344,Michael Jarvis,"Plot 457, DHA, Lahore",69033,Commercial
69316-1518114-1,MTR9985198,Victoria A. Joyce,"Kothi 762, Gulberg, Lahore",61679,Residential
64216-4891992-3,MTR1177836,Mr. Charles Davis,"House 601, Gulberg, Karachi",13984,Residential
54483-6114356-8,MTR6947922,R. Martinez,"Kothi 405, DHA, Lahore",36124,Commercial
52337-1625731-7,MTR4502832,Mr. Stephanie Berg,"Plot 227, Model Town, Lahore",71178,Residential
13516-2573252-1,MTR7151140,Chaudhry Dennis Robertson,"Kothi 880, Gulberg, Rawalpindi",45628,Commercial
58971-2655641-7,MTR3541348,Bruce A. Steele,"Flat 13, Gulberg, Islamabad",65428,Residential
63656-2098562-8,MTR2078168,Mr. Jerry Brooks,"Kothi 107, Gulberg, Lahore",64630,Residential
63004-2714250-8,MTR5678675,Chaudhry Jason Montgomery,"Kothi 820, Johar Town, Lahore",61952,Commercial
25177-8879291-5,MTR3214951,Mr. Dustin Shaw,"House 621, Gulberg, Islamabad",76433,Commercial
97605-1046912-8,MTR5297640,Andrew A. Parker,"Plot 360, Johar Town, Rawalpindi",210405,Commercial
59661-2736426-5,MTR1146097,Kenneth Alvarez,"House 340, Model Town, Karachi",32130,Residential
84282-7702709-1,MTR7210932,Chaudhry James Sloan,"Kothi 472, Johar Town, Karachi",20442,Residential
91696-9019698-5,MTR7447223,Chaudhry John Martinez,"House 722, Model Town, Lahore",20824,Residential
29373-6375153-1,MTR3945277,K. Weeks,"Plot 32, Bahria Town, Islamabad",119386,Residential
41207-7395767-4,MTR4048628,Mr. Angela Jones,"Flat 630, Johar Town, Karachi",17183,Commercial
23236-5147367-8,MTR4822386,Mr. Mark Ramirez,"Kothi 975, Model Town, Karachi",111758,Residential
68760-3935625-9,MTR6416121,T. Alvarez,"Flat 958, Model Town, Lahore",33880,Commercial
79189-5541978-8,MTR2493588,Mr. Tiffany Bass,"House 959, DHA, Karachi",16463,Residential
10124-7663670-9,MTR2355194,Dr. Aaron Morgan,"House 335, Model Town, Lahore",70395,Residential
30420-7371036-3,MTR5537968,Kimberly A. Howard,"Flat 555, DHA, Lahore",40595,Residential
70235-9511063-3,MTR8367970,K. Stevens,"Kothi 841, DHA, Karachi",63018,Commercial
30162-6154514-4,MTR8665307,Alex Parker,"House 56, Model Town, Lahore",73680,Commercial
33846-8348865-9,MTR1318488,Mr. Robin Hawkins,"Flat 854, Bahria Town, Karachi",41209,Commercial
51095-7586412-3,MTR8691727,Jeremy Rose,"Kothi 283, Model Town, Karachi",103153,Commercial
27739-7241086-3,MTR6389569,Michael King,"Plot 712, DHA, Lahore",55568,Residential
36436-6138295-1,MTR5529035,Javier A. Rodriguez,"Flat 331, DHA, Islamabad",192583,Residential
98912-8829962-9,MTR1086975,Whitney A. Hernandez,"Plot 454, DHA, Lahore",51741,Commercial
55744-7743905-3,MTR6334377,Chaudhry Joshua Gomez,"Plot 213, DHA, Lahore",36443,Residential
21969-7731553-2,MTR4766445,Mr. Danny Green,"Plot 253, Gulberg, Lahore",58198,Residential
63633-8542832-2,MTR5063600,Kristin Dickerson,"House 407, Model Town, Karachi",136856,Commercial
41726-8308605-6,MTR9319100,Chaudhry Angela Mejia,"Kothi 545, Model Town, Karachi",33154,Residential
60471-2124206-5,MTR1995177,Chaudhry Crystal White,"Kothi 289, Model Town, Lahore",17369,Commercial
38069-8327367-6,MTR2660771,Donald A. Brooks,"Kothi 290, Bahria Town, Rawalpindi",64798,Residential
49804-7372788-2,MTR9870206,Chaudhry Clarence Evans,"House 461, DHA, Rawalpindi",79149,Commercial
66044-5301726-8,MTR1531708,Mr. Haley Cabrera,"Flat 405, DHA, Karachi",282299,Commercial
75795-3626372-9,MTR1223882,Chaudhry Mark Lewis,"Kothi 196, DHA, Rawalpindi",65851,Residential
60119-6753896-7,MTR9935145,Chaudhry Lori Gilbert,"House 571, DHA, Rawalpindi",19818,Commercial
96517-3617435-5,MTR1413520,Mr. Kelsey Smith,"Kothi 528, Bahria Town, Islamabad",177831,Commercial
52531-8482712-8,MTR8281188,J. Wiggins,"Flat 935, Johar Town, Rawalpindi",25002,Commercial
90225-3330989-3,MTR2217038,Wanda Kennedy,"Flat 656, Johar Town, Lahore",38464,Residential
64178-1419648-5,MTR9508830,Chaudhry Lori Dunlap,"Kothi 384, Bahria Town, Rawalpindi",40747,Commercial
12645-8859237-7,MTR9424325,L. Tapia MD,"Plot 715, DHA, Lahore",98489,Commercial
93484-4712513-5,MTR2762714,J. Brown,"Kothi 208, Gulberg, Islamabad",71901,Commercial
85563-8623170-7,MTR6427254,Chaudhry Karen Beck,"Flat 399, DHA, Karachi",79616,Commercial
19020-6175880-9,MTR6743536,Amanda Young,"House 598, Gulberg, Rawalpindi",53339,Residential
96659-6888913-7,MTR3265769,Nicholas A. Hughes,"Plot 246, Johar Town, Rawalpindi",65082,Commercial
53188-5194852-7,MTR8382623,Chaudhry Jamie Rose,"Flat 506, Gulberg, Lahore",95632,Residential
75480-9574209-4,MTR9631272,Lisa Marshall,"House 833, Bahria Town, Lahore",155180,Commercial
55326-6000063-2,MTR2571727,Chaudhry Rose Johnson,"Plot 243, Gulberg, Islamabad",25172,Commercial
67885-7867541-9,MTR1539655,Zachary A. Garcia,"House 44, DHA, Karachi",332856,Residential
97496-4474950-2,MTR3906532,Brenda Garcia,"Kothi 157, Johar Town, Islamabad",49345,Commercial
57378-2122958-3,MTR3534824,Mr. Matthew Tucker,"Flat 671, Gulberg, Karachi",24781,Commercial
26295-1735614-2,MTR6549382,Christopher Morgan,"Kothi 333, DHA, Rawalpindi",28735,Residential
91988-5683836-6,MTR5713378,Bonnie Larson,"Kothi 239, Model Town, Karachi",43217,Commercial
71306-4044047-3,MTR8378985,Chaudhry Jessica Ramirez,"Kothi 969, Model Town, Karachi",10120,Commercial
88097-7588842-9,MTR7388591,Kelsey A. Osborne,"House 196, Model Town, Islamabad",95473,Residential
98103-5588073-9,MTR4604227,Troy Thomas,"Plot 655, DHA, Islamabad",55691,Residential
60313-4869789-6,MTR2523359,Mr. Andrea Berry,"House 10, Gulberg, Rawalpindi",59434,Commercial
92896-7237533-5,MTR4332963,Mr. Melissa Dawson,"Kothi 238, Johar Town, Karachi",32367,Residential
49145-4497037-6,MTR8197043,Mr. Amanda Johnson,"Kothi 587, Model Town, Rawalpindi",39855,Residential
20875-1167124-1,MTR5745297,J. Rogers,"Kothi 646, Model Town, Rawalpindi",66791,Commercial
37293-8302836-9,MTR3982613,J. Lee MD,"Plot 502, DHA, Rawalpindi",24859,Commercial
38588-6472476-8,MTR5562609,Mr. Stacy Robinson,"House 712, Model Town, Islamabad",263376,Commercial
97244-3297365-8,MTR4769477,Chaudhry Jeffery Rice,"Plot 292, Johar Town, Rawalpindi",12961,Commercial
88362-4083894-4,MTR8439065,Mr. Carly Barajas,"Flat 408, Model Town, Lahore",132926,Commercial
22573-5979307-6,MTR5740327,Mr. Patrick Morris,"Plot 592, Bahria Town, Karachi",76739,Commercial
64254-5788336-2,MTR3165942,Chaudhry Jerry Reynolds,"Flat 770, Johar Town, Karachi",71769,Commercial
22639-6090116-5,MTR1298592,Chaudhry Anita Anderson MD,"Kothi 277, Gulberg, Islamabad",48309,Commercial
98951-6764771-5,MTR5668436,Mr. Adam Haney,"House 228, Model Town, Karachi",10549,Residential
52077-4329652-7,MTR4965895,V. Doyle,"Flat 920, Model Town, Lahore",56019,Residential
94822-6183462-5,MTR1965958,Allison A. Cummings,"House 526, Model Town, Karachi",17007,Residential
37801-7128766-2,MTR8030490,Chaudhry Joe Cortez,"Flat 351, DHA, Karachi",21209,Residential
65995-5195626-2,MTR7840719,Chaudhry Cory Perkins,"Kothi 511, Model Town, Islamabad",64681,Residential
78935-9679092-1,MTR8473783,Mr. Brianna Scott,"Flat 431, Johar Town, Islamabad",225868,Residential
83631-4046581-8,MTR2608355,Chaudhry Amy Fleming,"Kothi 338, Bahria Town, Karachi",69194,Commercial
43818-2654733-4,MTR7181264,Anthony A. Kidd,"Plot 909, Bahria Town, Lahore",73150,Residential
35827-9782032-4,MTR8343616,Chaudhry Melissa Wood,"Plot 549, Gulberg, Islamabad",68833,Residential
75316-7265752-1,MTR9913051,Isabel A. Davis,"Plot 682, Bahria Town, Rawalpindi",68135,Commercial
77855-8988948-4,MTR3069294,C. Banks,"House 729, Model Town, Lahore",63455,Residential
21208-5599454-6,MTR7412837,Chaudhry William Schwartz,"House 498, Bahria Town, Karachi",69438,Residential
92754-2615936-9,MTR6844152,M. Khan,"Plot 882, Gulberg, Karachi",78827,Residential
49768-4648457-6,MTR5610163,Chaudhry Laura Norris,"Kothi 81, Gulberg, Islamabad",10724,Residential
62164-4476162-6,MTR9686345,Aaron Lambert,"House 990, Gulberg, Rawalpindi",151635,Residential
36252-4338957-9,MTR1445044,Chaudhry Curtis Ellis,"House 706, Gulberg, Karachi",37854,Residential
88745-2677314-6,MTR3116783,Garrett Stevens,"Plot 105, Bahria Town, Islamabad",66523,Residential
57410-2311615-7,MTR3674713,Chaudhry Sarah Brewer,"House 769, Johar Town, Lahore",23435,Commercial
48937-7449956-8,MTR7985905,Mr. Jason Ruiz,"Kothi 277, Model Town, Islamabad",153874,Residential
81450-1423072-4,MTR5773442,Chaudhry Brian Rodriguez,"Kothi 182, DHA, Karachi",32694,Commercial
55123-8131566-4,MTR2814293,Chaudhry Matthew Burns,"House 980, DHA, Lahore",29755,Residential
89420-3120866-1,MTR1347994,Chaudhry Kristina Garcia,"Kothi 450, Johar Town, Islamabad",114735,Residential
46072-1490241-7,MTR3324782,Jessica A. Smith,"Flat 541, DHA, Islamabad",22721,Commercial
27915-8739445-4,MTR1721198,F. Smith,"Plot 249, Bahria Town, Lahore",65344,Commercial
93345-5523782-3,MTR3319979,M. Mary Hall,"Kothi 424, Model Town, Lahore",178731,Commercial
66982-8031987-1,MTR9512973,Chaudhry Jeffrey Hernandez,"House 511, Johar Town, Lahore",16552,Residential
63110-3282240-8,MTR5155781,Mr. Barry James,"Kothi 180, Bahria Town, Rawalpindi",77497,Commercial
27230-9448520-7,MTR8587157,Y. Romero,"Flat 273, DHA, Karachi",60164,Commercial
25107-8713710-6,MTR5495352,T. Thomas,"House 912, Johar Town, Karachi",19165,Residential
77864-4610446-3,MTR7349881,Mr. Traci Fuller,"House 95, Model Town, Karachi",28150,Commercial
51048-4833829-2,MTR3327414,Claudia Arnold,"House 429, Bahria Town, Lahore",61650,Residential
22134-9012015-8,MTR2959581,Mr. Emily Becker,"Plot 777, Gulberg, Islamabad",142493,Residential
92969-4457109-3,MTR2689431,Diana A. Simmons,"Kothi 795, Gulberg, Karachi",37669,Commercial
15562-6772780-9,MTR8104876,Chaudhry Jerry Robinson,"Plot 824, Model Town, Lahore",90590,Commercial
37546-8396913-2,MTR9790915,M. Anderson,"House 742, Model Town, Karachi",12170,Residential
99659-1798474-5,MTR7345420,Angelica A. Hopkins,"House 506, Johar Town, Rawalpindi",51942,Residential
85049-1899332-3,MTR5016312,Stephanie A. Marshall,"Flat 437, Gulberg, Lahore",50809,Residential
66658-5029188-9,MTR3711390,Mr. Edward Davis,"Flat 530, Gulberg, Karachi",50378,Commercial
65947-5382760-6,MTR6255776,Chaudhry Patrick Diaz,"Flat 996, Johar Town, Lahore",23051,Residential
67750-1284035-6,MTR8284665,Norma Smith,"House 405, Gulberg, Rawalpindi",48574,Residential
32937-3011875-6,MTR2433684,M. Moore,"House 245, Johar Town, Lahore",44529,Residential
29835-1861728-5,MTR5499993,Mr. Valerie Williams,"Kothi 690, Model Town, Lahore",51097,Residential
40827-5044365-8,MTR9661414,Ian A. Wade,"Flat 846, Gulberg, Rawalpindi",55054,Residential
60784-2958130-4,MTR1256651,Chaudhry Ryan Davis,"Plot 818, Model Town, Lahore",174483,Commercial
55812-8704616-3,MTR1103435,Chaudhry Justin Montgomery,"House 435, Bahria Town, Lahore",77981,Residential
68337-8943802-3,MTR4220269,Debra A. Wright,"House 713, Johar Town, Lahore",273152,Residential
65173-7860605-4,MTR5750666,Eugene A. Cardenas,"House 602, Bahria Town, Rawalpindi",10868,Commercial
54907-4646741-6,MTR8207044,David A. Andrade,"House 451, Johar Town, Karachi",71374,Commercial
77883-6547288-2,MTR2586932,Chaudhry Victoria Wallace,"Flat 893, Johar Town, Lahore",57298,Residential
24520-5201445-7,MTR7310063,Angela A. Davidson,"Plot 654, Johar Town, Islamabad",43293,Commercial
14445-8515110-2,MTR7654088,Nicole A. Chavez,"Flat 574, Bahria Town, Karachi",40282,Commercial
50121-9989336-3,MTR8422511,Diana A. Morris,"Flat 261, Johar Town, Islamabad",11574,Commercial
68544-3617693-5,MTR1419107,Benjamin A. Wright,"Flat 719, Gulberg, Karachi",76812,Commercial
89711-3775201-4,MTR8705498,Kayla A. Patrick,"Kothi 135, Bahria Town, Islamabad",184573,Commercial
32731-7628663-5,MTR1425667,Chaudhry Savannah Mccoy,"Kothi 874, Gulberg, Rawalpindi",59983,Residential
30285-7125507-1,MTR8509905,Mr. Nathan Gonzalez,"Kothi 847, Model Town, Karachi",76494,Residential
78858-6595594-4,MTR8170791,S. Freeman,"Kothi 279, Bahria Town, Karachi",68390,Residential
57129-8729902-9,MTR8449051,M. Ponce,"Plot 141, Bahria Town, Islamabad",36571,Residential
99326-5449029-1,MTR8871054,Chaudhry Shannon Mclaughlin,"Kothi 191, DHA, Islamabad",87110,Residential
21983-4550382-2,MTR5651206,D. Sanchez,"Flat 564, Gulberg, Islamabad",26955,Residential
88411-5170369-5,MTR7681452,Chaudhry Michele Johnson,"Flat 807, Model Town, Lahore",69699,Commercial
84166-2904522-1,MTR3084709,Holly A. Jensen,"House 169, Johar Town, Islamabad",16620,Commercial
79247-2310867-7,MTR6695352,Mr. Melissa Roman,"Plot 248, Gulberg, Islamabad",61350,Residential
69557-1771399-5,MTR2325337,Mr. Tammy Martinez,"Flat 869, DHA, Rawalpindi",51326,Residential
95598-6979687-9,MTR4932159,Chris Hawkins,"Flat 727, DHA, Karachi",56492,Residential
89345-6435022-5,MTR4377881,Angel Hale,"Flat 280, Johar Town, Lahore",250291,Commercial
40683-1728003-2,MTR3423700,J. Smith,"Kothi 359, Johar Town, Karachi",79708,Residential
95757-8314959-6,MTR8200517,B. Sanchez,"Flat 254, Bahria Town, Islamabad",43902,Residential
33543-2859602-9,MTR1285695,J. Hamilton,"Plot 32, Bahria Town, Islamabad",153949,Residential
77345-9625275-8,MTR5773420,A. Reynolds,"Plot 567, Gulberg, Rawalpindi",175239,Commercial
31678-1703733-6,MTR7331752,J. Patel,"House 19, Model Town, Karachi",179693,Commercial
13364-2006831-3,MTR8576832,S. Murray,"Plot 312, Model Town, Lahore",70247,Residential
76387-3649269-7,MTR2302982,Chaudhry David Bailey,"Plot 556, Model Town, Islamabad",20600,Residential
33024-3244694-8,MTR5651294,Joe Cardenas,"Plot 457, Gulberg, Karachi",10934,Residential
26633-6083769-7,MTR1111785,T. Esparza,"Plot 565, Model Town, Karachi",11640,Commercial
62920-7204638-2,MTR4586981,Mark Calderon,"Flat 621, Gulberg, Lahore",34897,Residential
80221-2972333-5,MTR9607027,Chaudhry John Harper,"House 156, Model Town, Islamabad",49397,Commercial
63410-1317142-9,MTR9103666,Chaudhry Mary Chen,"House 104, Bahria Town, Rawalpindi",54913,Commercial
44079-6323700-1,MTR4681765,Mr. Rebekah Mitchell,"Plot 767, Model Town, Lahore",75602,Residential
58701-6828919-6,MTR3501407,Mr. Randall Smith,"Plot 947, Gulberg, Rawalpindi",277721,Residential
95534-1733308-6,MTR8240069,Mr. Elizabeth Hernandez,"Flat 329, Johar Town, Lahore",207077,Residential
51230-1932857-6,MTR1542629,Nathan Hughes,"Kothi 701, Model Town, Islamabad",154819,Commercial
68904-5592862-3,MTR1873464,Chaudhry Vanessa Avila,"House 821, Model Town, Lahore",81376,Residential
35570-8223860-1,MTR9055198,Stephen A. Lane,"House 830, Johar Town, Islamabad",34613,Residential
82611-4029829-7,MTR1215998,F. Robinson,"House 137, Bahria Town, Lahore",47190,Commercial
99126-3328020-8,MTR8665472,Matthew A. Combs,"House 954, Bahria Town, Lahore",37148,Residential
39541-1178642-4,MTR5284945,Chaudhry Michelle Garrison,"Plot 387, Johar Town, Karachi",235176,Residential
30480-9849660-7,MTR4142231,Mr. Taylor Zimmerman,"Kothi 829, Model Town, Lahore",44742,Commercial
40416-6301054-5,MTR7182377,Desiree Underwood,"Kothi 947, DHA, Islamabad",39150,Commercial
67170-3119498-8,MTR8274300,Mr. Michelle Pratt,"Plot 577, Johar Town, Islamabad",58482,Residential
95343-1121010-8,MTR7650963,Kevin Neal,"Plot 10, Model Town, Rawalpindi",171004,Residential
62146-7256269-1,MTR4232234,Chaudhry Darryl Alvarez,"Kothi 47, DHA, Rawalpindi",284022,Residential
20006-2483994-7,MTR9895897,Regina A. Collins,"Flat 239, Model Town, Rawalpindi",67046,Commercial
94878-2311435-8,MTR7751634,Chaudhry Kevin Walter,"Kothi 594, Model Town, Islamabad",231802,Commercial
73756-4646425-7,MTR5632104,Marilyn A. Howard,"House 424, DHA, Islamabad",23405,Residential
26535-8088839-4,MTR2235354,Karen A. Avila,"Plot 227, Bahria Town, Karachi",135717,Commercial
54733-1392557-7,MTR3286744,Chaudhry Samuel Galloway,"Flat 294, DHA, Lahore",33398,Residential
79224-8021616-5,MTR1152258,Chaudhry Lindsey Miller,"Kothi 612, Model Town, Karachi",34411,Commercial
71748-8622180-8,MTR3913299,Fred A. Wallace,"Flat 411, DHA, Lahore",61881,Residential
71080-6413938-3,MTR6932212,Mr. Melissa Allen,"House 875, Gulberg, Karachi",48227,Residential
40275-5548735-6,MTR2575811,Chaudhry Eric Rodriguez,"House 337, DHA, Islamabad",53059,Residential
55777-7498855-2,MTR8210475,Mr. Dean Thomas,"Flat 339, Model Town, Islamabad",19703,Residential
28635-3950085-1,MTR5217021,John Briggs,"House 473, Johar Town, Islamabad",171934,Residential
38800-9420056-2,MTR5313608,James Clark,"House 383, Bahria Town, Rawalpindi",45185,Commercial
80106-5328066-6,MTR2183191,Michael Sullivan,"Flat 548, DHA, Lahore",77033,Commercial
79904-5425649-9,MTR7971105,Julie A. Hughes,"Flat 75, Johar Town, Rawalpindi",26425,Residential
85454-5307314-1,MTR9803253,Chaudhry Katherine Mcpherson,"Flat 427, DHA, Islamabad",66334,Commercial
43367-1273245-6,MTR7213439,Kristopher Richardson,"House 596, DHA, Karachi",11905,Commercial
82323-9876934-8,MTR3969630,A. Guzman,"House 609, Model Town, Lahore",24403,Commercial
79780-5274372-6,MTR5489243,Chaudhry Nathaniel Martin,"House 148, DHA, Rawalpindi",35722,Residential
68897-4961230-3,MTR3110897,Eric A. Wright,"Flat 958, Johar Town, Islamabad",47217,Commercial
72166-5208741-7,MTR9985505,Carolyn A. Olson,"Plot 87, DHA, Lahore",47183,Commercial
29177-8371344-6,MTR5651954,Catherine Zavala,"Plot 419, Gulberg, Islamabad",77498,Commercial
66233-4230285-1,MTR2733520,Chaudhry Shannon Smith,"House 845, Johar Town, Karachi",296136,Commercial
26778-5285935-8,MTR3586706,D. Baker,"Plot 732, DHA, Lahore",146800,Residential
88499-7115429-6,MTR7307477,Mr. Shaun Reed,"House 62, Gulberg, Islamabad",66275,Commercial
41083-5054204-2,MTR1750179,D. Medina,"Kothi 215, DHA, Karachi",16288,Residential
24111-4862396-4,MTR3488145,Evan A. Scott,"House 450, Johar Town, Lahore",119478,Commercial
52510-8295896-6,MTR2883724,Joyce Turner,"Kothi 957, Bahria Town, Rawalpindi",242988,Residential
71733-3642476-6,MTR6651785,A. Sanchez,"Kothi 816, Gulberg, Karachi",24842,Residential
80161-2703499-2,MTR7343571,Barbara Austin,"Kothi 575, Gulberg, Lahore",150884,Residential
19604-5033708-6,MTR4235078,Dominique Brown,"Plot 86, Johar Town, Rawalpindi",10595,Residential
71949-8927303-7,MTR1110352,Becky Lucas DDS,"Plot 625, Gulberg, Rawalpindi",24249,Commercial
34391-8778499-5,MTR2050641,Mr. Robert Ray,"House 918, Johar Town, Karachi",65027,Commercial
53064-7248869-4,MTR8113927,M. Anthony Brennan II,"Plot 254, Gulberg, Rawalpindi",67247,Commercial
76002-9297637-7,MTR5229659,James Hickman,"Plot 209, Bahria Town, Islamabad",65073,Commercial
53398-2094744-2,MTR8753838,J. Holloway,"Flat 121, Gulberg, Karachi",45014,Commercial
70594-8862355-1,MTR6352515,Mr. Russell Wolfe,"Kothi 74, Johar Town, Lahore",97537,Residential
78329-8241789-4,MTR3511392,E. Evans,"House 539, Bahria Town, Karachi",52205,Residential
55103-7939153-6,MTR2975675,Christopher A. Simon,"Plot 367, Johar Town, Karachi",47005,Residential
81024-5412524-4,MTR3787721,Dr. A. MD,"House 965, Bahria Town, Islamabad",87091,Residential
75613-1971738-1,MTR6919855,Chaudhry Becky Sanchez,"Flat 15, Johar Town, Lahore",70528,Commercial
13216-7552442-9,MTR7414561,Brittany A. Williams,"Kothi 765, Gulberg, Islamabad",68057,Residential
12168-8574480-3,MTR5052595,Natasha A. Olsen,"House 162, Gulberg, Islamabad",23815,Commercial
84859-5481186-9,MTR1004429,D. York,"Kothi 21, Model Town, Islamabad",53562,Residential
55729-1302558-2,MTR5574227,Bradley Davis,"House 925, Gulberg, Lahore",21145,Commercial
78716-8004531-2,MTR8972625,K. Smith,"Kothi 829, DHA, Lahore",38801,Commercial
45243-1224356-7,MTR8204534,D. Hawkins,"House 899, Johar Town, Karachi",66004,Commercial
61868-4718084-2,MTR1689017,Cindy A. Douglas,"Flat 623, DHA, Rawalpindi",46527,Residential
84440-3774157-9,MTR8092775,Chaudhry Angela Brooks MD,"House 85, Bahria Town, Karachi",64801,Commercial
39657-3923092-6,MTR2253372,Christine A. Matthews,"Flat 401, DHA, Islamabad",69901,Commercial
67003-3149029-9,MTR8586615,Katherine A. Wells,"Kothi 204, Model Town, Lahore",59028,Residential
36541-6646636-7,MTR2970376,Sophia A. Chavez,"Plot 763, Gulberg, Karachi",26021,Commercial
50536-1688821-6,MTR3289790,K. Bowen,"Kothi 588, Bahria Town, Rawalpindi",92955,Commercial
84318-7457375-2,MTR5515747,Mr. David Wolf,"House 100, DHA, Islamabad",50301,Commercial
80960-3068950-8,MTR4852088,Chaudhry Randall Garcia,"House 885, DHA, Lahore",100395,Residential
36990-1616502-3,MTR5746072,Ana A. Young,"Plot 636, Johar Town, Rawalpindi",64578,Residential
61739-5011211-5,MTR7959601,Mr. Cynthia West,"Flat 153, Model Town, Rawalpindi",42662,Residential
32552-8527025-5,MTR3932481,Jessica A. Hamilton,"Kothi 61, Model Town, Karachi",35474,Commercial
80789-4815603-8,MTR4558567,Chaudhry Elizabeth Ortiz,"Flat 932, Johar Town, Islamabad",31596,Commercial
95139-1010293-9,MTR1543068,Christopher Evans,"Plot 76, DHA, Karachi",63608,Residential
96250-3198523-1,MTR3085308,Mr. Michael Jones,"Plot 507, Bahria Town, Lahore",182893,Commercial
81067-5343923-6,MTR3633934,Chaudhry Amber Shaw,"Kothi 839, Bahria Town, Rawalpindi",27828,Commercial
10323-5361819-4,MTR5853508,Jasmine Alvarez,"Flat 139, Gulberg, Islamabad",159339,Residential
57168-6482114-6,MTR6574619,Mr. Mark Sanchez,"Plot 20, Johar Town, Islamabad",26889,Residential
87931-9269473-1,MTR1502001,Amy A. Anderson,"Plot 83, Gulberg, Rawalpindi",79569,Commercial
96104-4444819-8,MTR8310147,Mr. Heather Meadows,"Plot 126, Johar Town, Rawalpindi",251481,Commercial
83564-2968224-1,MTR4369909,Erin Graham,"Flat 189, Johar Town, Karachi",61088,Commercial
92373-7340983-9,MTR5724221,Mark Watts,"House 674, DHA, Karachi",57207,Residential
85225-5988867-2,MTR8842455,Jacob Schwartz,"House 176, Gulberg, Islamabad",32476,Commercial
25215-4360573-7,MTR4717050,Christopher Cruz,"Flat 959, Bahria Town, Islamabad",24542,Residential
63103-2945760-7,MTR1752756,Sharon Gray,"Plot 260, Gulberg, Rawalpindi",77850,Residential
23135-8125682-9,MTR3229419,Mr. Derek Flynn,"Plot 167, Bahria Town, Islamabad",211294,Residential
29668-3383676-9,MTR5504241,Mr. Christopher Nichols,"Plot 506, Johar Town, Karachi",63634,Residential
37107-5056529-3,MTR9599620,Chaudhry Karen Howe,"Plot 401, DHA, Rawalpindi",178880,Commercial
55908-6357012-2,MTR7562661,Benjamin Curtis,"Plot 66, Johar Town, Lahore",69492,Commercial
13490-2576261-2,MTR4454598,Michael Garcia,"House 792, Model Town, Karachi",162379,Commercial
87234-8064493-9,MTR7727254,A. Richardson,"Flat 384, Gulberg, Rawalpindi",70922,Commercial
83449-3722259-9,MTR7047801,Chaudhry Thomas Alexander,"House 994, Model Town, Karachi",16839,Commercial
38367-3759016-7,MTR9636062,David Smith,"Kothi 931, Bahria Town, Rawalpindi",48032,Residential
71520-4710216-2,MTR1866285,E. Owens,"Kothi 806, Gulberg, Rawalpindi",299299,Residential
45172-6060463-7,MTR1272306,Mr. Drew Edwards,"Flat 728, Gulberg, Lahore",39570,Residential
68596-9346730-6,MTR7751698,Zachary Marshall,"House 670, Gulberg, Karachi",78665,Commercial
79790-6172094-5,MTR3404104,P. Galvan,"House 502, Gulberg, Lahore",15920,Residential
19249-3880376-8,MTR9717874,Megan A. Mayer,"Kothi 994, Model Town, Rawalpindi",14400,Commercial
75547-5648391-9,MTR3375290,Justin A. Rogers,"Flat 398, Johar Town, Karachi",32823,Commercial
70112-1308831-9,MTR2389522,Chaudhry John Liu,"House 994, Model Town, Islamabad",56337,Commercial
29698-6901519-6,MTR3683108,Mr. Charles Smith MD,"Flat 761, Gulberg, Rawalpindi",38493,Commercial
89287-1087593-3,MTR5781373,Mr. Ashley Gallagher,"Plot 990, Bahria Town, Islamabad",20423,Commercial
39474-7701358-6,MTR2458004,Christopher A. DVM,"Kothi 134, Johar Town, Rawalpindi",158137,Residential
86551-9713316-1,MTR5334108,Chaudhry Ashley Hall,"Plot 343, DHA, Karachi",29575,Commercial
80038-2118112-5,MTR6659102,Chaudhry Brian Moran,"Flat 427, Gulberg, Islamabad",56438,Residential
59270-9468365-6,MTR4193011,Chaudhry Linda Perez,"Plot 283, Johar Town, Karachi",27424,Commercial
39183-9128494-5,MTR4348502,Miguel Reynolds,"Plot 499, Johar Town, Lahore",21970,Residential
37575-8870711-2,MTR1677137,Chaudhry Clinton Garcia,"Kothi 518, Model Town, Lahore",46255,Commercial
25369-2685992-6,MTR5216441,Mr. Jonathon Garza,"Kothi 834, Bahria Town, Rawalpindi",30367,Commercial
20282-9018783-6,MTR2799215,Chaudhry Andrew Smith,"Flat 873, Bahria Town, Rawalpindi",121846,Residential
26565-1835648-3,MTR3889662,Dana Allen,"Plot 588, Gulberg, Karachi",44311,Commercial
39425-9058073-5,MTR9257845,P. Fields,"Kothi 7, DHA, Rawalpindi",74497,Commercial
44530-4933890-9,MTR8505322,Chaudhry Shaun Pruitt,"Flat 882, DHA, Islamabad",43481,Commercial
87936-1844642-5,MTR6602377,E. Davis,"Plot 934, Bahria Town, Karachi",97303,Commercial
90763-9592853-8,MTR9032212,Chaudhry Lauren Barker,"Plot 482, DHA, Karachi",33335,Commercial
37456-6783304-5,MTR7671109,Chaudhry Miss Tammy Contreras,"Flat 854, DHA, Islamabad",39860,Residential
70795-2156463-4,MTR4519170,Chaudhry William Jones,"Kothi 261, Gulberg, Karachi",106546,Commercial
43636-2902932-3,MTR9044580,Chaudhry Michael Bennett,"Plot 519, Bahria Town, Rawalpindi",47190,Commercial
31890-2756484-6,MTR4485517,Mr. Pamela Miranda,"Kothi 332, Johar Town, Rawalpindi",38840,Commercial
33793-4121249-3,MTR1424326,Mrs. Erica Moore,"Flat 978, Gulberg, Lahore",150877,Commercial
90086-9105796-2,MTR6079186,Chaudhry Sarah Myers,"House 769, DHA, Rawalpindi",48267,Commercial
31006-4747146-2,MTR1955119,Joseph A. Jordan,"Plot 241, DHA, Islamabad",72112,Residential
21305-2277033-7,MTR1001113,Daniel A. Morales,"Flat 101, DHA, Karachi",146659,Residential
80698-9531960-2,MTR3390867,Caleb A. Scott,"Kothi 594, Gulberg, Islamabad",76076,Residential
22287-6496173-2,MTR3606392,Lisa Mullins,"House 410, DHA, Islamabad",55027,Residential
16866-4948728-5,MTR8929654,A. Murphy,"House 993, Model Town, Islamabad",66001,Residential
26304-8930607-4,MTR2612188,Brian A. Sanford,"Kothi 122, Bahria Town, Karachi",35640,Residential
26996-1079628-3,MTR1104839,D. Graham,"House 982, DHA, Lahore",284685,Commercial
33004-5398422-5,MTR4395926,Andrew A. Sanchez,"Plot 888, DHA, Lahore",42561,Residential
54080-5010479-9,MTR7093033,Elizabeth A. Maxwell,"House 186, Johar Town, Karachi",84838,Residential
90447-8068783-9,MTR6098128,Chaudhry Shannon Johnson,"House 117, DHA, Karachi",173687,Residential
33391-1832390-2,MTR4316284,Richard Payne,"House 296, Model Town, Rawalpindi",56496,Residential
81629-7693106-6,MTR9063295,Mr. Ashley Meadows,"Kothi 987, DHA, Karachi",52161,Commercial
19161-8571874-1,MTR9357949,Mr. Autumn Mcgee,"Flat 695, Gulberg, Rawalpindi",31048,Commercial
85680-7390673-7,MTR7717754,Chaudhry Michael Beard,"Plot 54, Johar Town, Islamabad",149628,Residential
86375-8941504-1,MTR6361657,David A. Kim,"Plot 21, Johar Town, Islamabad",25375,Residential
51170-9954783-8,MTR4914479,Mr. Andrea Swanson,"Kothi 934, DHA, Islamabad",78758,Commercial
24998-5294737-3,MTR7579291,Mr. Curtis Carney,"House 546, Bahria Town, Rawalpindi",15187,Residential
75478-5020775-6,MTR4290225,Mr. Miss Jennifer Lee PhD,"Flat 260, Bahria Town, Islamabad",77644,Residential
99062-7228694-4,MTR8307453,Paige A. DDS,"Flat 73, Johar Town, Lahore",40733,Commercial
13418-6031260-6,MTR7279037,Alexander A. Delacruz,"Kothi 270, Model Town, Karachi",79854,Commercial
59550-7123573-4,MTR9383477,Chaudhry Matthew Whitney Jr.,"House 698, Gulberg, Lahore",47749,Residential
25341-4642448-9,MTR1413828,David Martinez,"Flat 879, DHA, Islamabad",61807,Residential
93879-9203736-8,MTR2692847,Joel A. Martinez,"Kothi 481, DHA, Islamabad",65103,Residential
46871-1531228-8,MTR2096300,George A. Tyler,"House 960, Gulberg, Rawalpindi",97271,Residential
10282-6397267-6,MTR8784725,Stacy Ingram,"Plot 89, Johar Town, Lahore",17123,Residential
76744-8980643-6,MTR2101213,Alicia A. Sanders,"Plot 781, Bahria Town, Lahore",62870,Residential
61296-1514110-6,MTR1058870,Chaudhry Andrew Levy,"Kothi 612, DHA, Lahore",176550,Commercial
14692-7425647-8,MTR6517274,Chaudhry Erica Andrews,"House 617, Bahria Town, Lahore",65019,Commercial
55194-3087774-2,MTR2549490,Mr. Christopher Cole,"Plot 198, DHA, Islamabad",23303,Residential
70747-7913553-6,MTR5822897,M. Key,"Plot 187, Johar Town, Islamabad",266001,Residential
10978-2989828-2,MTR1959407,Megan Thompson,"Kothi 898, DHA, Islamabad",83705,Commercial
33814-6569102-3,MTR1942367,B. Miller,"Kothi 728, DHA, Karachi",72529,Residential
28669-2768047-2,MTR5067796,Mr. John Moore,"Kothi 959, Model Town, Rawalpindi",72481,Commercial
20652-6389311-3,MTR9600295,Rebecca A. Wilson,"Plot 505, Johar Town, Islamabad",17213,Commercial
43499-6019120-4,MTR3240152,Craig Jones,"Kothi 578, Model Town, Rawalpindi",80921,Commercial
50256-4832465-3,MTR8572105,Michael A. Salinas,"Plot 304, Gulberg, Islamabad",74018,Residential
96244-7357035-2,MTR8765038,Chaudhry Nicholas Watson,"Flat 490, DHA, Islamabad",40129,Commercial
93442-6128030-2,MTR1165247,Chaudhry Lori Brown,"House 98, Gulberg, Karachi",24067,Residential
52037-1806405-7,MTR1931562,M. Wendy Rowe,"Kothi 821, Bahria Town, Karachi",36527,Residential
19623-8900937-3,MTR4326726,Brian Berg,"Flat 300, DHA, Rawalpindi",19871,Commercial
74549-3156592-7,MTR3889633,Matthew A. Foster,"House 692, Model Town, Rawalpindi",50734,Residential
15170-5304400-9,MTR5658840,Mr. Julie Stafford,"House 670, Model Town, Karachi",98511,Residential
74090-5063175-5,MTR7427230,M. Huerta,"Kothi 825, DHA, Karachi",15404,Residential
89292-5486221-5,MTR8594751,Sean A. Wilcox,"Plot 261, DHA, Rawalpindi",59988,Commercial
58415-7066516-9,MTR1869312,J. Briggs,"House 783, Johar Town, Islamabad",282948,Commercial
74205-8305107-9,MTR4616357,A. Rubio,"Kothi 72, DHA, Islamabad",67774,Commercial
19493-3453872-9,MTR5327474,Chaudhry Andrew Schultz,"House 510, Model Town, Karachi",40550,Commercial
97850-2023064-6,MTR3283503,Chaudhry Kristin Fleming,"House 960, Johar Town, Islamabad",79100,Commercial
46251-9631119-4,MTR5588639,Chaudhry Paula Curtis,"House 102, Model Town, Islamabad",69125,Residential
19770-9415355-2,MTR6264510,Mr. Joshua Williams,"Kothi 781, Bahria Town, Islamabad",18305,Residential
46201-1883648-4,MTR9743842,Mr. Amanda Reyes,"House 698, Bahria Town, Rawalpindi",11152,Residential
65739-6207149-6,MTR1073526,Mr. Michelle Hicks,"Flat 917, Johar Town, Islamabad",38150,Commercial
37701-1146054-9,MTR4508002,Chaudhry Dana Reese,"House 505, DHA, Karachi",49144,Commercial
57694-9395054-8,MTR1451723,Mr. Caitlyn Martin,"House 200, Johar Town, Karachi",18136,Commercial
18065-6343195-9,MTR5434291,Kevin Price,"Plot 134, Model Town, Karachi",43621,Commercial
56367-4152164-9,MTR9028976,E. Lee,"Kothi 845, Johar Town, Karachi",31652,Commercial
54350-2158087-6,MTR8903644,Leslie A. Mata,"Kothi 880, Bahria Town, Islamabad",324456,Commercial
73098-1992093-1,MTR9084328,W. Crawford,"House 475, Model Town, Lahore",102580,Commercial
85821-3940199-6,MTR7226533,C. Robinson,"Kothi 375, DHA, Karachi",33746,Residential
92635-8380686-9,MTR1389330,Mr. Christine Simpson,"Kothi 839, Johar Town, Islamabad",20122,Residential
95702-9815032-8,MTR6528690,J. Lee,"Plot 211, Bahria Town, Lahore",144860,Commercial
63238-8249276-1,MTR8191778,David Thomas,"House 418, Bahria Town, Lahore",121384,Residential
95156-3450504-5,MTR8466957,Jane A. Barber,"Kothi 112, Gulberg, Rawalpindi",43496,Commercial
64826-6483296-7,MTR4052705,Julia A. Torres,"Flat 63, Johar Town, Karachi",11404,Commercial
27375-6894070-4,MTR6328084,E. Wheeler,"Flat 41, Model Town, Islamabad",35425,Commercial
33787-6035234-7,MTR4362370,F. Yates,"Plot 326, Johar Town, Lahore",22709,Residential
46822-9252130-7,MTR5819336,Chaudhry Mr. Michael Shields,"Flat 299, Bahria Town, Rawalpindi",79691,Commercial
86526-6939705-7,MTR8485157,Mr. Autumn Johnson,"Kothi 88, Model Town, Lahore",47916,Commercial
73142-3461205-6,MTR8744628,Mr. Norman Gaines,"Plot 628, Bahria Town, Islamabad",69076,Residential
40647-4925135-4,MTR6835561,Beverly Perez,"Plot 475, Bahria Town, Islamabad",36577,Commercial
20988-2228475-8,MTR5491776,Mr. Robert Brewer,"Kothi 888, Johar Town, Rawalpindi",63921,Commercial
22013-7115773-8,MTR7421790,C. Bailey,"Flat 120, DHA, Lahore",61434,Commercial
62377-2048751-6,MTR5422363,Steven A. Mcgee,"Flat 381, Johar Town, Islamabad",13291,Residential
12731-4521097-3,MTR4775347,Jeffrey Hughes,"House 704, Johar Town, Karachi",14387,Commercial
59108-8647543-3,MTR9159856,Chaudhry Brian Velazquez,"Kothi 26, Bahria Town, Karachi",50218,Residential
59120-5809463-5,MTR4428762,Logan A. Brown,"Flat 447, Bahria Town, Rawalpindi",43826,Residential
86165-3445090-9,MTR3568769,Kristopher Smith,"Kothi 282, Bahria Town, Lahore",14529,Commercial
46838-8191446-5,MTR6568644,Mr. Ann Richardson,"Flat 43, DHA, Karachi",167373,Commercial
94895-3616018-9,MTR8066535,Brandon A. Foley,"Flat 59, DHA, Karachi",30992,Commercial
73793-9774637-4,MTR3486455,M. Mcintyre,"Kothi 190, Johar Town, Islamabad",50690,Residential
35417-1814912-4,MTR3333314,Samuel Davis,"Plot 650, Bahria Town, Lahore",61387,Residential
76966-2378269-9,MTR5079729,Chaudhry Marc Jackson,"Kothi 368, DHA, Rawalpindi",30721,Commercial
51949-7562585-9,MTR1838710,Chaudhry Suzanne Ryan,"House 431, Johar Town, Lahore",92715,Commercial
60635-6823492-1,MTR1778298,Hunter Hoffman,"Flat 963, Bahria Town, Rawalpindi",166856,Residential
89054-1905756-9,MTR6160759,Blake Hodge,"Plot 554, DHA, Karachi",27124,Residential
31324-9476616-1,MTR6842315,Madison A. Warren,"Kothi 23, Bahria Town, Karachi",30941,Residential
95667-2889401-9,MTR1013054,Mr. Erin Torres,"Kothi 535, Bahria Town, Lahore",32430,Residential
63692-9200891-1,MTR1633070,A. Arnold MD,"Plot 856, Gulberg, Lahore",35345,Residential
38413-3047272-7,MTR6395464,Amber Watson,"House 601, Johar Town, Rawalpindi",79344,Residential
38712-1714372-8,MTR1353773,Chad A. Hopkins,"Plot 400, Gulberg, Lahore",176134,Commercial
65939-5955318-8,MTR7468265,Mrs. Jennifer Anderson,"House 407, Model Town, Karachi",57416,Residential
44279-9279343-1,MTR1812542,Chaudhry Elizabeth Dudley,"House 973, Bahria Town, Islamabad",71660,Commercial
79588-1259857-8,MTR1945754,D. Garcia,"Kothi 954, Gulberg, Islamabad",43764,Commercial
66655-4631790-1,MTR4359810,Jerry Adams,"House 247, Gulberg, Lahore",81515,Residential
79495-3139695-2,MTR9635410,Chaudhry Hannah Phillips,"House 904, Johar Town, Karachi",112300,Residential
22107-3248355-6,MTR6763965,Holly Davis,"Kothi 809, Johar Town, Lahore",57502,Commercial
82488-7041217-9,MTR3678482,M. Palmer,"House 553, Gulberg, Rawalpindi",32307,Commercial
34489-7909087-3,MTR6575375,Mr. Sarah Frank,"House 799, Gulberg, Lahore",179958,Residential
81171-9124792-6,MTR7819964,Chaudhry Gary Ramirez,"Flat 100, Johar Town, Lahore",87418,Residential
79081-4076195-6,MTR7889616,A. Bailey,"Kothi 827, Bahria Town, Rawalpindi",30792,Commercial
28970-8873795-3,MTR6860190,Mr. James Daniel,"Plot 344, Johar Town, Karachi",196540,Residential
68826-7961478-5,MTR1984954,Chaudhry Brian Owens,"Kothi 402, DHA, Rawalpindi",53253,Residential
62321-4751718-8,MTR2300291,Kerry A. Johnson,"Kothi 724, Gulberg, Islamabad",38898,Residential
96790-9276682-1,MTR4228621,Casey A. Brown,"Plot 986, Model Town, Islamabad",79766,Commercial
81535-5847280-3,MTR6998589,Chaudhry Jerry Martinez,"Plot 953, DHA, Lahore",59899,Commercial
36922-6973961-3,MTR9800758,M. Jimenez,"House 530, Bahria Town, Lahore",254743,Residential
97245-5556961-9,MTR4491270,Mr. Rachel Valenzuela,"Flat 179, Model Town, Karachi",127769,Residential
68269-4912710-2,MTR3570481,J. Miller,"House 677, Johar Town, Lahore",142321,Residential
94917-2488492-9,MTR2740554,Mr. Alexander Martin,"Kothi 317, Johar Town, Karachi",34236,Commercial
89590-9864556-3,MTR4926176,B. Mitchell,"Kothi 190, DHA, Karachi",22678,Residential
18198-9887376-7,MTR1811075,M. Rodriguez,"House 290, Gulberg, Lahore",45580,Commercial
79219-5658531-2,MTR9074906,Mr. Emma Green,"Kothi 271, Gulberg, Lahore",71811,Commercial
79534-3548008-3,MTR4902528,Curtis A. Smith,"Kothi 859, Bahria Town, Lahore",19106,Commercial
51032-7152978-9,MTR1548983,Mr. Thomas Jones,"House 826, Bahria Town, Karachi",76094,Residential
19633-1586305-1,MTR2539275,D. Sanders,"Plot 199, Model Town, Lahore",45634,Commercial
26243-4567290-6,MTR1621320,Chaudhry Nathan Luna,"Flat 87, Johar Town, Rawalpindi",34112,Residential
27022-6806328-8,MTR4513631,Chaudhry Jessica Pena,"House 505, Johar Town, Lahore",11796,Residential
32433-9296533-2,MTR1581417,C. Clark,"Plot 579, Johar Town, Karachi",65634,Commercial
32273-4640082-6,MTR7072857,Mr. Martin Jones,"House 226, Bahria Town, Islamabad",70853,Commercial
90491-1406488-6,MTR3081227,S. Mosley,"House 787, Model Town, Islamabad",12500,Commercial
21461-7041478-5,MTR7466320,Mr. Karen Lee,"Flat 648, Bahria Town, Rawalpindi",61574,Commercial
87662-5394524-3,MTR7817627,Mr. Larry Roberson,"Plot 308, DHA, Karachi",155710,Commercial
92814-5477291-2,MTR2280817,Chaudhry Joe Hamilton,"Flat 7, Gulberg, Rawalpindi",17875,Residential
83182-2223908-9,MTR2936606,Nicole A. Figueroa,"Plot 266, Johar Town, Islamabad",73849,Commercial
73982-4459051-3,MTR7481726,Michael Obrien,"Plot 478, Johar Town, Islamabad",294035,Residential
10481-5511150-5,MTR4381631,Christopher Hull,"House 995, DHA, Rawalpindi",29422,Residential
71616-5854598-9,MTR7146788,Eric Mccarty,"Kothi 75, Bahria Town, Rawalpindi",45675,Residential
27129-6106309-5,MTR6764454,Mr. Karen Ferguson,"House 881, Gulberg, Lahore",76857,Commercial
19221-5288377-4,MTR4942240,Shannon A. MD,"House 822, Johar Town, Karachi",15632,Commercial
71034-7618838-6,MTR3102359,Andrew A. Christensen,"Plot 753, Johar Town, Rawalpindi",81336,Residential
90991-9368477-9,MTR7884199,T. Phillips,"Plot 976, Model Town, Rawalpindi",53979,Residential
30744-6699711-5,MTR6673935,David Rodriguez,"House 523, Johar Town, Karachi",26812,Residential
97351-9699221-1,MTR6861605,Mr. Cheryl Ray,"Kothi 304, Gulberg, Karachi",87100,Residential
55883-8842879-1,MTR6151145,B. Robinson,"House 293, Model Town, Rawalpindi",264399,Residential
29662-1549542-5,MTR8633575,C. King,"Kothi 889, Bahria Town, Islamabad",143640,Commercial
77519-8295366-6,MTR4804432,Terri A. MD,"Kothi 681, Johar Town, Islamabad",52342,Commercial
99244-1180122-2,MTR4876652,Mr. Jessica Smith,"House 5, Model Town, Rawalpindi",42861,Residential
23856-2310008-4,MTR6310345,M. Murphy,"Plot 772, Model Town, Lahore",51138,Residential
15452-2434408-4,MTR6427744,Mr. John Ryan,"Flat 234, Bahria Town, Islamabad",40607,Commercial
67479-3973910-3,MTR6797343,Dustin Williams,"House 247, Gulberg, Lahore",16386,Residential
11890-1751273-2,MTR9394617,R. Reeves,"Kothi 684, Bahria Town, Islamabad",27806,Residential
26873-6767275-6,MTR6918917,Randy Conner,"House 632, Johar Town, Rawalpindi",67954,Residential
77071-5356508-5,MTR3844043,Mr. Anthony Thompson,"Flat 673, Gulberg, Islamabad",53268,Commercial
95447-3013628-3,MTR8299326,Chaudhry Brian Norris,"House 296, Johar Town, Islamabad",48677,Commercial
56710-2049883-2,MTR9357004,Christine A. Martinez,"Kothi 902, Model Town, Rawalpindi",46634,Commercial
52750-8648164-3,MTR4319531,M. Moran,"Kothi 289, Model Town, Islamabad",21386,Commercial
34174-2887751-9,MTR9055256,Chaudhry Crystal Evans,"House 942, Bahria Town, Karachi",30566,Residential
57220-1275726-9,MTR6451188,Chaudhry George Moody,"Flat 295, Model Town, Rawalpindi",74285,Residential
18718-5188401-4,MTR4526641,Chaudhry Nicole Fisher,"House 616, Model Town, Rawalpindi",59676,Commercial
83972-3593655-2,MTR4437321,Chaudhry Grace Cohen,"Flat 946, DHA, Karachi",34705,Commercial
26022-2730623-1,MTR1399249,Mr. Christina Owens,"Kothi 864, Bahria Town, Islamabad",20310,Commercial
24457-7728087-2,MTR4738665,Chaudhry Karina Levine,"Kothi 48, DHA, Islamabad",73284,Residential
39009-3123606-1,MTR3657356,J. Valentine,"House 435, Bahria Town, Islamabad",12491,Residential
98134-9130267-4,MTR1630408,Andrew A. Bond,"Kothi 489, Bahria Town, Rawalpindi",12956,Commercial
92656-3891102-1,MTR2977737,K. Smith,"Flat 908, Johar Town, Karachi",48430,Residential
87400-9258978-9,MTR6094019,Jerome A. Peck,"Flat 285, Bahria Town, Karachi",255691,Commercial
69998-1082589-7,MTR4689952,John A. Pena,"Plot 215, Johar Town, Lahore",71514,Commercial
70298-9546326-8,MTR1173084,Martha Campbell,"House 529, DHA, Lahore",40130,Commercial
99133-8192450-2,MTR7180928,Vanessa A. Smith,"Flat 421, Model Town, Islamabad",75860,Residential
56419-4608841-8,MTR7999031,Chaudhry Lori Ramirez,"Flat 475, Bahria Town, Islamabad",48595,Commercial
58651-9978817-9,MTR9536414,Chaudhry Trevor Cherry,"Flat 164, Model Town, Rawalpindi",26778,Residential
78471-2843050-6,MTR1144645,Amanda Wilkerson,"Plot 486, Johar Town, Rawalpindi",140922,Residential
67487-6876421-6,MTR2515002,A. Turner,"Kothi 780, Gulberg, Rawalpindi",176378,Commercial
75895-7040808-3,MTR4654448,Chaudhry David Grant,"Flat 144, DHA, Lahore",71463,Residential
36295-6311666-6,MTR1870571,Mr. Cassandra Rodriguez,"Plot 682, Gulberg, Rawalpindi",45538,Commercial
27277-7896308-4,MTR4246725,T. Clark,"Plot 326, DHA, Islamabad",77626,Residential
46240-1400427-4,MTR7706911,Julia Fernandez,"Flat 922, Model Town, Karachi",26634,Residential
63098-3455638-1,MTR8705782,J. Carr,"House 562, Bahria Town, Lahore",179111,Residential
20637-5752682-7,MTR1103040,Diane A. Cabrera,"Plot 634, Johar Town, Lahore",38019,Residential
39887-3645386-3,MTR2015999,Ronald A. Flores,"Plot 248, DHA, Lahore",165806,Residential
82272-2361130-4,MTR8361221,Marcus Shannon,"Plot 873, Bahria Town, Lahore",74122,Residential
21479-5793907-3,MTR7280747,Mr. Maria Owens,"House 164, Bahria Town, Lahore",32369,Residential
59973-6064663-2,MTR1558200,Marie Chavez,"House 558, Model Town, Islamabad",113785,Residential
15521-1634156-2,MTR6490662,Chaudhry Danielle Kidd,"Plot 520, Bahria Town, Rawalpindi",63113,Commercial
46606-4548925-2,MTR4457604,Chaudhry Omar Sanchez,"Plot 129, DHA, Rawalpindi",12606,Residential
43706-3662186-9,MTR6744850,Dana Roman,"House 203, Model Town, Lahore",28080,Residential
72185-7070935-8,MTR2697241,E. Martin,"House 168, Johar Town, Islamabad",23363,Residential
78031-3167262-7,MTR9926776,Matthew A. Bradley,"Kothi 788, Gulberg, Lahore",63797,Commercial
34656-9325667-7,MTR1806356,Mr. Sarah Harrison,"Plot 344, Gulberg, Lahore",74493,Commercial
38989-6232846-4,MTR8878011,A. Nielsen,"Kothi 230, Johar Town, Karachi",52578,Residential
21245-9653158-4,MTR9946906,Mr. Deborah Nichols,"House 800, Gulberg, Rawalpindi",20825,Commercial
32013-9349575-2,MTR8778344,Patricia Decker,"Flat 865, DHA, Lahore",182919,Residential
84762-4066261-7,MTR6760536,Christine A. Bowman,"Flat 680, Bahria Town, Karachi",31607,Residential
28981-3224959-4,MTR2867564,Fernando A. Nguyen,"House 272, Johar Town, Islamabad",303049,Residential
73811-6104736-7,MTR6858263,Chaudhry Anita Brown,"House 306, DHA, Lahore",38709,Residential
91931-6317846-9,MTR7487627,Michael A. Salazar,"House 289, Gulberg, Lahore",120924,Commercial
20110-9550677-2,MTR3787788,Adrienne Long,"Flat 540, Bahria Town, Karachi",22778,Commercial
33210-4683755-7,MTR9344386,J. Barnes,"Plot 725, Model Town, Karachi",66405,Commercial
60013-8161429-1,MTR4539721,J. Smith,"House 429, DHA, Lahore",110303,Residential
25162-3217473-3,MTR5560424,Austin A. Ray,"House 307, Johar Town, Islamabad",24995,Residential
78851-5021428-1,MTR9819965,Chaudhry Shannon White,"House 197, Bahria Town, Rawalpindi",49129,Commercial
15367-2547407-8,MTR3860925,Olivia Donovan,"Flat 817, DHA, Karachi",148531,Residential
20278-2253273-9,MTR5401849,Kevin Miller,"House 797, Gulberg, Lahore",58863,Residential
41522-9649039-6,MTR9285420,Chaudhry Robert Sanford,"Flat 724, DHA, Rawalpindi",108732,Commercial
43629-8325796-5,MTR3102588,Chaudhry Francisco Myers,"Kothi 58, Johar Town, Rawalpindi",179151,Residential
21806-8057639-3,MTR9983456,Jose A. Jackson,"House 409, Johar Town, Islamabad",23562,Residential
62070-1195937-7,MTR1967175,A. Walker,"House 729, Bahria Town, Karachi",38706,Residential
90878-4874888-1,MTR1198903,Chaudhry Charles Stewart,"Plot 986, Bahria Town, Islamabad",46377,Commercial
56150-2993202-1,MTR8803147,Kristen A. Gomez,"House 102, Model Town, Lahore",11958,Commercial
89319-8514063-1,MTR7256906,Chaudhry Shawn Sheppard,"House 194, Model Town, Islamabad",34154,Commercial
29566-1166120-2,MTR2518846,Mr. Kimberly Barton,"House 536, Gulberg, Rawalpindi",73974,Residential
33476-6852477-4,MTR1508849,E. Owens,"Flat 191, Model Town, Rawalpindi",92172,Commercial
64827-8844387-2,MTR2364696,J. Townsend,"Plot 77, Johar Town, Islamabad",46078,Commercial
32752-9016614-6,MTR8345974,Kristie A. Little,"Kothi 577, Gulberg, Rawalpindi",60705,Residential
41947-1083617-5,MTR4852464,Mr. Ruben Hicks,"Plot 849, DHA, Rawalpindi",76357,Commercial
93453-6688333-5,MTR3587744,Carlos A. Rivera,"Kothi 754, Johar Town, Karachi",156887,Residential
79105-6993137-7,MTR8683937,Mr. Stephen Rogers,"Plot 539, Johar Town, Islamabad",50030,Residential
35887-9144406-6,MTR2843048,M. Anthony Shields,"Kothi 639, Model Town, Lahore",135681,Commercial
81938-4558712-3,MTR2497052,Chaudhry Michelle Mccarty,"Kothi 682, DHA, Lahore",36055,Residential
33676-7379392-3,MTR9750976,D. Ruiz,"Kothi 371, DHA, Islamabad",167867,Commercial
39925-4648648-4,MTR9567293,Veronica A. Armstrong,"Flat 948, DHA, Lahore",15782,Commercial
73823-8069310-6,MTR3734652,Steven A. Taylor,"House 716, Model Town, Rawalpindi",314831,Residential
78594-9212253-6,MTR5675560,M. Rodriguez,"Plot 900, Model Town, Karachi",14894,Commercial
40076-6375546-8,MTR8379577,Chaudhry Jeffrey Smith,"Flat 512, DHA, Rawalpindi",158980,Residential
39462-1217180-8,MTR3917507,Kent Johnson,"House 465, Johar Town, Rawalpindi",29373,Commercial
82896-9321610-2,MTR7705125,Eric Thomas,"House 714, Model Town, Karachi",37643,Residential
90614-1714394-7,MTR3741516,Mr. Lauren Thompson,"Plot 280, Gulberg, Islamabad",36022,Residential
33139-3326333-5,MTR5401869,Chaudhry Alicia Mcbride,"Flat 345, Johar Town, Islamabad",64370,Residential
12471-4991869-2,MTR3523763,Chaudhry Steven Jennings,"Flat 696, Model Town, Lahore",56827,Commercial
35619-5135110-1,MTR1482223,Sheila A. Smith,"Kothi 432, Bahria Town, Karachi",78249,Residential
25981-8441656-4,MTR6261397,Mr. Travis Combs,"Kothi 753, Johar Town, Karachi",175452,Commercial
22320-5792360-3,MTR8033358,Chaudhry Emily Hill,"House 740, Gulberg, Lahore",12715,Residential
29923-8519037-4,MTR4302345,Mr. Jack Yates,"Flat 196, Model Town, Rawalpindi",31256,Residential
87985-9696342-4,MTR3063860,Chaudhry Shannon Johnson,"House 323, DHA, Lahore",16531,Commercial
73721-2780393-3,MTR3179411,Chaudhry Heidi Santos,"Plot 442, DHA, Lahore",48056,Residential
97764-5230107-4,MTR8501539,Harold Fisher,"Kothi 998, Model Town, Islamabad",67237,Residential
23562-5604445-6,MTR3235256,S. Simmons,"House 551, DHA, Karachi",22609,Commercial
17916-6998474-4,MTR7813416,Richard A. Oliver,"Plot 81, Johar Town, Islamabad",159596,Commercial
69169-8872823-2,MTR5614788,Michael A. Ray,"House 573, DHA, Islamabad",73530,Commercial
69058-5401124-6,MTR2444435,Chaudhry Brittany Burns,"Flat 634, Johar Town, Rawalpindi",51228,Commercial
43363-8571420-7,MTR4912115,Chaudhry Jenna Gonzalez,"Plot 367, Model Town, Lahore",147394,Commercial
60781-5999666-4,MTR9589388,Lisa Dixon,"Plot 9, Bahria Town, Islamabad",26737,Residential
30266-6533567-8,MTR9545768,S. Hayes,"House 737, Model Town, Karachi",70689,Residential
74172-3183513-7,MTR6436733,Chaudhry Teresa Foster,"Flat 667, Gulberg, Karachi",67673,Commercial
79105-9723521-5,MTR1912223,A. Dawson,"House 62, Johar Town, Lahore",63495,Commercial
61972-8517879-1,MTR8131352,K. Malone,"Plot 133, DHA, Karachi",22195,Residential
82674-5547302-9,MTR2623451,Nicholas A. Mendoza,"Plot 234, Johar Town, Rawalpindi",10379,Residential
10470-9175098-1,MTR7512901,Bryan Buckley,"Kothi 986, Johar Town, Lahore",109919,Residential
62426-9525842-6,MTR5220187,Heidi A. Horne,"Plot 861, Bahria Town, Rawalpindi",29035,Commercial
25260-3582682-2,MTR5527806,Yvonne Santiago,"Flat 275, Gulberg, Rawalpindi",22852,Residential
17219-9787336-4,MTR9835291,Chaudhry Linda Rodriguez,"House 329, Johar Town, Lahore",78502,Residential
54837-6326574-7,MTR3844229,Chaudhry Tara Tucker,"Flat 699, DHA, Islamabad",61748,Residential
31423-9827433-8,MTR4204058,Chaudhry Elizabeth Kim,"Kothi 859, Model Town, Islamabad",13231,Residential
61694-7585406-8,MTR5616543,Mr. Nicholas Watts,"Plot 352, Bahria Town, Lahore",64480,Commercial
29863-7918495-1,MTR2435810,Beth Wall,"Flat 395, Johar Town, Lahore",28802,Commercial
48144-4445628-8,MTR4545318,Chaudhry Charles Howard,"Flat 30, DHA, Karachi",31979,Residential
54206-3485929-3,MTR9496883,Chaudhry Kenneth Wade,"Plot 497, Bahria Town, Islamabad",23372,Commercial
84024-6409399-6,MTR6674278,Mr. Sarah Anderson,"Plot 769, Model Town, Lahore",10769,Residential
64707-9117093-9,MTR8739851,Kristin A. Yates,"Flat 960, Gulberg, Islamabad",68893,Commercial
94225-1351492-4,MTR2163029,Roy Baird,"Kothi 666, Johar Town, Lahore",273298,Commercial
75020-3760354-8,MTR3758545,Becky Decker,"Kothi 740, Gulberg, Islamabad",73072,Commercial
24507-4858819-8,MTR7953337,Mr. Tammy Bailey,"Plot 643, Model Town, Lahore",20138,Commercial
48470-5537776-7,MTR7115525,Tammy A. Hoffman,"Flat 487, Model Town, Lahore",72739,Residential
85771-1762211-6,MTR3240069,Mr. Lynn Guzman,"Plot 405, Bahria Town, Islamabad",51917,Residential
39481-7347711-3,MTR8293891,Angela Castro,"Kothi 861, Model Town, Lahore",104368,Residential
98836-1439146-1,MTR3190579,Mr. Christopher Higgins,"House 447, Model Town, Rawalpindi",46158,Residential
27542-3381802-7,MTR5141586,Robert Olson,"Plot 373, Gulberg, Lahore",96312,Residential
65119-3218426-8,MTR9264735,D. Davila,"Plot 905, DHA, Islamabad",96497,Residential
28367-3786291-3,MTR2530991,Nicholas A. White,"House 781, DHA, Islamabad",21316,Residential
12998-2804541-5,MTR3899344,Sara Watson,"Flat 325, DHA, Islamabad",86247,Commercial
22287-5956179-6,MTR5666386,Chaudhry Amy Moore,"Flat 228, Gulberg, Islamabad",329301,Commercial
38965-4338629-7,MTR9752478,Mr. Janet Cantu,"Kothi 482, Model Town, Karachi",12257,Residential
71500-4703893-2,MTR2227135,Mr. Mark Reed MD,"Kothi 270, Gulberg, Islamabad",63661,Commercial
58999-3373726-9,MTR4234057,Mr. Kathryn Smith,"Kothi 185, DHA, Islamabad",51933,Residential
79059-6201961-6,MTR3284076,Andrew A. Lawrence,"House 160, DHA, Islamabad",61273,Residential
69917-5864072-1,MTR5207200,Chaudhry Anthony Alvarado,"Flat 810, DHA, Islamabad",95707,Commercial
73986-2532126-3,MTR1096723,Melissa Mitchell DDS,"Kothi 773, Johar Town, Karachi",316523,Commercial
65618-9294470-6,MTR6964954,K. Smith,"Kothi 584, Gulberg, Rawalpindi",41453,Residential
53882-4529969-7,MTR4830852,Mr. Barbara Olson,"Kothi 6, DHA, Rawalpindi",74555,Commercial
56046-8271080-1,MTR2436744,R. Walker,"Flat 951, Johar Town, Lahore",53416,Commercial
85001-4592270-6,MTR1680309,Chaudhry Matthew Marshall,"Kothi 737, DHA, Rawalpindi",29009,Commercial
65203-2978396-4,MTR1012093,Mr. Krista Phelps,"Plot 739, Bahria Town, Rawalpindi",212937,Commercial
70607-9631924-6,MTR9124599,Thomas A. Moreno,"Kothi 825, Gulberg, Rawalpindi",43251,Commercial
73768-4988160-3,MTR1330967,Mr. David Good,"Plot 790, DHA, Rawalpindi",65746,Residential
90691-6482446-5,MTR4148771,Eric Dunlap,"Plot 379, Gulberg, Lahore",132945,Commercial
46735-4856980-1,MTR2580518,Amanda Everett,"Flat 918, DHA, Lahore",156347,Residential
94688-4746222-7,MTR6936153,Chaudhry Ann Mcknight,"Kothi 400, Gulberg, Rawalpindi",59437,Residential
42085-7086318-7,MTR4408951,C. Miles,"Flat 376, Model Town, Karachi",184920,Commercial
63998-4432692-1,MTR4825225,Donald Williams,"Plot 82, Johar Town, Islamabad",57150,Commercial
27676-7407462-8,MTR9690507,Brenda A. Thompson,"Plot 783, Model Town, Lahore",48554,Commercial
79498-9399331-8,MTR3142000,K. Taylor,"Plot 4, Model Town, Islamabad",35882,Residential
34201-1806275-9,MTR2774728,Julie A. Diaz,"House 333, Model Town, Islamabad",27297,Residential
34916-7300768-4,MTR2762811,T. Neal,"House 600, DHA, Rawalpindi",78754,Residential
99845-8110324-1,MTR4657503,Paul A. Adkins,"Kothi 632, Johar Town, Rawalpindi",40391,Residential
56183-4974308-7,MTR6725692,Dr. A. DVM,"Plot 10, Johar Town, Karachi",66473,Residential
64023-3211652-8,MTR7666047,Terri Kim,"Plot 319, Bahria Town, Islamabad",44795,Residential
23982-1626274-2,MTR7512604,Christina A. Curtis,"Flat 275, Model Town, Karachi",179006,Commercial
69288-5849084-2,MTR3482366,Samuel A. Eaton,"Flat 78, Model Town, Islamabad",91212,Commercial
97799-9975269-3,MTR7910158,Elizabeth A. Mckenzie,"Flat 45, Gulberg, Rawalpindi",39734,Residential
23758-3245892-1,MTR8137475,Cole Graham,"Flat 685, Model Town, Lahore",59044,Residential
45937-3614998-2,MTR5937334,Chaudhry Alexandra Miles,"Plot 413, Gulberg, Lahore",28260,Residential
21498-6903575-1,MTR2201035,Joshua Gordon,"Kothi 599, Model Town, Rawalpindi",79346,Residential
62125-6049889-7,MTR4982816,Mr. Wendy Shaffer,"Flat 353, Model Town, Rawalpindi",57449,Residential
62690-4523907-2,MTR8441109,Chaudhry Frank Juarez,"Flat 938, Bahria Town, Rawalpindi",76831,Residential
38917-5765305-2,MTR7358355,A. Blake,"Plot 119, Johar Town, Rawalpindi",305725,Commercial
94299-4146176-4,MTR8027986,Mr. Lisa Garcia,"Plot 495, Bahria Town, Islamabad",62738,Commercial
53034-5688704-7,MTR8169615,Mr. Carrie Mason,"Kothi 739, Bahria Town, Rawalpindi",38236,Commercial
91950-9220717-2,MTR9574464,Mr. George Lee,"Kothi 541, Bahria Town, Islamabad",60281,Commercial
78715-9176485-1,MTR3401101,Whitney Holden,"Plot 708, Johar Town, Rawalpindi",25330,Residential
75390-5408483-8,MTR1359576,Kevin A. Mosley,"Flat 292, Johar Town, Lahore",15180,Commercial
42710-9279061-6,MTR7973329,Mr. Jill Rodriguez,"House 971, Johar Town, Lahore",18484,Commercial
25405-2662047-8,MTR6839928,R. Campos,"Kothi 422, DHA, Islamabad",280376,Commercial
36965-2475782-8,MTR7155495,Kathryn A. Herring,"House 839, Model Town, Rawalpindi",78293,Commercial
76171-1875669-9,MTR4525265,K. Humphrey,"House 236, Bahria Town, Rawalpindi",63810,Residential
30835-2514721-2,MTR1804931,Dr. A. MD,"House 758, Bahria Town, Lahore",79714,Residential
19974-6590279-3,MTR8721544,S. Blair,"Kothi 225, DHA, Lahore",35934,Residential
27863-3926068-9,MTR3728415,T. Taylor,"Flat 467, Model Town, Rawalpindi",57369,Residential
76364-1205110-9,MTR7312447,Leslie Miller,"Flat 375, DHA, Lahore",26955,Commercial
10614-3532172-7,MTR7244803,Jimmy A. Abbott,"Plot 475, Bahria Town, Lahore",43773,Commercial
77454-6430804-2,MTR6212253,Mr. Angela Jones,"House 144, Gulberg, Karachi",26650,Commercial
88655-2946619-6,MTR4333229,P. Payne,"Kothi 34, Johar Town, Rawalpindi",214618,Commercial
27390-7371875-1,MTR9271037,Laurie A. Snyder,"Flat 102, DHA, Islamabad",36743,Commercial
36758-9619743-3,MTR6828257,Krista Ramos,"Plot 317, Bahria Town, Islamabad",54678,Residential
96208-4851961-2,MTR6879502,Jill A. Fuller,"Kothi 531, DHA, Islamabad",23354,Residential
47173-5881033-3,MTR8611179,Mr. Carrie Riley,"Kothi 944, Johar Town, Islamabad",172729,Commercial
88140-1795757-5,MTR2219653,Steven Moore,"House 704, Bahria Town, Lahore",42415,Residential
47206-7105058-7,MTR3351060,Erika Pitts,"House 330, Johar Town, Islamabad",154681,Residential
23922-7311448-9,MTR8126380,Nicole A. Perry,"House 746, Gulberg, Lahore",68265,Commercial
62074-3944361-4,MTR4333166,K. Cervantes,"House 408, DHA, Islamabad",68048,Residential
81322-2781449-6,MTR7123942,C. Garrett,"Kothi 426, Bahria Town, Rawalpindi",33824,Residential
12726-4063526-7,MTR2547709,Mr. Stephen Nichols,"Flat 914, Johar Town, Islamabad",121366,Commercial
16031-1392670-5,MTR4914827,Chaudhry Jason Barnes,"House 663, Bahria Town, Islamabad",93542,Residential
26396-9868813-2,MTR2905778,Mr. Courtney Washington,"Flat 173, DHA, Islamabad",306365,Residential
91264-5679971-7,MTR2885538,J. Kaufman,"Kothi 609, Johar Town, Rawalpindi",48452,Commercial
17102-6098171-8,MTR7953886,Catherine A. Williams,"Flat 905, Bahria Town, Lahore",64837,Residential
38915-1538604-7,MTR7892864,Ashley Bailey,"House 155, Model Town, Karachi",51127,Residential
60781-1214877-7,MTR7302734,Mr. Barbara Thompson,"House 458, Johar Town, Lahore",11561,Commercial
99574-2323822-1,MTR3531648,Mr. Amanda Tran MD,"House 735, Model Town, Karachi",158817,Residential
69878-2870668-3,MTR3304067,Jeffery Robinson,"Plot 931, Model Town, Rawalpindi",75976,Residential
99701-9992939-7,MTR7768462,R. Morris,"House 519, Model Town, Rawalpindi",29589,Residential
26936-7138670-2,MTR5774252,Mr. Paige Lee,"Plot 673, Gulberg, Karachi",39850,Residential
82001-8959532-9,MTR9878864,K. Ryan,"House 342, DHA, Karachi",161349,Residential
67212-2798002-3,MTR5329124,Chaudhry Regina Smith,"Plot 204, Johar Town, Rawalpindi",27439,Commercial
90703-4105101-8,MTR4619064,S. Olson,"Kothi 857, Johar Town, Karachi",118853,Residential
53794-7533901-1,MTR6645407,Mr. Jim Carr,"Kothi 538, Johar Town, Rawalpindi",52821,Residential
10347-2784585-8,MTR9575295,T. Petersen,"Flat 413, Gulberg, Rawalpindi",29287,Commercial
16864-8094155-2,MTR8358078,Chaudhry Brian Murphy,"Kothi 778, Model Town, Karachi",20164,Commercial
51615-3382852-2,MTR1928160,Lawrence Salazar,"Flat 326, Model Town, Karachi",148054,Residential
52151-1727632-3,MTR2452047,Michael Henderson,"Kothi 134, Gulberg, Lahore",320653,Commercial
89886-1929392-5,MTR4103834,Richard Garcia,"Kothi 192, Johar Town, Islamabad",20298,Residential
25527-1225695-6,MTR9297332,N. Gonzalez,"House 378, Gulberg, Islamabad",86131,Residential
53552-2577243-3,MTR8577716,Mr. Angel Williamson,"Kothi 815, Model Town, Karachi",123538,Commercial
29039-6853630-1,MTR2038173,Alexander Yang,"Flat 708, Johar Town, Rawalpindi",44889,Residential
25924-9873848-2,MTR2236618,S. Gardner,"Kothi 325, Gulberg, Rawalpindi",43254,Residential
64498-3550832-3,MTR8513743,K. Wheeler,"House 251, Bahria Town, Islamabad",39024,Commercial
51105-2446086-6,MTR6940843,Chaudhry James Fox,"Flat 470, Model Town, Islamabad",74511,Commercial
64568-3201020-3,MTR1763477,Matthew Pearson,"Plot 433, Johar Town, Karachi",291678,Residential
32391-3958990-5,MTR5527264,Amanda Schneider,"House 49, Johar Town, Rawalpindi",51502,Residential
61867-2431760-8,MTR6872214,Mr. Margaret Allen,"Flat 964, DHA, Karachi",175197,Commercial
82622-7016686-3,MTR6048398,A. Stevens,"House 611, Bahria Town, Rawalpindi",72584,Residential
55183-9126496-2,MTR9641728,Gregg A. Walker,"Plot 409, Model Town, Rawalpindi",15747,Commercial
59602-5663314-6,MTR5550720,Chelsea A. Hood,"Flat 102, Model Town, Lahore",72734,Commercial
87728-1167974-7,MTR9540329,Mr. Christopher Morgan,"Kothi 632, Gulberg, Rawalpindi",174077,Commercial
68031-2657786-2,MTR5245889,Mr. Ariel Mclean,"House 345, Model Town, Karachi",69455,Residential
28863-2075379-7,MTR2369237,Mr. John Fischer,"House 231, DHA, Karachi",66324,Residential
66176-4620296-1,MTR9152911,Chad Farmer,"Plot 12, Johar Town, Islamabad",44083,Residential
38059-5303396-8,MTR4365083,Andrea Thompson,"Kothi 177, Gulberg, Karachi",70487,Commercial
47346-6958044-8,MTR4156009,Mr. Juan Johnston,"Plot 779, Gulberg, Islamabad",11596,Residential
76138-4068470-1,MTR4403248,Heather A. Ward,"Plot 358, Johar Town, Lahore",45032,Commercial
40369-7503890-8,MTR1254980,Krista Lopez,"House 374, DHA, Karachi",69433,Commercial
30431-2099141-5,MTR4790676,Teresa Yates,"Plot 98, Johar Town, Karachi",37653,Commercial
63671-4385263-6,MTR7010656,Teresa A. Le,"House 323, Bahria Town, Lahore",47668,Residential
88487-6862338-7,MTR8054739,C. Martin,"Kothi 332, Johar Town, Karachi",70289,Commercial
49837-3695576-7,MTR5546594,Chaudhry Deborah Patterson,"Flat 688, Gulberg, Rawalpindi",11626,Residential
24354-6523272-8,MTR6704837,J. Richardson,"House 305, Gulberg, Karachi",65496,Residential
65123-5514861-9,MTR7031555,Mr. Sharon Gutierrez,"Kothi 730, Gulberg, Rawalpindi",273630,Residential
64238-2097432-6,MTR9130694,S. Pierce,"Plot 263, Gulberg, Rawalpindi",45179,Residential
68095-8451638-1,MTR5463707,Chaudhry Miss Heather Richardson PhD,"Plot 25, Gulberg, Rawalpindi",132472,Residential
50595-9956076-9,MTR1963959,Randy A. Kennedy,"House 314, Gulberg, Rawalpindi",57314,Residential
17063-1667160-3,MTR1936754,Chaudhry Rebekah Gibson,"Plot 107, Johar Town, Islamabad",160585,Commercial
77907-7405204-8,MTR1900501,T. Bowman,"Flat 451, Bahria Town, Rawalpindi",65930,Residential
97447-2354075-1,MTR2053110,Mr. Kristina Ochoa,"Kothi 109, Bahria Town, Lahore",35630,Commercial
46884-1065255-6,MTR3720696,Diana Tate,"Kothi 923, Model Town, Lahore",34295,Commercial
23468-2559795-5,MTR5359798,C. Roman,"Flat 69, Gulberg, Rawalpindi",77167,Residential
23029-9049582-5,MTR5867269,Lisa Henderson,"House 215, Model Town, Karachi",46793,Commercial
47090-8286026-7,MTR5357978,Chaudhry Heather Singh PhD,"House 42, Bahria Town, Lahore",331112,Commercial
37631-7999212-6,MTR4209373,L. Estrada,"Flat 43, Johar Town, Islamabad",37110,Commercial
55317-7876890-7,MTR6239941,Mr. Christine Torres,"Flat 353, Bahria Town, Rawalpindi",121232,Residential
53877-3833485-8,MTR8366534,Dana A. Hicks,"Flat 536, Model Town, Karachi",225854,Commercial
66258-8472075-5,MTR1913192,Mr. Laura Walker,"Flat 522, Bahria Town, Rawalpindi",40843,Commercial
54709-4373246-9,MTR2399215,J. Harrell,"House 954, Bahria Town, Karachi",64510,Commercial
84247-7633004-3,MTR6025222,James A. Clark,"Plot 93, DHA, Islamabad",21072,Residential
66905-4911204-9,MTR6286505,Chaudhry Victor Macdonald,"Flat 378, Johar Town, Lahore",15281,Residential
16386-7453754-6,MTR1587159,Chaudhry Julie Howard PhD,"House 928, Gulberg, Rawalpindi",31843,Commercial
88456-9399267-5,MTR2722462,E. Day,"House 378, Bahria Town, Islamabad",62541,Residential
87942-8817635-7,MTR5152318,Brian Sandoval,"Plot 22, Gulberg, Rawalpindi",52568,Residential
42848-8256556-6,MTR3501129,D. Oconnor,"Flat 622, Gulberg, Rawalpindi",122052,Commercial
10297-2928590-3,MTR8480296,Mr. Christian Armstrong,"House 456, Gulberg, Rawalpindi",11878,Commercial
92429-8406171-5,MTR1430938,B. Warner,"House 951, DHA, Lahore",70679,Commercial
72861-1794868-8,MTR4254676,Christopher Solomon,"Flat 720, Gulberg, Lahore",25046,Commercial
85145-9657072-4,MTR2691235,Thomas A. Jones,"Flat 655, Bahria Town, Rawalpindi",115992,Residential
22269-5964126-2,MTR7672644,Ray A. Beck,"Kothi 297, Bahria Town, Karachi",68003,Residential
13975-5710033-5,MTR5276973,Michael Moyer,"Kothi 834, Bahria Town, Lahore",129015,Commercial
97392-1902581-8,MTR1608178,K. Villegas,"Kothi 110, DHA, Lahore",344786,Commercial
56119-6477866-8,MTR9511383,Adrian A. Martin,"Kothi 612, Bahria Town, Lahore",22181,Commercial
71285-1500533-1,MTR1383715,Mr. Ms. Tina Mckenzie PhD,"Plot 415, Gulberg, Rawalpindi",54226,Commercial
27181-9479896-8,MTR8348212,Monique Perez DDS,"Kothi 339, Bahria Town, Lahore",55491,Commercial
33741-3790998-1,MTR2997513,I. Munoz,"Flat 741, DHA, Lahore",10428,Residential
53508-4096228-9,MTR1347358,Ricky A. Hill,"Kothi 172, DHA, Karachi",65615,Residential
63585-8352216-2,MTR7934233,Michael Brown,"Kothi 110, Bahria Town, Islamabad",42228,Residential
53540-4715892-3,MTR7843059,Chaudhry Jamie Taylor,"Flat 127, Johar Town, Rawalpindi",42501,Commercial
41542-4195555-8,MTR9591244,Mr. Lauren Sims,"House 206, DHA, Karachi",38884,Commercial
38950-1791534-2,MTR3393937,J. Lee,"House 144, Model Town, Rawalpindi",92262,Residential
17823-7467125-9,MTR5006348,K. Payne,"Plot 298, Johar Town, Lahore",28897,Commercial
69438-9588045-2,MTR6470718,Chaudhry Jason Martinez,"Kothi 353, Gulberg, Lahore",76102,Commercial
28335-6060961-9,MTR4042509,Mr. Erica Patrick,"Kothi 529, Bahria Town, Rawalpindi",282966,Residential
32775-9223075-7,MTR4296028,Chaudhry Jerry Crawford MD,"Flat 257, Gulberg, Karachi",61095,Residential
37264-5762876-7,MTR1892017,J. Anthony DDS,"Plot 316, Model Town, Rawalpindi",60206,Residential
56961-8879239-4,MTR6629770,Robert A. Lynch,"Flat 843, Model Town, Islamabad",78378,Commercial
30848-8366915-1,MTR2316100,R. Stewart,"Kothi 537, Johar Town, Karachi",237474,Commercial
99491-5382919-9,MTR6034508,C. Richards,"Kothi 245, DHA, Rawalpindi",25432,Commercial
64035-6824246-6,MTR4502612,Edward Jones,"Plot 552, Gulberg, Lahore",161470,Residential
89267-8242187-5,MTR3127246,Mr. Michele Santos,"Plot 159, Johar Town, Rawalpindi",346000,Commercial
77838-8441782-3,MTR8729443,Chaudhry Maria Turner,"Flat 988, Gulberg, Lahore",171529,Residential
50177-9758069-9,MTR4112948,Mr. Mark Hall,"House 664, Model Town, Karachi",61513,Residential
92441-6997126-7,MTR9393129,Mr. Heather Watson,"Flat 852, Johar Town, Rawalpindi",159462,Commercial
85123-7542920-4,MTR3151675,R. Hardy,"Plot 324, Model Town, Rawalpindi",65617,Commercial
52660-1241332-8,MTR4098723,Hector Johnson,"Kothi 538, Gulberg, Karachi",41245,Residential
12702-2115450-9,MTR2683452,Christopher Bell,"Plot 581, Johar Town, Lahore",292674,Residential
68625-9523801-7,MTR5588188,Anna A. Collins,"Flat 880, Bahria Town, Rawalpindi",214483,Residential
65143-6766074-9,MTR2759099,Gabrielle A. Walker,"Kothi 374, Bahria Town, Rawalpindi",63050,Residential
92204-9674684-1,MTR4413114,Kristie Perez,"Flat 526, Model Town, Rawalpindi",37982,Commercial
86135-4879723-7,MTR5612550,Chaudhry Melinda Luna,"Kothi 958, Johar Town, Lahore",88999,Residential
84118-5066010-4,MTR8622459,Chaudhry Eric Green,"Flat 673, Model Town, Islamabad",58361,Commercial
88059-9880665-1,MTR6556180,Mr. Brian Stewart,"House 861, Bahria Town, Karachi",57755,Residential
50660-6154916-9,MTR3279468,Amanda Miller,"Plot 759, Johar Town, Karachi",75901,Residential
63883-2177344-3,MTR5840680,Jill A. Hughes,"Plot 861, Model Town, Rawalpindi",40965,Commercial
21570-5948097-6,MTR7569071,Caleb A. James,"Plot 150, Gulberg, Karachi",203371,Residential
94837-6043058-4,MTR5473651,Susan A. DDS,"Plot 143, DHA, Karachi",40338,Residential
75742-9082143-4,MTR7825177,Mr. Erik Sanders,"Plot 750, Bahria Town, Rawalpindi",30135,Residential
23621-4659830-6,MTR8673656,John A. Diaz,"Kothi 110, Bahria Town, Islamabad",134785,Residential
74455-4207315-9,MTR3877129,Gabrielle A. Moore,"Plot 185, Gulberg, Rawalpindi",165619,Residential
28933-5824957-4,MTR7827305,Mr. Hannah Hurley,"House 750, DHA, Rawalpindi",22762,Residential
90211-4575023-7,MTR5709662,Chaudhry William Crane,"Kothi 265, Gulberg, Rawalpindi",66293,Residential
73264-4572610-3,MTR1640670,Amanda A. Greene,"House 105, Model Town, Islamabad",17021,Residential
48688-8174668-6,MTR9462671,Chaudhry Emma Moreno,"Kothi 555, Bahria Town, Karachi",48562,Residential
19262-7907587-5,MTR2333999,Anthony A. Ferguson,"Kothi 937, Bahria Town, Karachi",51945,Commercial
16877-4789047-3,MTR6759531,R. Miller,"Kothi 667, Johar Town, Islamabad",331245,Residential
39703-1454862-4,MTR1476285,D. Bowman,"Kothi 428, DHA, Karachi",77081,Commercial
93604-3853292-3,MTR3913419,Kenneth A. Fritz,"Plot 780, Johar Town, Rawalpindi",66134,Commercial
69433-1979536-4,MTR3825898,Jessica Cooke,"Plot 328, Gulberg, Islamabad",49232,Residential
13853-1719523-6,MTR5845552,Daniel Aguilar,"Flat 422, Bahria Town, Lahore",59573,Residential
64776-8263012-3,MTR3424021,Allen A. Williams,"House 895, Bahria Town, Islamabad",80731,Commercial
40042-5128004-3,MTR8857562,Chaudhry Sara Brown,"Kothi 797, Bahria Town, Lahore",347275,Commercial
34381-8320873-7,MTR1247367,Martin A. MD,"Kothi 341, DHA, Karachi",76012,Residential
44400-4625066-5,MTR6576884,Mr. Jason Gonzalez,"Flat 923, DHA, Karachi",65580,Commercial
65419-4002780-5,MTR5878888,Chaudhry Mary Copeland,"Flat 251, Johar Town, Lahore",63520,Residential
77502-9949780-9,MTR3912679,M. Santos,"House 217, Gulberg, Islamabad",68085,Commercial
92958-5234502-3,MTR3477898,William A. Caldwell,"House 805, Gulberg, Islamabad",324122,Residential
65069-3185033-8,MTR9197035,J. Torres,"Flat 709, DHA, Lahore",43589,Residential
97395-7644420-5,MTR7118924,Chaudhry Jason Holland,"Kothi 254, Gulberg, Lahore",76914,Commercial
56098-4702950-8,MTR9375431,Mr. Daniel Bass,"House 313, Johar Town, Lahore",43782,Residential
81036-1729069-2,MTR7588554,R. Carpenter,"Kothi 425, Bahria Town, Rawalpindi",78608,Residential
87750-5890195-6,MTR9941740,Christian Hampton,"Kothi 119, DHA, Rawalpindi",88887,Commercial
44396-6112476-7,MTR6338880,D. Washington,"Plot 618, Gulberg, Lahore",11734,Residential
64971-9692554-6,MTR2943551,Chaudhry Derrick Wagner,"Flat 708, DHA, Rawalpindi",230466,Residential
90934-7952815-4,MTR1353882,Hannah Wolfe,"House 442, Johar Town, Karachi",71539,Residential
99492-4074436-6,MTR5167724,Chaudhry Pamela Grant,"Plot 325, Johar Town, Karachi",60752,Commercial
64096-1947952-7,MTR3278663,C. Bates,"Plot 253, Johar Town, Rawalpindi",159284,Commercial
88931-4011350-4,MTR9697105,David Lewis,"House 354, Johar Town, Islamabad",22594,Residential
94595-7647269-7,MTR8764731,A. Thomas,"Flat 293, Johar Town, Islamabad",10588,Residential
47250-9232475-5,MTR8478527,Debra A. Pineda,"Kothi 308, DHA, Karachi",78193,Residential
67981-1257131-6,MTR7778538,Jeffrey A. Martin,"House 95, Johar Town, Islamabad",51763,Residential
82164-1901605-1,MTR5087404,Lawrence Hernandez,"House 47, Model Town, Islamabad",24729,Residential
76171-2466482-4,MTR3223266,K. Bolton,"Kothi 487, DHA, Islamabad",136073,Commercial
71406-2524290-1,MTR2007061,Chaudhry Stephanie Tran,"House 933, Johar Town, Rawalpindi",78751,Commercial
78879-7276396-6,MTR3932013,Mr. Robyn Davis,"Plot 979, Johar Town, Lahore",66359,Residential
45962-3234000-4,MTR2633752,Julie Beck,"Kothi 472, Johar Town, Islamabad",44186,Commercial
66819-6716183-8,MTR3817546,Mr. Jay Stanley,"Flat 172, Model Town, Islamabad",70122,Residential
87741-5644920-5,MTR3258693,Rebecca Scott,"Plot 918, DHA, Rawalpindi",66977,Commercial
49560-6368708-1,MTR3178602,Jason A. Barnett,"House 614, Gulberg, Islamabad",74664,Commercial
12621-5700731-8,MTR7621804,Chaudhry Vincent Brown,"Flat 693, Model Town, Islamabad",188011,Residential
47493-2796348-6,MTR4310462,Mr. Tracy Mcdonald,"Plot 105, Model Town, Karachi",79765,Residential
84827-7739991-6,MTR6893737,Mr. John Anderson,"Plot 934, Model Town, Lahore",182748,Commercial
11233-1498014-3,MTR5846184,Mark A. Palmer,"Kothi 27, Bahria Town, Rawalpindi",41163,Residential
52727-1252421-9,MTR2837546,A. Greene,"Kothi 222, Gulberg, Rawalpindi",177958,Commercial
31432-1699722-8,MTR6859868,Mr. Ryan Jones,"Flat 85, Johar Town, Karachi",76720,Residential
64237-2411481-3,MTR1855333,Jose Schultz,"Plot 326, Gulberg, Karachi",154395,Residential
54027-6583297-1,MTR7692570,Mr. Jessica Wilson,"Kothi 813, DHA, Karachi",10468,Residential
88592-5484479-6,MTR8405491,Jennifer A. Blake,"Kothi 976, Bahria Town, Rawalpindi",33072,Residential
54358-6343603-6,MTR9810656,Mr. Pamela Clark,"Kothi 692, Bahria Town, Rawalpindi",56999,Commercial
19218-8084416-6,MTR1225729,Matthew A. Ayers,"Flat 239, Johar Town, Lahore",253839,Commercial
19396-1670077-3,MTR1395266,Mr. Marissa Griffith,"Flat 289, Model Town, Islamabad",16799,Commercial
18368-7239392-9,MTR1488637,Ashley Barnett,"Kothi 793, Gulberg, Rawalpindi",50565,Commercial
11519-9074544-9,MTR6080634,Mr. Ashley Reed,"Flat 98, Bahria Town, Karachi",82192,Residential
27395-2498043-2,MTR9611892,Mr. Michelle Mitchell,"Flat 34, DHA, Rawalpindi",54958,Commercial
21362-2923397-4,MTR6248415,T. Smith,"Kothi 298, Johar Town, Lahore",23023,Residential
66388-6120437-2,MTR1956809,K. Carr,"Flat 143, Gulberg, Islamabad",32498,Residential
39366-7116041-1,MTR3146983,Chaudhry Angela Brooks,"Kothi 122, Model Town, Rawalpindi",51394,Residential
16671-7888554-5,MTR1508114,Maria A. Jennings,"Kothi 326, Bahria Town, Rawalpindi",20541,Commercial
51771-2417502-4,MTR3776827,A. Murphy,"Plot 336, DHA, Islamabad",29459,Commercial
91627-3439192-3,MTR9424556,Michael A. Davis,"House 255, Model Town, Islamabad",55437,Residential
86956-7934876-7,MTR9201517,Deborah Espinoza,"House 170, DHA, Karachi",29783,Residential
90779-1972350-9,MTR5113745,S. Jackson,"House 293, Model Town, Lahore",17117,Commercial
64189-6745931-8,MTR5625369,Tom Cook,"Kothi 224, Model Town, Lahore",75204,Residential
92092-5212567-8,MTR5211362,Jessica A. Cherry,"House 600, Gulberg, Islamabad",49029,Commercial
73227-9258329-4,MTR4602013,Chaudhry Andrew Byrd,"Flat 368, Gulberg, Karachi",96295,Commercial
82628-6105347-5,MTR8773169,Chaudhry Steven George,"Plot 661, Gulberg, Rawalpindi",21893,Commercial
32597-8253915-3,MTR2795393,K. Carter,"Flat 810, Gulberg, Lahore",29462,Commercial
23377-4276714-4,MTR7978529,R. Deleon,"House 40, Bahria Town, Rawalpindi",22457,Residential
14955-9429751-7,MTR8075836,Mr. Krystal Chavez,"House 604, DHA, Lahore",68569,Commercial
28042-1901020-9,MTR2898183,Todd Williams,"Flat 724, Johar Town, Rawalpindi",38531,Residential
44034-6677674-3,MTR2259716,Rachel A. Riley,"Kothi 343, DHA, Islamabad",153862,Commercial
46316-4758674-7,MTR4057897,Mr. David Howard,"House 410, Bahria Town, Islamabad",342671,Residential
61079-3798664-1,MTR2845560,Chaudhry Earl Abbott,"House 210, Gulberg, Karachi",166088,Residential
21353-7758007-5,MTR4408451,Caitlin A. Baker,"Kothi 913, Gulberg, Islamabad",62193,Residential
13316-1718636-3,MTR9205815,Kenneth A. Martinez,"Kothi 271, Bahria Town, Lahore",67032,Commercial
39247-9995438-9,MTR9422884,Anthony Atkins,"House 184, Model Town, Karachi",112334,Residential
86257-7980601-4,MTR3212567,Mr. Frank Collins,"Flat 70, Bahria Town, Islamabad",41683,Commercial
97435-6013565-5,MTR4451780,Laura A. Moses,"Kothi 709, Bahria Town, Lahore",170514,Commercial
92451-3044626-4,MTR6173092,Michelle Shields,"House 971, Model Town, Rawalpindi",345397,Commercial
76524-4343997-6,MTR8475948,Leslie A. MD,"Kothi 360, Gulberg, Rawalpindi",74503,Residential
76380-9403820-7,MTR7456280,Chaudhry Jill Cunningham,"House 941, Model Town, Islamabad",51411,Residential
76926-7032324-3,MTR2001867,Mr. Katie Jones,"Plot 263, Bahria Town, Lahore",48829,Residential
23994-5930647-9,MTR4997165,Chaudhry Anthony Fletcher,"Flat 517, Bahria Town, Rawalpindi",42873,Commercial
74830-9730806-9,MTR6043173,Connor Buchanan,"Plot 373, Bahria Town, Islamabad",260349,Commercial
27396-6990254-5,MTR1993423,Chaudhry Dr. Alicia Bass,"Plot 168, Bahria Town, Rawalpindi",172439,Commercial
86441-2190543-3,MTR6955145,Denise Delacruz,"Plot 223, Gulberg, Lahore",31837,Residential
18208-4828429-8,MTR9317058,Tina Hawkins,"House 521, Bahria Town, Rawalpindi",43475,Commercial
92572-8501528-5,MTR1486512,Nathan A. Davis,"Plot 541, Model Town, Karachi",121949,Commercial
21169-1634046-7,MTR9406208,Mr. James Nelson MD,"Flat 446, Johar Town, Karachi",24310,Residential
72310-6358858-4,MTR7506187,N. Martin,"House 207, Gulberg, Lahore",71545,Residential
86872-2495804-6,MTR7000213,Clarence A. Brown,"Flat 248, Gulberg, Rawalpindi",29160,Commercial
45772-7000303-5,MTR1200370,Mr. William Wells,"Kothi 759, Bahria Town, Lahore",36418,Commercial
49231-5727714-8,MTR8976266,Peter Hendrix,"Kothi 453, Johar Town, Islamabad",20501,Commercial
27944-6137466-9,MTR4688333,Mr. Tyler Frye,"House 989, Model Town, Rawalpindi",91176,Commercial
61767-4860855-1,MTR8015053,Chelsea Vance,"Flat 393, Model Town, Lahore",14199,Commercial
53511-8177104-1,MTR4608006,Jane A. Thomas,"Kothi 158, DHA, Rawalpindi",76078,Commercial
12440-5651666-2,MTR7629607,Paul A. Calderon,"Flat 778, Gulberg, Karachi",79481,Residential
42688-3207046-9,MTR5036086,Michael Mcbride,"Kothi 364, Bahria Town, Lahore",49217,Commercial
91856-2496110-6,MTR4704709,Mr. Donna Tyler,"House 666, Gulberg, Karachi",13822,Residential
23372-4165755-8,MTR9972526,C. Wilson,"Plot 650, Gulberg, Karachi",53106,Residential
64745-7600565-7,MTR9151182,Randy Turner,"Plot 476, Bahria Town, Islamabad",78077,Residential
33427-6237884-4,MTR7445175,Chaudhry Linda Wright,"House 621, Gulberg, Rawalpindi",73688,Residential
43089-7687980-7,MTR6609107,Jacqueline A. Jones,"Kothi 676, Gulberg, Islamabad",134567,Commercial
70134-7678413-4,MTR6090690,Mr. Hector Butler,"Plot 690, Bahria Town, Rawalpindi",34553,Residential
71913-4682966-9,MTR3861390,N. Lam,"House 488, DHA, Karachi",34146,Residential
82213-9444604-6,MTR2009843,D. Shannon Green,"Flat 682, DHA, Rawalpindi",32429,Residential
53022-7419287-2,MTR1524926,Mr. Jamie Morrison,"Kothi 217, Johar Town, Islamabad",125571,Residential
92557-3325772-7,MTR8442383,Andrea A. Wright,"Kothi 375, Gulberg, Islamabad",41327,Commercial
97717-7146105-8,MTR7965254,Anna A. Lewis,"Kothi 626, Gulberg, Rawalpindi",256701,Residential
83765-8493528-2,MTR8283771,Alyssa A. MD,"House 482, Gulberg, Islamabad",189846,Residential
84275-3805883-2,MTR1893169,Chaudhry Tracy Boyd,"Kothi 489, Johar Town, Rawalpindi",46426,Commercial
38057-4796073-1,MTR1783739,Chaudhry Jerry Thomas,"Kothi 370, Gulberg, Rawalpindi",72369,Commercial
54936-5115881-4,MTR4969419,Chaudhry Yvonne Young DVM,"House 811, Model Town, Lahore",53989,Commercial
46583-7709410-7,MTR7377000,Mr. Richard Wood,"Kothi 9, Bahria Town, Islamabad",41380,Residential
52004-7334879-5,MTR9347381,H. Quinn,"Flat 113, Model Town, Lahore",66128,Residential
24191-3945412-7,MTR9446323,Mr. Zachary Rodriguez,"Flat 56, Johar Town, Lahore",120866,Commercial
22863-6091191-9,MTR3501783,M. Benton DVM,"Plot 462, Johar Town, Karachi",243375,Commercial
28164-3029998-7,MTR6645865,Mr. Rachel Turner,"House 476, Johar Town, Islamabad",45382,Commercial
39761-7181699-5,MTR3498316,Mr. Ronald Howard,"Flat 280, Bahria Town, Islamabad",60304,Commercial
48654-7358143-9,MTR7829353,Chaudhry Paul Davis,"House 831, Johar Town, Karachi",38684,Residential
78263-8447899-6,MTR7783377,Chaudhry Alexander Melton,"Plot 658, DHA, Lahore",42581,Residential
59482-3420111-9,MTR1575571,Melissa A. Perry,"House 857, DHA, Islamabad",67859,Residential
54961-6638338-1,MTR6196771,Laura Lee,"Plot 90, DHA, Rawalpindi",38504,Residential
67815-2205013-8,MTR4078419,Lisa A. Greene,"Kothi 229, DHA, Karachi",74437,Commercial
85587-9867353-7,MTR6482319,Chaudhry Kristin Graham,"House 738, Model Town, Karachi",51611,Residential
46176-3320443-5,MTR9712325,Mr. Christine Hernandez,"Flat 462, Johar Town, Rawalpindi",10850,Commercial
60469-6094027-9,MTR9874128,Erica A. DVM,"House 678, DHA, Islamabad",200610,Residential
93108-7973095-3,MTR4281116,Steven Shelton,"House 513, Bahria Town, Islamabad",13548,Residential
17169-3843380-2,MTR3145268,Chaudhry Steven Allen,"Plot 81, Model Town, Islamabad",168851,Commercial
96043-5874297-5,MTR7613377,Chaudhry Nathan Thompson,"Flat 341, Bahria Town, Rawalpindi",61600,Commercial
24304-1004207-4,MTR3277310,D. West,"Kothi 568, Model Town, Karachi",18342,Residential
77803-8457324-1,MTR7483600,C. Cortez,"Flat 945, Bahria Town, Lahore",36989,Commercial
84857-3055249-8,MTR3361585,Chaudhry Thomas Ingram,"Kothi 360, Johar Town, Islamabad",19173,Residential
76599-7938598-1,MTR3256558,D. Higgins,"Kothi 331, Bahria Town, Rawalpindi",37859,Commercial
44806-2333428-8,MTR9769745,Mr. Aimee Curtis,"Flat 247, Gulberg, Lahore",72542,Residential
22857-2445099-4,MTR4304402,Chaudhry Jerry Thornton,"House 900, Gulberg, Lahore",154693,Commercial
14754-4467032-6,MTR2421546,Kari Huff,"Kothi 622, Johar Town, Rawalpindi",69477,Residential
89139-3875863-2,MTR6150572,Joseph Luna,"Flat 809, Johar Town, Karachi",73702,Commercial
32815-7865255-4,MTR2464999,Chaudhry Chad Ayers,"House 58, DHA, Lahore",74321,Residential
83961-2637537-5,MTR9862048,J. Grant,"Flat 167, DHA, Islamabad",84075,Commercial
71212-2061640-7,MTR7394813,Andrew A. Jenkins,"House 225, Gulberg, Rawalpindi",68168,Residential
99049-4911735-5,MTR5274879,Chaudhry Mary Ali,"Plot 940, Johar Town, Rawalpindi",53922,Commercial
58944-1872513-3,MTR7177345,Mr. Debra Miller,"Kothi 740, Bahria Town, Karachi",13817,Residential
43307-6766389-2,MTR2609101,Chaudhry Amanda Griffin,"House 937, Bahria Town, Islamabad",76849,Commercial
13198-3470664-3,MTR4970295,Alejandro A. Davis,"Flat 937, Model Town, Islamabad",111134,Commercial
26930-8276889-4,MTR2489116,Joseph A. Burton,"Plot 236, Gulberg, Karachi",94115,Commercial
28606-8165090-4,MTR1699669,Mr. Brent Donaldson,"Plot 438, Bahria Town, Islamabad",158580,Commercial
58658-4595975-5,MTR6444960,Chaudhry Courtney Rodriguez,"Plot 98, Johar Town, Islamabad",152251,Commercial
48625-9105013-3,MTR3788770,Mr. Jessica Hutchinson,"House 123, DHA, Karachi",34575,Commercial
37130-3275469-8,MTR6662970,C. Collins,"Plot 989, DHA, Islamabad",17466,Residential
58530-2246292-2,MTR1218223,Paul Trujillo,"Flat 807, Bahria Town, Karachi",148731,Commercial
48346-9192119-9,MTR4193791,Mr. Alexander Walsh,"Kothi 548, Model Town, Rawalpindi",95675,Residential
27509-4343596-8,MTR9721485,Kristine A. Peterson,"House 345, Gulberg, Rawalpindi",295202,Residential
92551-5290188-6,MTR3607852,B. Martinez,"Plot 502, DHA, Lahore",27484,Commercial
64391-9220061-4,MTR2697995,Mr. Brian Rodriguez,"Kothi 396, Bahria Town, Karachi",50171,Residential
12060-5134542-7,MTR7665529,J. Gonzalez,"Plot 718, Gulberg, Islamabad",153092,Residential
10127-6741120-3,MTR1479949,P. Rodriguez,"Flat 175, Gulberg, Islamabad",98884,Commercial
91134-9024831-2,MTR8222536,E. Tucker,"Flat 888, Bahria Town, Rawalpindi",53982,Residential
70004-3903768-9,MTR6798589,Donna Martinez,"House 651, Johar Town, Karachi",51049,Residential
55772-8806173-9,MTR2663275,Mr. Beth Maddox,"Flat 111, Model Town, Islamabad",45353,Residential
85591-9480394-4,MTR3625223,T. Turner,"House 4, Johar Town, Rawalpindi",61807,Commercial
59635-3167617-8,MTR8659083,Kimberly A. Reyes,"House 86, Bahria Town, Lahore",61069,Residential
50474-9899280-7,MTR1284766,Chaudhry Mary Kirk,"Plot 363, Model Town, Lahore",32111,Commercial
35200-3436050-4,MTR9752386,N. Kennedy,"Plot 826, Gulberg, Karachi",79307,Residential
86360-2099860-6,MTR4477252,Chaudhry Daniel Walker,"House 839, Model Town, Lahore",30339,Residential
21510-3360894-8,MTR3104452,Chaudhry Marco Jackson,"Flat 188, Gulberg, Islamabad",24925,Residential
21905-1917394-1,MTR4374548,Ryan A. Roberts,"Kothi 971, Model Town, Rawalpindi",306288,Commercial
30102-4163690-2,MTR9589681,Chaudhry David Smith,"Kothi 827, Bahria Town, Karachi",131351,Residential
44688-9517543-6,MTR1008463,Eddie Sandoval,"Plot 1, Johar Town, Lahore",60285,Commercial
80792-9303607-9,MTR1096373,Greg A. Wood,"Flat 780, Gulberg, Karachi",24371,Residential
90932-3752667-1,MTR4254488,Mr. Ashley Rogers,"House 722, DHA, Islamabad",65207,Residential
90285-1582773-2,MTR2607139,Tanner A. Rivera,"House 934, DHA, Lahore",10669,Residential
82196-7484509-1,MTR4143302,Chaudhry John Mathews,"Plot 986, Gulberg, Karachi",16161,Commercial
58833-5453347-3,MTR5380941,Mr. Jesus Gates,"House 207, Bahria Town, Rawalpindi",13575,Residential
69068-5208412-2,MTR4707580,S. Harris,"Kothi 366, Bahria Town, Rawalpindi",96667,Residential
66503-3346052-7,MTR8172379,Jennifer Moody,"House 570, Gulberg, Lahore",34777,Commercial
59630-8556853-1,MTR1850822,Mr. Stephanie Sellers,"Plot 592, Model Town, Rawalpindi",24441,Residential
11608-4721820-9,MTR1077834,M. Campbell,"Plot 581, Johar Town, Lahore",50485,Commercial
88840-4022949-4,MTR6489591,Chaudhry Brandon Edwards,"Kothi 199, Model Town, Rawalpindi",14826,Commercial
61288-9432219-6,MTR7576874,M. Zavala,"Plot 166, Gulberg, Karachi",65731,Commercial
49316-4022101-6,MTR5984045,Chaudhry Michele Walker,"House 716, DHA, Karachi",163268,Residential
77953-6516213-5,MTR9722234,Thomas A. Green,"Flat 44, Model Town, Islamabad",196217,Residential
17949-5017402-3,MTR7855837,Nancy A. Thomas,"Kothi 785, Gulberg, Karachi",18316,Residential
54552-6639253-3,MTR9345805,Mr. Raymond Ibarra,"Flat 240, Gulberg, Lahore",330593,Residential
40376-5320293-6,MTR9175132,J. Bullock,"House 241, Johar Town, Islamabad",41314,Commercial
96384-2010804-9,MTR8386523,Mr. April Wilson,"Kothi 390, Bahria Town, Lahore",55827,Residential
97005-1082875-6,MTR2548023,A. Wagner,"Plot 74, Gulberg, Lahore",77300,Residential
41351-5758519-1,MTR1656452,Chaudhry Allison Martin,"Plot 138, Johar Town, Islamabad",75443,Residential
31498-5227330-5,MTR6507604,Chaudhry Jose White,"Flat 819, Bahria Town, Rawalpindi",68989,Residential
89282-7099581-3,MTR7375428,Mr. Wesley Taylor,"Plot 260, DHA, Karachi",42298,Commercial
43547-1661663-6,MTR3145533,Chaudhry Alexandria Watkins,"Flat 938, Johar Town, Lahore",32132,Residential
54680-6159391-8,MTR7740315,Troy A. Watson,"House 424, Gulberg, Rawalpindi",39487,Commercial
37604-9254937-2,MTR2128019,Bethany A. Gilmore,"House 52, Johar Town, Karachi",149509,Residential
53555-1670719-1,MTR9792716,Thomas Barnes,"Plot 419, Gulberg, Lahore",28974,Commercial
35398-2167536-3,MTR2107283,Mr. Sally Reid,"Plot 557, Gulberg, Lahore",72609,Residential
82687-3679973-4,MTR6616057,Melissa A. Powers,"Flat 493, Bahria Town, Islamabad",24985,Residential
19408-6640402-3,MTR5746276,James Miller,"Flat 22, Bahria Town, Islamabad",241366,Commercial
65326-2759440-3,MTR9139104,R. Beard,"Plot 932, Bahria Town, Lahore",64442,Commercial
40647-9331309-1,MTR6523832,Chaudhry Steven Lozano,"Flat 580, Johar Town, Islamabad",136150,Residential
98380-6587493-4,MTR9777445,F. Bullock,"Kothi 453, Model Town, Lahore",105648,Commercial
39058-7716111-1,MTR5748869,Maria Fletcher,"House 145, DHA, Lahore",258099,Commercial
99102-2200562-5,MTR4884012,Alex Mcbride,"Plot 333, Bahria Town, Lahore",30137,Commercial
83124-2864045-9,MTR7658421,Mr. Kristina Johnson,"Kothi 583, Model Town, Rawalpindi",35670,Commercial
50251-5511111-5,MTR6654184,Mr. Dr. Stephanie Hernandez,"Plot 920, Johar Town, Lahore",47608,Commercial
35882-8859074-2,MTR9941925,Kenneth A. Thompson,"Flat 226, Bahria Town, Lahore",229516,Residential
75140-1429496-6,MTR3621167,Johnny A. Johnson,"House 63, DHA, Lahore",19996,Commercial
37117-7285762-6,MTR9443961,Steven A. Marshall,"House 718, Bahria Town, Lahore",48443,Commercial
53167-1654170-3,MTR2184905,G. Kelly,"Flat 118, Bahria Town, Lahore",55059,Commercial
33394-4746373-9,MTR6000436,Nicole A. Rodriguez,"Flat 273, DHA, Rawalpindi",11566,Residential
52738-9419305-8,MTR3058398,Jasmine A. Allen,"Flat 674, DHA, Rawalpindi",42655,Commercial
33721-3320935-9,MTR1838905,Chaudhry Amanda Cohen,"Flat 46, Model Town, Islamabad",78703,Residential
49292-9116841-9,MTR2652833,Chaudhry Susan Jones,"Kothi 543, Model Town, Karachi",11025,Commercial
75887-6925879-8,MTR2954033,N. Anderson,"Plot 452, Bahria Town, Karachi",17463,Commercial
22545-7559218-9,MTR4494505,Matthew Williams,"Flat 818, Gulberg, Rawalpindi",76771,Commercial
78327-3908110-4,MTR1198068,Chaudhry Samantha Smith,"House 431, Johar Town, Rawalpindi",28810,Residential
29412-1487848-8,MTR7495012,Abigail A. Mercer,"Kothi 590, Johar Town, Rawalpindi",33301,Residential
36540-6055401-8,MTR6017013,Nichole A. Gallagher,"House 314, Model Town, Karachi",43413,Commercial
87987-6857501-4,MTR4097798,Mr. Sarah Patterson,"Flat 126, DHA, Karachi",18118,Residential
22153-1006928-3,MTR3669904,Mr. Christian Tran,"Plot 514, DHA, Islamabad",74467,Commercial
87446-3861351-8,MTR1465733,Cynthia Mitchell,"House 157, DHA, Islamabad",42972,Commercial
43230-3734901-7,MTR5442352,Chaudhry Michelle Moss,"Flat 888, Bahria Town, Lahore",65006,Residential
45593-6465486-4,MTR5704405,Mr. Jon Nash,"House 416, Model Town, Lahore",34538,Residential
23468-1232374-3,MTR4470319,Mr. Samantha Harris,"Kothi 187, DHA, Islamabad",76926,Residential
48586-5108953-4,MTR3155940,Anthony Woods,"Plot 734, Model Town, Islamabad",62571,Commercial
27969-6464724-9,MTR9720379,Kimberly A. Johnson,"Flat 292, Johar Town, Islamabad",35416,Commercial
39611-8862427-3,MTR2730690,Mr. Madison Hunter,"Plot 528, Gulberg, Rawalpindi",77252,Commercial
58287-3766192-9,MTR9192062,Mr. Shannon Becker,"House 970, DHA, Lahore",104749,Residential
35761-3087792-9,MTR9745269,Chaudhry Jason Spencer,"Kothi 442, Model Town, Karachi",26514,Commercial
59407-7815085-8,MTR3120089,Erik A. Henson,"House 128, Johar Town, Lahore",79378,Residential
45624-1143005-4,MTR5263993,Mark A. Thornton,"Kothi 311, DHA, Rawalpindi",20240,Residential
94366-7541910-7,MTR6025479,Mr. Tracy Osborn,"House 882, Bahria Town, Lahore",61019,Residential
92707-8324817-9,MTR4718518,Chaudhry Jaime Soto,"Kothi 730, Model Town, Karachi",52224,Residential
93442-9766522-2,MTR7001674,Keith Ward,"Kothi 980, Bahria Town, Lahore",45566,Commercial
55801-5998083-8,MTR5757872,Erin A. Murphy,"Flat 854, DHA, Rawalpindi",39502,Residential
42450-7939345-4,MTR8658177,Kendra Brady,"Plot 171, Bahria Town, Karachi",28906,Residential
43546-6077861-7,MTR6604061,Emily Park,"Kothi 565, Gulberg, Rawalpindi",19432,Commercial
14627-6736965-6,MTR9540266,Chaudhry Jonathan Mitchell,"House 56, Gulberg, Rawalpindi",120773,Residential
98954-8358076-8,MTR8107475,Mr. Laura Smith,"Kothi 613, DHA, Lahore",24904,Commercial
99323-7108592-6,MTR7442296,William A. Dillon,"Flat 135, Gulberg, Islamabad",23035,Residential
71338-3142540-9,MTR8583634,Mr. Laura Short,"Plot 588, DHA, Lahore",148785,Commercial
73973-6391333-7,MTR5004171,Kathryn Adams,"Flat 909, Model Town, Rawalpindi",15206,Residential
69489-2197693-8,MTR9041429,M. Frank,"House 152, Bahria Town, Lahore",135140,Commercial
79309-1853209-7,MTR8175400,Chaudhry Shannon Griffin,"House 462, DHA, Karachi",75962,Commercial
81276-6380701-9,MTR5023035,S. Jones,"House 978, Model Town, Rawalpindi",78092,Residential
16575-2957825-3,MTR5450917,D. Sanchez,"Flat 209, Bahria Town, Rawalpindi",45771,Commercial
93880-7058226-4,MTR9875743,James A. Evans,"Plot 910, Johar Town, Karachi",156957,Residential
37275-4059902-9,MTR8442176,Mr. Dustin Horne,"Plot 981, Bahria Town, Karachi",163312,Commercial
93102-4497362-4,MTR6980889,D. Beard,"Plot 925, Gulberg, Lahore",142274,Residential
41166-8411093-3,MTR6274523,Chaudhry Nicholas Garcia,"Plot 491, Model Town, Rawalpindi",45554,Commercial
64884-4665835-3,MTR7874877,John A. Stewart,"Flat 53, Model Town, Lahore",40210,Residential
72241-1081357-4,MTR2803959,Chaudhry Paul Mccormick,"Flat 51, Model Town, Rawalpindi",167989,Commercial
36132-6137356-7,MTR5114664,Mr. Daniel Davis,"Kothi 607, Model Town, Lahore",99795,Residential
55448-3623800-3,MTR1606932,K. Barajas,"Plot 535, Bahria Town, Rawalpindi",99527,Residential
53370-7535758-2,MTR3173655,Mr. Adam Dickerson,"Plot 205, DHA, Rawalpindi",58797,Commercial
75165-5570367-8,MTR7641030,Amanda A. Chang,"Flat 218, Model Town, Lahore",66938,Commercial
30975-7077154-6,MTR2916934,Chaudhry Mark Brennan,"Flat 267, DHA, Karachi",47285,Residential
33593-5204702-8,MTR8047384,Bryan A. Rios,"Plot 868, DHA, Rawalpindi",72030,Residential
42523-3979249-4,MTR9833389,Chaudhry John Beasley,"Plot 908, Bahria Town, Lahore",68162,Commercial
88430-8813921-5,MTR7865404,A. Garcia,"Kothi 92, Gulberg, Islamabad",41739,Commercial
39363-1806203-7,MTR8835251,Chaudhry Elizabeth Mccormick,"House 213, Johar Town, Karachi",182578,Commercial
41104-7806959-5,MTR3706234,John Perry,"Plot 614, Model Town, Karachi",19300,Commercial
56185-9086599-8,MTR8580255,M. Walters,"Plot 824, Gulberg, Islamabad",72020,Residential
40447-9604016-9,MTR3961950,Levi Villegas,"Plot 628, Gulberg, Karachi",75191,Residential
76489-4661110-4,MTR3869726,J. Rocha,"Flat 813, Model Town, Islamabad",256826,Residential
68025-7407255-8,MTR9122459,Ronald A. Garcia,"Kothi 517, Johar Town, Rawalpindi",44130,Commercial
42902-7164197-9,MTR2960832,Mr. Benjamin Moore,"Plot 398, Gulberg, Rawalpindi",57441,Residential
43578-4439483-5,MTR2278997,Rachel Johnston,"House 267, DHA, Karachi",16203,Residential
87494-5356572-6,MTR4895218,Stephanie A. Wong,"Plot 82, Gulberg, Rawalpindi",176529,Residential
90531-2220781-7,MTR7547186,Chaudhry David Watkins,"Kothi 278, Model Town, Islamabad",310671,Commercial
40458-7402634-7,MTR2488327,Chaudhry Cindy Thomas,"Plot 303, Model Town, Lahore",15379,Residential
69375-3582883-5,MTR5590901,Mr. Cody Johnston,"Flat 102, Bahria Town, Karachi",63055,Commercial
11935-7484661-8,MTR6130362,Mr. Stephanie Bender,"Plot 386, Bahria Town, Islamabad",29598,Commercial
14768-9416586-3,MTR6760701,Chaudhry Cheryl Bates,"Flat 691, Johar Town, Rawalpindi",142074,Residential
52216-6017656-2,MTR4307345,Jasmine A. Greene,"Flat 16, Model Town, Islamabad",29356,Residential
93273-4725439-1,MTR9899162,Michelle A. Cole,"House 751, DHA, Karachi",84544,Commercial
65312-5677193-5,MTR8691553,Donna A. Roberts,"Kothi 936, Gulberg, Rawalpindi",77687,Residential
84223-9920253-3,MTR5480651,Garrett Wilson,"Flat 249, DHA, Karachi",70147,Commercial
25394-6729559-4,MTR7542485,Mr. Ashley Phillips,"Flat 302, DHA, Islamabad",74390,Commercial
33293-2662602-6,MTR5139158,Amy Baker,"Plot 844, DHA, Lahore",63796,Residential
49960-2060028-6,MTR4873445,Chaudhry Marcia Gomez,"Flat 248, Gulberg, Rawalpindi",12505,Residential
87825-7245082-3,MTR1502773,Barbara Hendricks,"Flat 294, DHA, Lahore",15763,Residential
69593-1507973-9,MTR5200586,Chaudhry Katherine Martin,"House 956, Gulberg, Karachi",84578,Residential
30193-3930233-2,MTR4802950,Chaudhry Maxwell Martin,"Plot 959, DHA, Karachi",12970,Residential
