cnic,vehicle_reg_no,owner_name,engine_capacity_cc,vehicle_make_model,registration_year,owner_address
52445-3530829-7,REG-2500,J. Miller,1800,Suzuki Cultus,2022,"House 75, Johar Town, Lahore"
57931-1973060-9,REG-9205,M. Taylor,1300,Toyota Yaris,2010,"Plot 39, DHA, Rawalpindi"
64810-2171979-4,REG-6930,Chaudhry Crystal Herrera,1800,Toyota Corolla,2025,"House 565, Gulberg, Lahore"
84115-3077052-4,REG-7675,Chaudhry Eric Kaiser,1800,Honda City,2011,"House 591, Johar Town, Rawalpindi"
16499-4709137-1,REG-2502,Chaudhry John Villarreal Jr.,660,KIA Sportage,2014,"Plot 297, Gulberg, Karachi"
80868-2976225-5,REG-1248,Natasha Farmer,660,Audi A6,2017,"Plot 106, Johar Town, Karachi"
58810-2634613-9,REG-6175,Valerie A. Baker,1300,Honda City,2021,"House 578, DHA, Karachi"
75066-9920785-7,REG-5314,Mr. Mrs. Taylor Evans,1000,Honda City,2022,"Flat 477, Johar Town, Rawalpindi"
57393-6029255-4,REG-1632,Mr. A. Nichols,1300,Honda City,2019,"Plot 716, Bahria Town, Lahore"
85290-6037344-9,REG-3624,J. Miller,2700,KIA Sportage,2023,"Kothi 897, Model Town, Rawalpindi"
47740-2228106-2,REG-2896,D. Cortez,1800,Suzuki Alto,2021,"Kothi 169, Model Town, Karachi"
74089-8074924-1,REG-8647,Mr. Jonathan Warren MD,1300,Honda City,2013,"House 783, Johar Town, Islamabad"
54580-6875018-8,REG-3439,Mr. Ricky Bailey,1000,Suzuki Cultus,2017,"Kothi 71, DHA, Islamabad"
72141-2090518-1,REG-3139,Mr. Brandon Cruz,1300,Honda City,2020,"Flat 663, Johar Town, Rawalpindi"
47302-7472506-6,REG-9152,Chaudhry Erin Mccall,1800,Suzuki Alto,2015,"House 964, Gulberg, Islamabad"
32026-2964541-8,REG-1605,Brittany Bean,1000,Honda City,2022,"House 224, Model Town, Karachi"
42455-7675615-7,REG-4051,Mr. Joshua King,660,Toyota Land Cruiser,2011,"Kothi 83, Bahria Town, Rawalpindi"
62644-5661367-3,REG-8828,Justin A. Russo,660,Honda City,2016,"Kothi 885, Johar Town, Islamabad"
64433-7019181-7,REG-4107,James A. Wheeler,2700,Toyota Corolla,2023,"Plot 155, DHA, Karachi"
29830-4891590-4,REG-9495,Thomas A. Lopez,3400,Honda City,2010,"House 497, Johar Town, Karachi"
44438-5730012-1,REG-4706,J. Ward,1000,Suzuki Cultus,2025,"Plot 430, Johar Town, Islamabad"
89929-6345416-3,REG-1136,Mr. Jacqueline Stafford,3400,KIA Sportage,2017,"House 468, Johar Town, Rawalpindi"
62175-7693754-7,REG-2546,J. Jones,1000,Honda City,2016,"House 494, Gulberg, Lahore"
34983-2129905-4,REG-5101,David Cannon,660,Suzuki Alto,2016,"Kothi 167, DHA, Islamabad"
88738-1882072-2,REG-3024,Omar A. Sutton,660,Toyota Yaris,2015,"House 581, Bahria Town, Lahore"
57659-1427833-2,REG-5894,Mr. Madeline Brown,660,Toyota Yaris,2025,"Plot 629, Gulberg, Karachi"
93153-5232182-6,REG-6499,C. Craig,660,Suzuki Alto,2018,"Flat 486, DHA, Lahore"
73972-8818005-8,REG-6223,Chaudhry Terry Hughes,2700,Suzuki Alto,2022,"Kothi 320, DHA, Karachi"
23393-6748475-5,REG-3885,John Prince,2700,Toyota Corolla,2012,"Kothi 849, Bahria Town, Lahore"
36897-9862688-6,REG-1892,Matthew A. Robinson,3400,Honda Civic,2025,"Plot 707, Johar Town, Lahore"
79220-6001115-2,REG-8934,J. Rodriguez,1000,Suzuki Alto,2024,"Flat 531, Model Town, Karachi"
56621-4737842-9,REG-7239,M. Bradley,1300,Suzuki Cultus,2014,"Flat 652, Bahria Town, Karachi"
41377-7722368-4,REG-1316,S. Porter,3400,Toyota Yaris,2013,"Plot 531, Gulberg, Islamabad"
13798-1468706-5,REG-5435,Bruce A. II,1000,Honda City,2015,"Kothi 266, Bahria Town, Islamabad"
68619-6863966-6,REG-5992,Chaudhry Mary Smith,1800,Honda City,2022,"House 226, DHA, Karachi"
71614-4300181-6,REG-6940,C. Williams,1800,Suzuki Cultus,2015,"Plot 495, Johar Town, Lahore"
72845-6771478-2,REG-9293,Chaudhry Heather Kidd,1000,Honda City,2019,"House 932, Gulberg, Karachi"
72656-3995097-7,REG-2290,Heather Banks,1800,Suzuki Alto,2011,"Flat 89, Gulberg, Rawalpindi"
62610-2424708-3,REG-4923,Julie Christensen,1800,Honda Civic,2025,"Plot 131, DHA, Karachi"
87438-8807342-3,REG-7739,Mr. Justin Rogers,2700,KIA Sportage,2016,"Kothi 674, Model Town, Karachi"
81913-3197544-1,REG-4251,Logan A. Schroeder,1000,Suzuki Cultus,2022,"House 819, DHA, Karachi"
66860-4268292-4,REG-6496,Joseph A. Adkins,660,Toyota Yaris,2015,"House 258, Bahria Town, Islamabad"
75688-5035581-6,REG-1553,Lindsey A. Holt,1800,Honda City,2025,"Flat 558, Gulberg, Karachi"
17982-6935510-8,REG-9419,Christine A. Barton,660,KIA Sportage,2017,"Kothi 847, Johar Town, Karachi"
79707-3547391-9,REG-1656,Mr. Madeline Torres,3400,Honda Civic,2018,"House 894, Gulberg, Karachi"
89764-1065976-3,REG-5898,S. Holland,2700,Suzuki Alto,2014,"Plot 145, Gulberg, Lahore"
82938-2036081-6,REG-4967,Chaudhry Christopher Thomas,1000,KIA Sportage,2025,"Kothi 804, DHA, Lahore"
42570-4209584-5,REG-4683,Chaudhry Nicholas Baker,1800,Suzuki Alto,2022,"House 791, DHA, Rawalpindi"
83626-1467509-2,REG-1419,Virginia A. Chaney,3400,Honda City,2020,"Kothi 334, Johar Town, Karachi"
46331-8589103-9,REG-3726,A. Carter,3400,Suzuki Alto,2017,"Kothi 520, Bahria Town, Islamabad"
83336-4398871-8,REG-7558,S. Moody,1000,Honda Civic,2011,"Plot 427, DHA, Rawalpindi"
67949-6301261-2,REG-1501,Chaudhry Adam Prince,3400,Suzuki Alto,2015,"Plot 439, DHA, Karachi"
97749-6079806-2,REG-7573,Chaudhry Lindsay Welch,1000,Suzuki Alto,2011,"Plot 963, Model Town, Karachi"
43175-3302750-8,REG-5475,Chaudhry Michael Austin,1300,Suzuki Alto,2012,"Plot 765, DHA, Rawalpindi"
73866-3731249-4,REG-6781,Mr. Michael Murray,660,Suzuki Cultus,2022,"Plot 724, Gulberg, Rawalpindi"
54448-8067846-4,REG-5529,Chaudhry Sharon Preston,1300,Suzuki Alto,2013,"Flat 327, DHA, Islamabad"
12553-6670358-9,REG-6873,Mr. Jacob Mcconnell,1000,Suzuki Cultus,2025,"Kothi 452, DHA, Rawalpindi"
53450-9681099-5,REG-7672,Rodney Woods,1800,KIA Sportage,2014,"House 116, Bahria Town, Lahore"
21018-5455429-5,REG-8267,J. Paul,1800,Honda City,2014,"House 928, Bahria Town, Islamabad"
26981-8084249-5,REG-1446,Chaudhry John Goodman,1000,Honda Civic,2025,"Kothi 153, Johar Town, Rawalpindi"
52866-2500926-5,REG-5676,Chaudhry Heidi Brown,660,Suzuki Alto,2018,"House 819, Bahria Town, Rawalpindi"
19491-5511786-1,REG-7018,M. Fowler,1000,BMW X5,2019,"House 821, Model Town, Lahore"
89715-4731386-2,REG-1177,Joshua Gonzalez,660,BMW X5,2015,"Flat 884, DHA, Rawalpindi"
11513-6690022-9,REG-2788,Melissa Mccoy,2700,Suzuki Cultus,2017,"Kothi 949, Model Town, Karachi"
15663-9840167-4,REG-6691,T. Richardson,2700,Honda City,2024,"House 993, Bahria Town, Islamabad"
16603-4039125-4,REG-2365,Chaudhry Zachary Rich,660,KIA Sportage,2011,"Flat 644, Model Town, Karachi"
48005-8477384-9,REG-7266,Amy Brown,3400,Honda Civic,2013,"Plot 278, Model Town, Lahore"
42826-1619907-1,REG-7033,J. Burgess,660,Suzuki Alto,2020,"House 751, Johar Town, Karachi"
77401-8965161-4,REG-4952,Karen Wilson,2700,Honda Civic,2019,"Kothi 109, Gulberg, Rawalpindi"
81553-7594889-9,REG-5016,Chaudhry Sherri Anderson,1800,Toyota Yaris,2012,"Flat 705, Bahria Town, Karachi"
54918-4332365-3,REG-7973,Chaudhry Jeffrey Carroll,1000,Suzuki Cultus,2012,"Kothi 356, DHA, Karachi"
11868-2186531-5,REG-1795,Stephen A. Stewart,1300,Toyota Corolla,2010,"Kothi 168, DHA, Lahore"
97192-7390135-9,REG-7272,Mr. Justin Silva,1300,Suzuki Alto,2013,"Flat 614, Bahria Town, Islamabad"
15929-8708341-3,REG-5296,David Jensen,1300,Toyota Land Cruiser,2017,"Plot 276, Gulberg, Lahore"
44503-7109278-6,REG-6414,Russell A. Haynes,1300,Suzuki Alto,2014,"Flat 251, DHA, Islamabad"
38556-6982485-3,REG-9816,Mr. Brandon Johnson,1300,Suzuki Cultus,2022,"House 344, Gulberg, Lahore"
72212-5679649-9,REG-7304,Mr. Kevin Robertson,660,Toyota Yaris,2016,"Plot 255, Johar Town, Lahore"
21908-5432015-2,REG-1037,Donna Diaz,1300,Suzuki Alto,2018,"Plot 410, Johar Town, Lahore"
61639-1377389-5,REG-4244,Angela A. Miller,660,Suzuki Alto,2022,"Flat 645, Bahria Town, Lahore"
86753-9878327-3,REG-3091,Steven A. Woodward,3400,Honda Civic,2011,"Kothi 783, Model Town, Rawalpindi"
29590-5767691-3,REG-5005,D. Cunningham,1300,Toyota Land Cruiser,2019,"House 845, Johar Town, Rawalpindi"
76262-3337193-9,REG-5968,Marie A. Griffin,1000,Honda City,2016,"House 847, Johar Town, Karachi"
21153-1522786-1,REG-6226,Mr. Brittney Henderson,660,Suzuki Alto,2021,"Plot 653, Model Town, Lahore"
59364-8573003-9,REG-2493,B. Wilson,2700,Toyota Yaris,2012,"House 643, DHA, Karachi"
74132-5425710-1,REG-8482,Paul A. Pope,1800,Toyota Prado,2011,"Kothi 817, DHA, Lahore"
96415-9824650-2,REG-6457,H. Austin,2700,Honda City,2015,"Kothi 259, DHA, Islamabad"
40773-4442978-4,REG-6671,Mr. Natasha Gardner,660,Toyota Yaris,2019,"Kothi 506, Gulberg, Lahore"
72784-5820415-1,REG-8940,Scott Soto,660,Toyota Land Cruiser,2022,"Plot 80, Johar Town, Karachi"
53486-5260410-5,REG-4542,Chaudhry Diane Ross,1000,Toyota Yaris,2011,"Plot 13, Gulberg, Lahore"
73674-5509258-2,REG-9136,Benjamin Arias,1000,Honda City,2012,"Plot 692, Gulberg, Islamabad"
77703-5790625-8,REG-6488,B. Yoder,3400,Toyota Corolla,2019,"Kothi 478, DHA, Karachi"
50851-2440395-8,REG-1198,Kevin A. Randall,1800,Suzuki Cultus,2023,"House 297, Gulberg, Lahore"
76403-8540535-5,REG-5638,J. Forbes,3400,Suzuki Alto,2020,"Kothi 215, Bahria Town, Lahore"
86214-2515034-3,REG-7323,Larry A. Jimenez,660,Toyota Corolla,2022,"Flat 976, Model Town, Karachi"
89084-9535313-5,REG-4510,Mr. David Clark,1800,Toyota Corolla,2024,"House 721, Model Town, Karachi"
75259-9156086-7,REG-7586,T. Thomas,1800,KIA Sportage,2012,"House 163, DHA, Rawalpindi"
99337-8562502-7,REG-7639,Chaudhry Thomas Ingram,1300,Suzuki Cultus,2019,"Flat 745, Bahria Town, Rawalpindi"
55083-7310014-6,REG-5178,Michelle A. Gardner,1800,Suzuki Alto,2015,"House 861, Model Town, Lahore"
52539-6675272-7,REG-4386,Mr. Joshua Smith,1800,Honda City,2016,"House 963, Bahria Town, Lahore"
47988-5248196-6,REG-3114,Chaudhry Donald Combs,1800,Suzuki Cultus,2012,"House 403, Gulberg, Lahore"
57278-8181533-5,REG-7636,Mr. Kathy Adams,1800,KIA Sportage,2015,"House 288, DHA, Lahore"
96766-5791961-3,REG-3237,Mr. Claudia Barker MD,1800,Suzuki Cultus,2017,"Plot 995, Model Town, Rawalpindi"
76972-6294912-4,REG-4542,Chaudhry Elizabeth Williams,2700,Honda City,2021,"Flat 804, Gulberg, Lahore"
92692-7711585-9,REG-6634,Gregory A. Medina,2700,Suzuki Cultus,2021,"Plot 737, DHA, Lahore"
63855-8564182-3,REG-7957,J. Lopez,1000,Honda City,2025,"Flat 498, DHA, Karachi"
32382-8921934-7,REG-5574,M. Lane,3400,Honda City,2020,"Flat 289, Model Town, Islamabad"
95566-5364912-7,REG-4651,C. Stephens,1000,Honda Civic,2025,"Plot 309, Gulberg, Rawalpindi"
25694-3807372-3,REG-5131,Alexis Rodriguez,2700,Suzuki Alto,2022,"House 213, Johar Town, Rawalpindi"
82140-4691411-8,REG-7080,Daniel A. Nelson,1800,Suzuki Alto,2013,"Flat 778, Gulberg, Rawalpindi"
28297-4228055-4,REG-5039,Timothy Anderson,1300,Suzuki Alto,2010,"House 179, Model Town, Lahore"
51849-5011878-6,REG-4576,Dylan Ramirez,3400,KIA Sportage,2010,"Flat 829, Johar Town, Karachi"
12632-7925327-7,REG-6598,Mr. Alice Harris,1000,Honda City,2014,"Kothi 764, Johar Town, Karachi"
59396-5533872-6,REG-2925,Rachel A. Jones,1000,KIA Sportage,2014,"House 511, Model Town, Islamabad"
26498-9445579-9,REG-4791,C. Marquez,1800,Honda Civic,2015,"Plot 95, Model Town, Karachi"
60405-7706811-8,REG-1784,Brian Hood,3400,Toyota Corolla,2010,"Kothi 977, Model Town, Lahore"
26678-1540956-7,REG-4720,Chaudhry Catherine Cameron,660,Toyota Yaris,2015,"Kothi 992, Johar Town, Rawalpindi"
10023-2227050-7,REG-8860,Dr. A. PhD,1300,Honda Civic,2024,"Kothi 996, Gulberg, Karachi"
24292-4754747-3,REG-7860,Chaudhry Katrina Mahoney,2700,Suzuki Alto,2025,"Plot 535, DHA, Rawalpindi"
21141-1663476-1,REG-1249,Juan Rosario,2700,Toyota Prado,2022,"Plot 239, Johar Town, Lahore"
94607-6096620-3,REG-1500,Michelle Heath,1800,Honda Civic,2021,"Flat 541, Gulberg, Lahore"
23034-2180309-5,REG-7281,Emily A. Gibson,1800,Honda Civic,2010,"Plot 398, Model Town, Karachi"
88782-1019327-1,REG-6498,Chaudhry Steven Singh,2700,Honda City,2017,"Flat 472, Model Town, Islamabad"
94485-5066085-8,REG-8970,Elizabeth A. George,2700,Toyota Yaris,2025,"Plot 561, Bahria Town, Lahore"
63976-6157279-1,REG-5086,Chaudhry Laura Thomas,1000,BMW X5,2020,"House 199, Gulberg, Rawalpindi"
20628-5316041-4,REG-8387,Danielle A. Sherman,1000,Toyota Yaris,2012,"Kothi 948, Model Town, Karachi"
74611-1572059-6,REG-6323,Mr. Kimberly Kim,660,Toyota Yaris,2015,"Kothi 372, Gulberg, Karachi"
10885-5900812-9,REG-5393,Chaudhry Jose Knight,2700,Suzuki Cultus,2025,"House 211, Gulberg, Karachi"
50857-4253660-4,REG-5987,Jillian A. Jones,2700,Honda Civic,2022,"Kothi 227, Model Town, Islamabad"
24287-9317551-3,REG-2908,Jeffrey Clark,1000,Toyota Corolla,2016,"Plot 497, Gulberg, Lahore"
87961-3455900-7,REG-9819,W. Phillips,660,Toyota Yaris,2013,"House 219, DHA, Karachi"
64445-1869739-1,REG-8903,Nicole Lewis,1000,Toyota Yaris,2018,"Plot 403, Gulberg, Islamabad"
24838-2331459-3,REG-9249,Kathryn Wagner,2700,Suzuki Alto,2024,"Flat 196, Bahria Town, Rawalpindi"
14180-6231591-7,REG-4079,Chaudhry Rachel Scott,660,KIA Sportage,2017,"Flat 340, Gulberg, Karachi"
24281-1048162-2,REG-5978,Mr. Charles Carter,1800,Toyota Yaris,2018,"Flat 83, Model Town, Rawalpindi"
26214-4479635-7,REG-7436,C. Oneill,1000,Honda City,2017,"Flat 788, Model Town, Rawalpindi"
21502-1826400-8,REG-6574,Chaudhry Caitlin Mccoy,1000,Suzuki Cultus,2018,"Plot 382, Johar Town, Rawalpindi"
35300-6424228-6,REG-6007,M. Williams,1300,Honda Civic,2014,"Kothi 32, Gulberg, Karachi"
91973-7790957-1,REG-8452,Jerry A. Dixon,2700,Honda Civic,2023,"Kothi 36, Gulberg, Lahore"
18126-5312012-4,REG-9236,Chaudhry Jacob Johnson MD,3400,Toyota Yaris,2013,"House 921, Johar Town, Islamabad"
57575-5568681-6,REG-6627,Chaudhry Joshua Mitchell,1800,KIA Sportage,2015,"House 269, Model Town, Islamabad"
48981-1063277-2,REG-7849,Mr. Joshua Lawson,2700,Suzuki Cultus,2023,"House 846, Bahria Town, Lahore"
72283-8813886-7,REG-9795,M. Jensen,2700,Toyota Prado,2015,"Flat 936, Gulberg, Rawalpindi"
27394-9330569-3,REG-4123,Patricia Williams,1000,Toyota Yaris,2011,"House 822, Model Town, Karachi"
89594-4961813-6,REG-7592,Anthony A. Johnson,1300,Suzuki Cultus,2020,"Flat 472, Model Town, Lahore"
77093-4310342-7,REG-4583,P. Phillips,3400,Toyota Corolla,2012,"Plot 254, Gulberg, Lahore"
95137-1568138-8,REG-1417,Chaudhry Michael Chapman,1300,Suzuki Alto,2018,"Flat 165, Gulberg, Lahore"
19458-5444138-2,REG-6137,Mr. Kelly Davis,2700,Suzuki Cultus,2013,"Plot 99, Gulberg, Rawalpindi"
68584-3905677-4,REG-5228,Gina A. Peters,1300,Audi A6,2016,"Plot 427, Gulberg, Karachi"
80590-3032806-5,REG-2908,H. Green,1000,Suzuki Cultus,2025,"Flat 287, Johar Town, Islamabad"
58886-5262360-5,REG-3718,M. Harris,1000,Suzuki Alto,2020,"Plot 450, Bahria Town, Karachi"
42157-4951101-3,REG-6029,Mr. Andrea George,660,Toyota Prado,2021,"Flat 906, Johar Town, Karachi"
52773-2087232-7,REG-6287,Mr. Amanda Ramirez,1300,Honda City,2010,"Flat 252, Johar Town, Karachi"
95149-2686822-8,REG-9277,Chaudhry Ryan Fuller,3400,Honda Civic,2013,"House 105, DHA, Rawalpindi"
40292-8521178-6,REG-1089,Mr. Ashley Taylor,1000,Honda City,2016,"House 898, Model Town, Karachi"
25625-1845423-4,REG-3337,Cassandra A. Griffith,2700,Suzuki Cultus,2016,"Plot 953, DHA, Islamabad"
77196-3982301-8,REG-8757,N. Daniels,1800,Honda City,2022,"Flat 794, DHA, Lahore"
93552-6866986-4,REG-7175,Chaudhry Michelle Lambert,3400,BMW X5,2010,"House 378, Model Town, Karachi"
15788-4422156-5,REG-2432,K. Reid,660,Honda City,2021,"House 614, Bahria Town, Lahore"
52893-7861795-6,REG-7991,Tara Davis,1800,Honda Civic,2019,"Plot 636, Model Town, Lahore"
36661-1527921-8,REG-2833,Alicia Jones,3400,Honda City,2023,"Kothi 65, Gulberg, Lahore"
61812-3592955-9,REG-6703,Chaudhry Denise Stafford,1800,Toyota Yaris,2022,"House 669, Bahria Town, Rawalpindi"
45542-7875117-5,REG-1420,Nancy Allen,3400,Honda Civic,2016,"Flat 428, DHA, Islamabad"
84254-6992514-7,REG-6715,M. Walker,3400,KIA Sportage,2023,"Kothi 19, Model Town, Karachi"
61213-7794326-4,REG-6303,Kristen Wilson,660,Honda City,2015,"House 445, Bahria Town, Rawalpindi"
24881-2518137-7,REG-9902,M. Arias,1800,Suzuki Alto,2014,"Flat 472, Bahria Town, Karachi"
11944-1867304-9,REG-6587,Frederick A. Lopez,3400,Honda City,2014,"Plot 657, Gulberg, Lahore"
85086-7221723-9,REG-6625,Samuel Anderson,1000,BMW X5,2018,"Plot 150, Model Town, Islamabad"
31209-9743595-3,REG-1608,Alicia A. Diaz,2700,Suzuki Alto,2021,"House 112, Gulberg, Rawalpindi"
35865-6060264-3,REG-7098,Mr. Robert Fritz,1300,Toyota Yaris,2015,"House 999, Gulberg, Islamabad"
16995-7507801-2,REG-8725,K. White,1300,Honda City,2025,"Plot 656, Bahria Town, Rawalpindi"
90573-4290229-8,REG-4340,Jordan Wiley,2700,Toyota Yaris,2023,"Plot 579, Bahria Town, Lahore"
62395-9688794-3,REG-3137,Chaudhry Steven Perry,1300,Suzuki Alto,2022,"Kothi 368, DHA, Karachi"
42382-4231219-1,REG-1387,M. Hernandez,660,Honda City,2024,"House 684, Model Town, Lahore"
61096-8645939-9,REG-9782,Chaudhry Traci Frost,2700,Honda City,2025,"Flat 665, Gulberg, Islamabad"
86365-5181869-7,REG-9727,Chaudhry Abigail Mckenzie MD,2700,Honda City,2016,"Kothi 675, Model Town, Rawalpindi"
76005-8354336-3,REG-4905,Chaudhry Gabriella Foster,1300,Suzuki Alto,2023,"House 4, Johar Town, Rawalpindi"
70984-4946855-8,REG-1982,Rachel Wilkinson,3400,Toyota Land Cruiser,2023,"Kothi 857, Bahria Town, Rawalpindi"
62473-2796438-2,REG-6521,Mr. Robert Henry,2700,Honda Civic,2015,"Plot 368, Gulberg, Islamabad"
22021-8414978-9,REG-6034,John A. Austin,3400,Honda City,2017,"House 42, Bahria Town, Lahore"
51120-9581239-2,REG-5882,Mr. Jason Jackson,1300,Toyota Yaris,2020,"House 771, Johar Town, Rawalpindi"
95556-3284817-1,REG-1606,Mr. David Smith,660,Suzuki Cultus,2011,"House 629, DHA, Karachi"
27251-9252208-5,REG-4578,E. Cox,1300,Suzuki Cultus,2022,"Plot 703, Bahria Town, Lahore"
55992-5231562-3,REG-6526,Daniel A. Cox,3400,Toyota Corolla,2020,"Flat 919, Johar Town, Islamabad"
69821-3408743-5,REG-4335,Chaudhry Elizabeth Barajas,660,Suzuki Cultus,2025,"Kothi 214, Johar Town, Islamabad"
90722-9489388-4,REG-6043,Christopher Williams,1800,Honda City,2021,"Flat 382, DHA, Karachi"
33867-7769027-3,REG-3891,James A. Powell,1000,Toyota Yaris,2015,"Flat 696, Model Town, Rawalpindi"
32117-5434903-2,REG-3880,Mr. Peter Ruiz,1800,Honda Civic,2022,"House 652, Model Town, Rawalpindi"
82768-9748521-2,REG-6240,Chaudhry Kristen Davis,3400,Suzuki Alto,2012,"Flat 549, Gulberg, Islamabad"
44701-7303867-6,REG-3850,Mike Valenzuela,1800,Honda City,2024,"Plot 369, Model Town, Lahore"
67970-4859553-3,REG-9454,Chaudhry Katie Hayes,660,Suzuki Cultus,2018,"House 304, Johar Town, Islamabad"
50641-6245376-1,REG-2865,Christopher Frost,3400,KIA Sportage,2023,"House 227, Bahria Town, Islamabad"
90747-8251664-7,REG-7829,D. Morgan,2700,Honda City,2023,"Flat 918, DHA, Karachi"
74014-4812784-1,REG-7495,Z. Curtis,660,Honda Civic,2014,"House 56, DHA, Islamabad"
49811-2784469-9,REG-9469,T. Smith,1000,Honda City,2010,"Flat 547, Bahria Town, Rawalpindi"
86492-6052542-3,REG-6140,J. Dalton,2700,Honda City,2014,"Plot 376, Johar Town, Rawalpindi"
30791-3260708-1,REG-9556,Chaudhry Amber Carter DDS,1000,Suzuki Alto,2022,"Plot 725, Bahria Town, Rawalpindi"
22557-2068182-3,REG-7713,Katherine Estrada,1300,Suzuki Cultus,2019,"Flat 412, Model Town, Lahore"
17357-6877607-8,REG-4807,Chaudhry Angelica Melton,1300,Suzuki Cultus,2013,"Kothi 255, Bahria Town, Lahore"
15767-2032277-9,REG-1517,G. Martin,1800,Suzuki Cultus,2012,"House 416, Bahria Town, Karachi"
30868-1979440-2,REG-3395,Mr. Antonio Medina,1800,Honda Civic,2018,"House 628, Johar Town, Karachi"
28647-7931981-4,REG-3220,James A. Miller,1000,Toyota Yaris,2024,"Kothi 833, Johar Town, Karachi"
76660-6190576-2,REG-3104,John Tate,3400,Suzuki Alto,2023,"Flat 641, DHA, Rawalpindi"
80569-1106525-7,REG-4790,Jamie A. Hale,3400,Suzuki Alto,2012,"Kothi 764, Gulberg, Lahore"
95921-8591476-3,REG-8061,Chaudhry Dr. Erika Travis,1300,KIA Sportage,2024,"Plot 108, Model Town, Karachi"
94412-1651250-2,REG-9228,Chaudhry Matthew Walker,3400,Suzuki Cultus,2013,"Flat 913, Model Town, Lahore"
44863-8315750-9,REG-2513,Michele Mclaughlin,3400,Honda City,2015,"Flat 303, Bahria Town, Lahore"
76509-1255478-3,REG-7970,Mr. Danielle Jackson,660,Honda City,2022,"Flat 927, Bahria Town, Karachi"
30864-6483992-4,REG-5384,Chaudhry James Mercer,1000,Honda City,2018,"Kothi 337, Johar Town, Karachi"
59735-9998559-8,REG-2902,Mr. Dana Peters,1800,Toyota Corolla,2023,"Kothi 860, Johar Town, Lahore"
13475-8335233-4,REG-3799,Chaudhry Charles Rodriguez,3400,Suzuki Alto,2010,"Flat 809, Bahria Town, Rawalpindi"
91608-2305306-3,REG-4136,Chaudhry Amanda Moss,3400,Toyota Yaris,2017,"Plot 34, DHA, Lahore"
23982-3714742-6,REG-6909,Chaudhry Justin Riggs,2700,Suzuki Alto,2014,"Plot 718, DHA, Lahore"
15459-3322003-1,REG-5310,Aaron Avery,3400,Suzuki Cultus,2013,"House 755, DHA, Lahore"
87394-7096942-4,REG-7291,N. Murillo,1800,KIA Sportage,2012,"House 901, Gulberg, Lahore"
42319-4451466-4,REG-7131,Ann Jimenez,1000,Honda City,2013,"House 35, DHA, Lahore"
92776-5821186-8,REG-7014,Chaudhry Phyllis Bailey,660,Suzuki Alto,2021,"House 136, DHA, Karachi"
48595-6354261-6,REG-7385,D. Lewis,1800,Suzuki Cultus,2024,"Kothi 268, DHA, Islamabad"
43646-5741127-1,REG-7738,Vincent A. Mcclain,1300,Honda City,2012,"Flat 933, Model Town, Rawalpindi"
47702-1519780-7,REG-3278,L. Smith,1300,Toyota Yaris,2016,"House 447, Johar Town, Lahore"
55453-8867535-1,REG-9174,James A. Gregory,1000,Suzuki Alto,2024,"Plot 732, DHA, Islamabad"
32330-8315830-1,REG-1488,Mr. Paul Smith,1800,Suzuki Cultus,2020,"Plot 296, DHA, Lahore"
55587-9234643-2,REG-9079,Mr. David Green,2700,Honda City,2025,"Kothi 712, Bahria Town, Rawalpindi"
87667-6824809-9,REG-1466,Mr. Roger Peters,1300,KIA Sportage,2022,"Flat 592, Bahria Town, Islamabad"
38143-4884387-8,REG-5151,W. Vega,2700,Suzuki Cultus,2010,"Plot 113, DHA, Rawalpindi"
83564-2754190-6,REG-9888,Mr. Julia Mason PhD,1300,Honda Civic,2015,"Flat 98, Gulberg, Rawalpindi"
21294-8082166-1,REG-8675,Michael Thomas,3400,Honda Civic,2023,"Flat 212, Model Town, Islamabad"
66106-9408575-3,REG-4180,Beth Burton,1800,Suzuki Alto,2013,"Kothi 906, Bahria Town, Rawalpindi"
26630-9917838-1,REG-9969,S. Hopkins,1300,Honda Civic,2022,"Flat 596, Model Town, Karachi"
69022-6424642-3,REG-2046,Mr. Christina Collins,1300,Toyota Yaris,2023,"Kothi 450, Model Town, Karachi"
26522-6604491-8,REG-7009,Melissa A. Jennings,2700,Suzuki Alto,2011,"Plot 520, Bahria Town, Islamabad"
49519-3593662-3,REG-7692,D. Guerrero,660,Honda City,2016,"Plot 741, Model Town, Islamabad"
31092-4962997-6,REG-7112,Edward Sanchez,3400,Toyota Yaris,2021,"Plot 265, DHA, Karachi"
96232-2705202-4,REG-5287,Megan A. Brown,3400,Honda City,2012,"Kothi 155, Bahria Town, Islamabad"
48981-8296797-5,REG-8549,Emma A. Brady,1800,Toyota Land Cruiser,2024,"Plot 112, DHA, Islamabad"
37059-7515284-8,REG-3702,Karen A. Rodriguez,660,Suzuki Alto,2023,"House 13, Gulberg, Rawalpindi"
39157-9396771-5,REG-2976,Mr. Jasmine Gonzales,2700,Toyota Yaris,2014,"Kothi 23, Bahria Town, Islamabad"
89129-7789963-1,REG-3386,K. Pena,1000,Toyota Land Cruiser,2013,"Plot 930, Gulberg, Rawalpindi"
39958-4835374-3,REG-2689,Chaudhry Karen Manning,1800,Toyota Yaris,2012,"House 465, Gulberg, Islamabad"
44053-2641932-7,REG-1688,Mr. Kyle Graham,3400,BMW X5,2025,"Plot 802, Gulberg, Karachi"
42775-8106490-8,REG-1556,Kelli A. Taylor,1800,Suzuki Alto,2016,"Kothi 21, Johar Town, Rawalpindi"
77928-4071271-6,REG-8402,Jeremy A. Diaz,1000,Honda Civic,2015,"House 399, Gulberg, Lahore"
14999-5214824-9,REG-5722,N. Adams,1000,Honda Civic,2025,"Plot 165, Bahria Town, Islamabad"
23249-8663575-9,REG-9199,Jasmine Daniels,1300,Suzuki Alto,2020,"Plot 735, Gulberg, Lahore"
93789-7206125-9,REG-7493,Chaudhry Jeffrey Adams,1000,Toyota Yaris,2017,"Flat 421, Gulberg, Karachi"
99700-4083696-7,REG-7776,Chaudhry Tyler Mack MD,2700,Toyota Yaris,2021,"House 747, Johar Town, Islamabad"
93567-1949897-5,REG-8154,Chaudhry Autumn Durham,1000,Toyota Yaris,2014,"Flat 392, Gulberg, Lahore"
11744-2261394-7,REG-4356,H. Vang,2700,Suzuki Cultus,2021,"Kothi 644, Model Town, Islamabad"
24320-4765265-5,REG-5947,Carly A. Johnson,1000,Toyota Corolla,2012,"Kothi 963, Johar Town, Karachi"
61375-8753029-4,REG-2923,Chaudhry James Yang,2700,Honda City,2014,"Plot 133, DHA, Karachi"
71493-4791429-3,REG-7653,Chaudhry Kelsey Hansen,3400,Suzuki Alto,2013,"Flat 683, Gulberg, Rawalpindi"
48580-3099938-8,REG-1271,B. Morales,3400,Suzuki Alto,2011,"Flat 803, Bahria Town, Islamabad"
59302-5253848-7,REG-8496,Chaudhry Geoffrey Andrews,660,Toyota Corolla,2022,"Plot 494, DHA, Islamabad"
56920-5109868-5,REG-9716,Ryan A. Webster,1300,Toyota Yaris,2015,"Flat 492, Gulberg, Rawalpindi"
91705-2433135-6,REG-4467,Megan A. Jacobs,2700,Honda City,2015,"Plot 952, Model Town, Rawalpindi"
17479-2430759-6,REG-4660,Mr. Michael Rivas,1800,Honda City,2024,"Plot 544, Model Town, Lahore"
96154-1192586-4,REG-1209,Steven Smith,1800,Suzuki Cultus,2024,"House 672, Model Town, Islamabad"
89718-2703087-3,REG-3606,Ashley A. Adams,2700,Toyota Yaris,2013,"Plot 191, Gulberg, Islamabad"
30011-4498735-7,REG-2965,Jason Salazar,2700,Suzuki Alto,2021,"Plot 625, Johar Town, Lahore"
97616-5983567-4,REG-8747,Mr. Christian Gonzalez,1000,Suzuki Cultus,2021,"Kothi 710, Bahria Town, Lahore"
67486-2962609-9,REG-3454,Maria A. Todd,660,Suzuki Cultus,2011,"House 271, Gulberg, Karachi"
28263-8939679-8,REG-1035,C. Colon,1300,Toyota Yaris,2019,"House 496, Gulberg, Karachi"
74405-5136701-8,REG-1379,Chaudhry Linda Campbell,1300,Toyota Yaris,2024,"Plot 553, Johar Town, Lahore"
31018-6380184-8,REG-5619,Chaudhry Jesse King,1300,Honda Civic,2021,"Kothi 682, Model Town, Rawalpindi"
59146-8143975-7,REG-5532,Richard A. Lindsey,660,Suzuki Cultus,2023,"House 185, Model Town, Lahore"
12694-1769575-6,REG-3059,Patricia A. Taylor,660,Toyota Yaris,2025,"House 523, Gulberg, Rawalpindi"
28938-1568697-4,REG-9866,Maria Steele,3400,Toyota Yaris,2010,"Kothi 641, Bahria Town, Islamabad"
22381-7143117-6,REG-9786,A. Kent,1000,Suzuki Alto,2018,"Kothi 798, Johar Town, Karachi"
47244-8301268-6,REG-5610,J. Wilson,3400,Toyota Corolla,2012,"Kothi 258, Johar Town, Lahore"
47899-5913758-6,REG-7323,Kevin Carter,1800,Suzuki Cultus,2024,"Kothi 414, Model Town, Islamabad"
76378-6784955-4,REG-7674,C. Hale,660,BMW X5,2011,"Kothi 811, DHA, Islamabad"
35206-6319954-5,REG-7623,Chaudhry Grant Lopez,1800,Honda Civic,2017,"Plot 601, DHA, Lahore"
62281-7812038-9,REG-6315,M. Wilson,2700,Suzuki Alto,2021,"House 409, Model Town, Lahore"
10814-1778407-4,REG-7667,Chaudhry Kathryn Burton,660,Honda Civic,2010,"Kothi 624, DHA, Rawalpindi"
90831-3467117-2,REG-7302,Chaudhry Sara Hunt,660,Toyota Yaris,2012,"Plot 41, Gulberg, Karachi"
23285-4041678-1,REG-3096,Chaudhry Fred Barker,1000,Toyota Corolla,2014,"Kothi 794, DHA, Lahore"
58348-3326929-5,REG-5625,Mary A. Newton,3400,KIA Sportage,2015,"Flat 884, Model Town, Karachi"
65284-1574465-6,REG-3553,Joel Vaughan,1000,Honda Civic,2012,"House 442, Johar Town, Lahore"
75243-9760290-1,REG-6322,Carol A. Zimmerman,1800,Honda City,2022,"House 793, Gulberg, Rawalpindi"
68519-2127745-1,REG-2733,Douglas Smith,1300,KIA Sportage,2013,"Kothi 609, Johar Town, Karachi"
72317-7919210-9,REG-2504,Maria Black,2700,Honda Civic,2020,"House 85, Gulberg, Karachi"
29892-1260551-7,REG-5249,Chaudhry Andre Hatfield,3400,Suzuki Cultus,2022,"House 10, DHA, Lahore"
38605-3035872-3,REG-5837,Sharon A. Lowe,660,Suzuki Cultus,2014,"Kothi 19, Model Town, Karachi"
69084-4144223-1,REG-5907,Mr. Christopher Wilson,1800,Suzuki Cultus,2018,"Flat 793, Bahria Town, Lahore"
48422-9356677-8,REG-3478,Allison A. Valdez,1800,Toyota Yaris,2016,"Flat 936, DHA, Lahore"
11494-2015876-1,REG-1246,Gina A. Pittman,1800,Honda City,2023,"House 399, Model Town, Islamabad"
88658-3784968-8,REG-5699,Chaudhry Tammy Mills,1000,Suzuki Alto,2021,"House 324, Model Town, Rawalpindi"
71577-3792907-3,REG-7247,Chaudhry Ms. Maria Ortega,660,Honda Civic,2024,"House 372, Bahria Town, Rawalpindi"
72516-7471601-8,REG-1380,Chaudhry Daniel Leonard,2700,Honda City,2024,"Flat 804, Johar Town, Islamabad"
48323-5696061-1,REG-2156,Chaudhry Ariel Rodriguez,2700,Honda Civic,2020,"Flat 891, Johar Town, Lahore"
29807-6177410-7,REG-7983,Steven A. Kelly,1000,Suzuki Alto,2011,"Plot 386, Gulberg, Rawalpindi"
88876-4931795-8,REG-3714,Dylan Deleon,1300,Toyota Yaris,2013,"Flat 706, DHA, Islamabad"
44477-5496679-7,REG-4974,Mr. Michael Ellis,1800,Honda City,2014,"Plot 601, DHA, Islamabad"
28437-3466234-5,REG-6682,Erin A. Strickland,2700,Audi A6,2023,"Kothi 356, Johar Town, Lahore"
80776-9132964-7,REG-6504,J. Adams,3400,Honda Civic,2010,"Plot 807, Bahria Town, Islamabad"
89547-1965707-7,REG-7180,Melissa A. Barker,1300,Toyota Yaris,2010,"Kothi 726, Bahria Town, Islamabad"
86859-1157196-7,REG-7342,Belinda Lowery,660,Suzuki Alto,2014,"Kothi 554, DHA, Islamabad"
18209-4906850-7,REG-2199,Michael Johnson,3400,Suzuki Alto,2017,"Flat 907, Johar Town, Islamabad"
72467-9492101-4,REG-3474,Michelle Smith,3400,Suzuki Alto,2013,"Plot 218, Bahria Town, Lahore"
33683-5861976-6,REG-6802,Ryan Carey,1000,Suzuki Cultus,2013,"Flat 413, Johar Town, Karachi"
42283-1748170-8,REG-7725,Tina A. Wolf,1000,Suzuki Cultus,2015,"Flat 888, DHA, Islamabad"
92934-8775129-2,REG-6481,V. Salas,2700,Toyota Yaris,2014,"Plot 324, Johar Town, Lahore"
55209-5706815-9,REG-9438,N. Wilson,1800,Honda City,2013,"House 97, DHA, Karachi"
84117-9159020-4,REG-9626,S. Hall,1800,Suzuki Cultus,2011,"Flat 948, Model Town, Rawalpindi"
22728-8497096-3,REG-4327,Brenda A. Hobbs,660,BMW X5,2020,"Flat 864, DHA, Islamabad"
36344-4032236-7,REG-9824,Jonathan Gordon,1000,Toyota Yaris,2010,"House 29, DHA, Lahore"
83056-7201417-8,REG-9058,L. Coleman,2700,Suzuki Cultus,2016,"Kothi 970, DHA, Rawalpindi"
25717-2509230-5,REG-4987,Adriana Ochoa,2700,Toyota Yaris,2015,"Flat 579, Bahria Town, Lahore"
97781-9497676-7,REG-8989,Mr. Jennifer Vaughn,660,Suzuki Alto,2011,"Plot 460, Bahria Town, Islamabad"
40818-4719875-3,REG-9424,Darrell A. Carrillo,3400,Suzuki Cultus,2024,"House 965, Model Town, Islamabad"
17769-1466171-1,REG-5363,Bailey Mcintosh,3400,KIA Sportage,2010,"Flat 806, Johar Town, Rawalpindi"
17309-2695451-3,REG-7819,Joseph A. Welch,2700,Suzuki Cultus,2021,"Flat 774, DHA, Karachi"
98721-6012910-8,REG-7214,S. Greene,2700,Toyota Yaris,2020,"House 483, Model Town, Islamabad"
43686-7543921-2,REG-5452,Mark Mills,1800,Suzuki Cultus,2011,"Flat 493, Gulberg, Karachi"
67853-5000652-3,REG-8755,Chaudhry Mr. Matthew Willis,1300,Toyota Corolla,2012,"House 480, Bahria Town, Lahore"
30572-4700253-2,REG-9106,Charles King,660,Suzuki Cultus,2021,"Flat 911, Bahria Town, Rawalpindi"
22712-7460555-1,REG-5772,Chaudhry William Garrett,1800,Toyota Corolla,2022,"House 464, Model Town, Islamabad"
40655-9011763-2,REG-2610,Chaudhry Kathleen Wallace,2700,Suzuki Cultus,2023,"Flat 147, Model Town, Karachi"
17435-4023919-8,REG-2589,M. Kirk,1300,Suzuki Alto,2025,"Plot 450, Bahria Town, Islamabad"
64822-7908550-4,REG-1345,Mr. Andrea Thompson,2700,Toyota Corolla,2024,"Plot 27, Model Town, Islamabad"
53844-3815180-5,REG-4504,S. Clark,3400,Suzuki Alto,2024,"Kothi 112, Model Town, Rawalpindi"
73233-2915424-3,REG-6987,Mr. Brandon Nixon,1800,Suzuki Alto,2017,"House 647, Bahria Town, Rawalpindi"
47517-2999661-5,REG-2882,James Ramirez,1000,Suzuki Alto,2021,"Plot 994, Model Town, Rawalpindi"
44278-5004302-4,REG-4394,Daniel Pena,3400,KIA Sportage,2013,"House 400, Model Town, Rawalpindi"
31259-1964394-5,REG-5486,Mr. Alisha Pennington,2700,Audi A6,2016,"Plot 656, DHA, Rawalpindi"
76557-6719452-9,REG-8173,Mr. Christine King,1000,Suzuki Cultus,2020,"Plot 454, DHA, Islamabad"
34355-7041462-7,REG-1867,Michele A. Hamilton,3400,Suzuki Cultus,2012,"House 934, Gulberg, Karachi"
46286-4031415-3,REG-3309,Mr. Pamela Case,2700,Toyota Land Cruiser,2017,"Plot 535, Bahria Town, Karachi"
35783-2329874-2,REG-5487,Mr. Blake Perry,1000,Suzuki Cultus,2021,"Kothi 780, Model Town, Karachi"
37005-3299163-4,REG-3971,Leslie A. Rodriguez,660,Toyota Yaris,2021,"Flat 208, DHA, Lahore"
78100-7847167-1,REG-7849,Richard Perry,1300,Suzuki Cultus,2010,"Flat 344, Model Town, Rawalpindi"
21839-1259126-7,REG-2437,Jessica A. Gonzales,2700,Toyota Land Cruiser,2010,"Kothi 137, Model Town, Karachi"
34386-7158931-1,REG-8776,Mr. Nicholas Jones,2700,Toyota Yaris,2018,"Plot 720, Model Town, Lahore"
56682-9721182-8,REG-6125,Chaudhry Todd Middleton,1800,Toyota Yaris,2014,"House 124, Model Town, Karachi"
52071-7398647-1,REG-5058,M. Little,1800,Honda Civic,2024,"Flat 894, DHA, Rawalpindi"
68515-9611981-1,REG-2225,M. Vasquez,660,Suzuki Alto,2012,"Plot 22, Bahria Town, Lahore"
39320-4060060-3,REG-5554,Mr. Benjamin Tran,1000,Suzuki Cultus,2015,"House 320, Model Town, Lahore"
12549-2618521-4,REG-1959,Mr. Kayla Mendoza,660,Honda City,2016,"Flat 19, Johar Town, Rawalpindi"
78539-4999140-8,REG-1294,Mr. Lindsay Morgan,660,Honda Civic,2016,"House 360, DHA, Karachi"
15920-5580399-2,REG-3903,Mr. Judy Wood,3400,Suzuki Alto,2019,"Kothi 506, Johar Town, Islamabad"
24423-3047447-2,REG-6147,Mr. Brooke Peters,1800,Suzuki Alto,2021,"Kothi 906, Bahria Town, Karachi"
39757-3469950-8,REG-5839,Mr. Scott Patterson,1000,Suzuki Alto,2010,"Kothi 169, DHA, Rawalpindi"
65113-9818363-1,REG-9123,M. Curtis Hernandez,1800,Honda Civic,2011,"Kothi 994, DHA, Islamabad"
54374-7722744-4,REG-1650,Nicholas A. Hall,1000,Honda Civic,2025,"Flat 733, Gulberg, Islamabad"
62506-1898473-6,REG-5286,Chaudhry Richard Gallegos,1000,Honda Civic,2018,"Plot 981, Model Town, Karachi"
65330-1193852-6,REG-8524,Chaudhry Jessica Ramos,1800,KIA Sportage,2016,"House 544, Bahria Town, Lahore"
52513-8265214-4,REG-5046,Linda A. Hernandez,1800,Toyota Yaris,2018,"House 231, Bahria Town, Rawalpindi"
62042-8612348-1,REG-1369,Kristina A. Thompson,1300,Toyota Land Cruiser,2019,"House 36, Johar Town, Islamabad"
98924-5587446-9,REG-5752,Pamela Martin,660,Suzuki Cultus,2010,"House 637, DHA, Islamabad"
25951-9729269-1,REG-5461,Natalie Peterson,2700,Suzuki Alto,2010,"Kothi 243, DHA, Islamabad"
24816-6123958-6,REG-6420,Mr. Meghan Becker,1800,Suzuki Alto,2012,"Plot 124, DHA, Islamabad"
21072-8825183-9,REG-4564,Gary Lewis,2700,Suzuki Alto,2015,"Plot 451, DHA, Karachi"
48482-7820677-5,REG-7787,Drew A. Butler,3400,KIA Sportage,2022,"Flat 250, DHA, Islamabad"
69525-4718100-7,REG-8722,Mrs. A. Brooks,1800,Honda Civic,2014,"Plot 562, Model Town, Rawalpindi"
81831-6095261-8,REG-8895,Becky Franklin,660,Suzuki Alto,2019,"Kothi 839, Model Town, Lahore"
41752-6597993-4,REG-7629,Jesus Crane,2700,Suzuki Cultus,2018,"Plot 525, Johar Town, Rawalpindi"
86766-7651400-1,REG-7692,Sheila Smith,1300,Toyota Yaris,2015,"Flat 167, Bahria Town, Islamabad"
82961-6460610-8,REG-6057,P. Coleman,1800,Suzuki Cultus,2010,"Flat 292, Bahria Town, Islamabad"
17458-1365505-3,REG-6253,E. May,1300,Honda City,2025,"House 621, Model Town, Rawalpindi"
96208-2040470-9,REG-2542,Elizabeth Schultz,3400,KIA Sportage,2016,"Kothi 855, Gulberg, Islamabad"
24318-9739741-4,REG-4535,Robert A. Mccoy,1800,Toyota Land Cruiser,2017,"Plot 427, Model Town, Islamabad"
28392-4397261-5,REG-6213,Chaudhry Katelyn Carter,3400,KIA Sportage,2012,"House 757, Gulberg, Islamabad"
92662-3135280-7,REG-1699,Chaudhry Dr. Lisa Warren,660,Toyota Yaris,2023,"House 5, Gulberg, Lahore"
75258-7668832-3,REG-3207,James Hill,660,Suzuki Cultus,2022,"Kothi 871, Model Town, Lahore"
59749-8588053-8,REG-6471,D. Garza,3400,Toyota Yaris,2020,"Flat 741, Model Town, Islamabad"
56262-7554597-9,REG-9945,Mr. John Welch,2700,Suzuki Cultus,2020,"Kothi 664, Model Town, Lahore"
75476-7386651-8,REG-9758,Ashley Baker,1800,Honda City,2023,"Flat 189, Johar Town, Islamabad"
29004-8308924-7,REG-9458,Debra Krause,660,Suzuki Alto,2024,"Plot 91, Model Town, Islamabad"
89702-5071039-6,REG-1306,Chaudhry Jennifer Freeman,660,KIA Sportage,2011,"Plot 996, Gulberg, Lahore"
13352-1795946-5,REG-5456,Chaudhry Mrs. Amy Burton MD,3400,Honda City,2010,"Kothi 308, Johar Town, Islamabad"
80582-8334323-9,REG-5733,Deanna A. Thomas,660,Suzuki Alto,2021,"Kothi 399, Gulberg, Islamabad"
15336-6890594-8,REG-3270,Matthew Gonzalez,660,BMW X5,2018,"House 693, DHA, Karachi"
22971-7870590-6,REG-3888,Rhonda A. Fuentes,660,Toyota Yaris,2022,"Kothi 665, Johar Town, Karachi"
34669-8066988-8,REG-2412,Brandon A. Reed,1000,Suzuki Alto,2013,"Kothi 451, Johar Town, Islamabad"
79486-2547577-3,REG-9546,R. Miller,1300,Suzuki Alto,2017,"Flat 326, Model Town, Lahore"
50714-9599893-3,REG-7213,William Johnson,1800,Honda City,2012,"House 672, Model Town, Islamabad"
76699-8061314-3,REG-5007,Mr. Tanya Suarez,1300,Suzuki Cultus,2020,"Flat 836, Johar Town, Karachi"
76176-4155931-7,REG-7422,Matthew Bowman,1300,Toyota Yaris,2017,"Plot 62, Johar Town, Lahore"
56292-1709905-7,REG-9331,Chaudhry Tricia Higgins,3400,Toyota Prado,2020,"House 807, DHA, Islamabad"
82473-1065650-5,REG-8657,T. Richardson,660,KIA Sportage,2016,"Kothi 863, DHA, Lahore"
97570-1495466-4,REG-5726,Mr. Kari Benton,1800,Toyota Yaris,2018,"Plot 510, Johar Town, Islamabad"
94778-9916899-9,REG-4529,Mr. Laura Hill,660,Honda Civic,2020,"Plot 589, Bahria Town, Rawalpindi"
88871-3038454-3,REG-1140,Chaudhry Vanessa Hernandez,1300,Toyota Yaris,2023,"Plot 531, Johar Town, Lahore"
13805-2679460-2,REG-3590,L. Rivera,3400,Toyota Yaris,2018,"Plot 971, Johar Town, Rawalpindi"
71278-8224626-1,REG-4066,Heather A. Johnson,2700,Honda Civic,2025,"House 701, Johar Town, Islamabad"
28864-4997388-6,REG-4895,Chaudhry Jennifer Murillo,1000,Honda City,2023,"Flat 174, DHA, Islamabad"
92404-2668590-2,REG-9645,H. Lewis,1300,Honda City,2011,"Flat 197, Gulberg, Rawalpindi"
12562-1917359-4,REG-7251,Katrina Valenzuela,2700,Suzuki Cultus,2019,"Kothi 597, DHA, Rawalpindi"
17154-4997885-4,REG-7883,D. Rodriguez,1800,Suzuki Alto,2011,"Plot 46, Bahria Town, Karachi"
51260-1103403-8,REG-8489,Mr. Harold Beasley,2700,Suzuki Alto,2017,"Flat 429, Johar Town, Islamabad"
74952-2132897-4,REG-7111,Jacob Johnson,1800,Toyota Yaris,2015,"Kothi 692, Johar Town, Karachi"
64197-6186808-7,REG-5476,T. Baker,2700,Toyota Prado,2017,"Kothi 23, Bahria Town, Lahore"
32736-3850856-6,REG-8152,Chaudhry Crystal Hull,1800,Honda City,2023,"Kothi 192, DHA, Islamabad"
61908-7089061-2,REG-6297,Alexander Cochran,3400,Honda Civic,2012,"Flat 547, Gulberg, Islamabad"
62847-2098017-2,REG-2238,Mr. Matthew Gillespie,1300,Suzuki Cultus,2010,"Kothi 846, Model Town, Karachi"
60772-4207728-8,REG-1883,Andrew A. West,3400,Toyota Yaris,2012,"Flat 353, Bahria Town, Rawalpindi"
14576-5683072-1,REG-6336,Chaudhry Tammie Stewart,2700,Honda Civic,2015,"Flat 825, Bahria Town, Karachi"
27021-2554095-4,REG-3774,Chaudhry Michael Cummings,2700,Honda City,2017,"Flat 558, Bahria Town, Rawalpindi"
71217-5029625-3,REG-1409,T. Landry,2700,Toyota Corolla,2012,"Flat 362, Bahria Town, Rawalpindi"
59400-4490649-5,REG-8361,Mr. Sarah Sweeney,1300,Toyota Land Cruiser,2014,"Kothi 517, Bahria Town, Karachi"
69335-3196890-5,REG-4504,Shane A. Jr.,3400,Toyota Prado,2017,"Kothi 602, Model Town, Karachi"
62972-9559633-4,REG-7040,L. Sanders,1000,Honda Civic,2022,"Plot 894, DHA, Lahore"
81118-5536712-7,REG-9622,Chaudhry Robin Johnson,660,Suzuki Alto,2023,"House 674, Johar Town, Karachi"
50735-1251664-7,REG-2895,Mr. Matthew Montoya,1300,Honda City,2016,"House 712, Bahria Town, Karachi"
52078-4159391-2,REG-7500,Natalie Roberts,1000,Toyota Yaris,2013,"House 576, Model Town, Islamabad"
35273-2105802-5,REG-8415,Mr. Justin Mejia,3400,KIA Sportage,2020,"House 232, Model Town, Karachi"
62294-5737282-6,REG-6312,Nicole Cuevas,1000,Honda City,2024,"Kothi 865, Gulberg, Karachi"
46244-3959390-1,REG-5555,Richard A. Howard,1000,Honda City,2021,"Flat 696, Model Town, Rawalpindi"
13311-8760833-4,REG-9204,Mr. James Dunn,1300,Toyota Corolla,2010,"Kothi 361, DHA, Karachi"
48204-2933267-5,REG-9124,Richard Lara,660,Honda City,2014,"Plot 730, DHA, Rawalpindi"
15242-3718128-7,REG-9525,Elizabeth Smith,660,Toyota Prado,2024,"Plot 776, Model Town, Karachi"
59904-1658235-9,REG-7845,Chaudhry Lauren Shepherd,660,Toyota Prado,2015,"Flat 645, Bahria Town, Karachi"
84732-9353237-9,REG-8215,Mr. Susan Krause,1000,Honda City,2019,"Flat 948, Gulberg, Islamabad"
10127-2876902-5,REG-7944,Donna Mitchell,1000,Suzuki Alto,2023,"House 897, Johar Town, Lahore"
42041-2865413-1,REG-4938,D. Harris,1000,Honda City,2016,"Flat 216, Model Town, Lahore"
64687-7604107-4,REG-2503,Chaudhry Mark Price,1300,Suzuki Cultus,2021,"Flat 540, DHA, Islamabad"
65571-8424876-6,REG-1786,Mr. Shannon Franco,1000,Toyota Yaris,2021,"Kothi 521, DHA, Karachi"
66144-9587939-3,REG-5202,Chaudhry Timothy Cowan,1800,Suzuki Alto,2013,"Kothi 781, Bahria Town, Lahore"
83285-5382167-3,REG-8594,Chaudhry Brittany Delgado,660,Honda City,2021,"Plot 993, Bahria Town, Islamabad"
42727-1996283-3,REG-4597,Mr. Nichole Davis,1800,Honda City,2014,"Flat 356, Gulberg, Lahore"
36399-6210211-3,REG-7354,Chaudhry James Watson,1300,Suzuki Alto,2025,"Plot 703, Gulberg, Rawalpindi"
41178-5055247-1,REG-4860,Natalie A. Schmidt,1300,Toyota Yaris,2013,"Kothi 137, Model Town, Islamabad"
27484-3380486-4,REG-2298,Chaudhry Kevin Shepard,1000,Suzuki Alto,2010,"Flat 645, DHA, Rawalpindi"
32178-3596963-8,REG-5930,L. Smith,2700,Honda City,2021,"Kothi 852, Bahria Town, Lahore"
47924-1207556-6,REG-2845,Brandon A. Lewis,1000,Honda City,2024,"Kothi 212, DHA, Lahore"
46815-6098656-4,REG-4483,Shelley A. Russo,2700,Suzuki Cultus,2022,"House 719, Model Town, Rawalpindi"
24809-3706493-6,REG-8661,Wanda Robbins,660,Suzuki Alto,2012,"Kothi 480, Johar Town, Islamabad"
47946-3820171-9,REG-8810,Travis A. Shelton,1300,Suzuki Cultus,2021,"House 47, DHA, Rawalpindi"
73638-2408812-6,REG-9794,Mr. Leah Glover,1800,Toyota Yaris,2017,"Flat 112, Gulberg, Rawalpindi"
74008-4184460-9,REG-3569,Mr. Nicole Morales,1800,Toyota Yaris,2018,"Flat 9, Model Town, Lahore"
94476-5797832-5,REG-4597,Mr. Donna Baldwin,1300,Suzuki Alto,2025,"Plot 81, Bahria Town, Lahore"
13315-7631582-3,REG-8941,Diana Fernandez,1000,Honda City,2018,"Flat 377, Bahria Town, Karachi"
23392-6206793-6,REG-9158,Brenda Glenn,1300,Suzuki Cultus,2023,"Kothi 189, Model Town, Islamabad"
40176-7182835-3,REG-8172,Ashley Graham,1800,Suzuki Alto,2011,"Flat 858, Model Town, Karachi"
17565-1692110-2,REG-6552,Sheena A. Reed,660,Toyota Yaris,2021,"Kothi 927, DHA, Karachi"
74799-8096426-8,REG-5130,Frank Holmes,1800,Toyota Yaris,2025,"Plot 307, Johar Town, Lahore"
28597-4816804-3,REG-6253,Thomas A. Williamson,3400,Suzuki Alto,2013,"Plot 454, Gulberg, Lahore"
15235-8373630-8,REG-1681,Chaudhry Madeline Collins,1000,KIA Sportage,2014,"Plot 224, Model Town, Lahore"
14197-9578025-7,REG-7279,Greg A. Guzman,1300,Toyota Prado,2012,"Plot 291, DHA, Lahore"
77452-8066698-6,REG-2920,Chaudhry Brandon Rodriguez,660,Toyota Corolla,2015,"House 450, DHA, Karachi"
31556-7355590-5,REG-5298,S. Avery,2700,Suzuki Alto,2010,"House 454, Johar Town, Islamabad"
84385-4278534-8,REG-2472,Mr. Victor Smith,660,Honda Civic,2023,"House 556, Model Town, Rawalpindi"
66147-9970698-3,REG-1171,Chaudhry Monica Hanna,660,Suzuki Cultus,2019,"Kothi 985, Johar Town, Lahore"
17865-6562348-5,REG-3973,Ariel Garner,3400,Suzuki Alto,2011,"Kothi 976, Model Town, Rawalpindi"
96048-3295998-5,REG-5274,Tiffany A. Jordan,1000,Honda Civic,2023,"Flat 544, DHA, Karachi"
39161-8505203-2,REG-9781,Mr. Shane Wilson,660,Honda Civic,2017,"Plot 677, Johar Town, Islamabad"
82728-7985645-6,REG-9123,Mr. Theresa Ford,660,Honda City,2021,"Plot 579, Gulberg, Rawalpindi"
44220-2916857-4,REG-1016,Mr. James Taylor,1300,Suzuki Cultus,2013,"Plot 992, Bahria Town, Lahore"
39000-5252849-2,REG-4137,Chaudhry Deanna Ryan,660,KIA Sportage,2019,"Plot 544, Model Town, Rawalpindi"
39752-8686564-4,REG-7671,Tamara A. Chavez,3400,KIA Sportage,2024,"House 754, Johar Town, Lahore"
63480-2232674-8,REG-4402,Tammy A. York,1000,KIA Sportage,2022,"Plot 885, Johar Town, Lahore"
92129-9642887-2,REG-1437,Carl Brown,1000,Audi A6,2022,"Kothi 851, Gulberg, Karachi"
35119-8970998-2,REG-2857,Chaudhry Gary Spencer,1000,Suzuki Cultus,2022,"Plot 383, Johar Town, Lahore"
62999-4974558-1,REG-9246,Chaudhry Faith Wright,2700,Toyota Yaris,2020,"Flat 43, DHA, Karachi"
70254-6031990-2,REG-5740,Mr. Lisa Adams MD,3400,Toyota Prado,2017,"Plot 437, DHA, Karachi"
83788-2924530-6,REG-3538,Vanessa Ross,3400,Honda City,2010,"Plot 376, Model Town, Lahore"
43504-3058938-4,REG-9854,Danielle Henderson,3400,Suzuki Cultus,2015,"Flat 526, Johar Town, Islamabad"
74092-1729872-6,REG-8762,Chaudhry Kristi Kelly,660,Toyota Yaris,2012,"House 365, Johar Town, Islamabad"
89043-2895311-1,REG-3337,Charles A. Carter,660,Suzuki Cultus,2011,"Plot 261, Model Town, Karachi"
68558-1357072-8,REG-5305,Chaudhry Samantha Soto,1000,Toyota Yaris,2018,"House 811, DHA, Rawalpindi"
24472-2237400-5,REG-9973,Mr. Miss Sara Campbell,3400,Honda Civic,2024,"Plot 154, Johar Town, Islamabad"
97761-7389115-3,REG-9841,Denise A. Newman,1300,Honda City,2015,"Flat 552, Model Town, Rawalpindi"
11808-1415372-6,REG-6678,Chaudhry Alexander Montes,1300,KIA Sportage,2015,"Plot 499, Johar Town, Rawalpindi"
14147-1594901-2,REG-2139,Jacqueline A. Allen,1300,Toyota Prado,2022,"Plot 636, Johar Town, Rawalpindi"
72358-3655557-8,REG-5205,M. Horne,1000,Toyota Yaris,2010,"Kothi 235, Johar Town, Lahore"
57308-6524273-9,REG-5501,Donald Mooney,2700,BMW X5,2017,"Plot 319, Bahria Town, Lahore"
37706-3847560-6,REG-8771,Thomas Williams,1300,Honda City,2018,"Kothi 340, Johar Town, Rawalpindi"
60840-6933804-6,REG-2081,C. Morris,1000,Suzuki Alto,2015,"House 344, Johar Town, Rawalpindi"
53749-4802002-1,REG-4612,Mr. Harry Rodriguez,1800,Suzuki Cultus,2025,"Plot 471, Johar Town, Lahore"
92689-3446599-3,REG-8413,Mr. Dustin Davis,3400,Suzuki Cultus,2014,"Flat 394, Model Town, Lahore"
75536-5396765-6,REG-8097,Jessica A. Smith,660,Suzuki Alto,2010,"Plot 716, DHA, Lahore"
36115-8151321-2,REG-1737,Mr. Wendy Hull,660,Suzuki Alto,2023,"Flat 811, Model Town, Karachi"
28499-2208472-5,REG-9117,Jerry A. Watson,660,Suzuki Cultus,2023,"Flat 758, Model Town, Karachi"
55931-7810919-6,REG-4570,Elizabeth A. Lopez,1000,Honda City,2013,"House 722, Model Town, Islamabad"
73106-9451241-6,REG-7897,Chaudhry Anthony Parks,3400,Suzuki Cultus,2018,"Plot 829, Bahria Town, Islamabad"
29766-3275327-4,REG-8650,Mr. Theresa Love,660,Honda City,2018,"House 911, Gulberg, Rawalpindi"
68394-7645022-5,REG-5150,Chaudhry Megan Turner,3400,KIA Sportage,2021,"Plot 601, DHA, Karachi"
49516-6175710-5,REG-6564,Kristen Walsh,1000,Honda Civic,2024,"Flat 76, Bahria Town, Lahore"
86667-3998816-5,REG-9756,Chaudhry Heidi Archer,660,Suzuki Alto,2022,"Flat 480, Model Town, Rawalpindi"
18879-9128826-6,REG-2845,Mr. Ricky Robinson,1300,Honda City,2017,"Plot 283, Model Town, Lahore"
31569-5497150-4,REG-2755,Chaudhry Jamie Freeman,660,Suzuki Cultus,2017,"House 224, DHA, Rawalpindi"
68709-4361277-5,REG-8164,Chaudhry Donald Little,2700,Toyota Corolla,2013,"House 202, Bahria Town, Lahore"
26910-1815390-2,REG-8930,Sheryl Sanchez,3400,Honda City,2017,"House 829, Johar Town, Islamabad"
27913-1084726-4,REG-1715,John A. Flores,1000,Honda City,2017,"Flat 550, DHA, Islamabad"
13614-4560567-6,REG-6798,Victoria Jennings,660,Honda City,2011,"Flat 889, DHA, Rawalpindi"
63125-6666921-3,REG-3181,Cheryl Arnold,3400,Toyota Yaris,2012,"House 885, Gulberg, Lahore"
21429-6612309-8,REG-6024,Mr. Jade Cole,660,Toyota Land Cruiser,2021,"Kothi 264, Gulberg, Lahore"
13373-6316560-6,REG-1037,Mr. Richard Wright,660,KIA Sportage,2011,"House 426, Johar Town, Islamabad"
30536-2567809-1,REG-5764,Chaudhry Rodney Johnson,3400,Suzuki Cultus,2017,"Plot 216, Bahria Town, Lahore"
56903-7068767-7,REG-9640,Andrew Webb,2700,Toyota Prado,2024,"Flat 552, Johar Town, Karachi"
96161-6550563-4,REG-3161,J. Jacobs,660,Toyota Prado,2010,"Flat 833, Gulberg, Lahore"
94843-6188400-9,REG-9115,Anita A. Patterson,1000,Toyota Yaris,2016,"Kothi 573, Model Town, Islamabad"
78592-9885786-5,REG-4252,Connie Elliott,2700,Suzuki Alto,2022,"Plot 259, DHA, Rawalpindi"
23079-7081720-3,REG-9238,Deborah A. Baxter,3400,Honda Civic,2025,"Plot 411, DHA, Lahore"
91871-3250547-2,REG-7917,Chaudhry Kayla Ortega DVM,1800,Honda City,2018,"House 557, Johar Town, Karachi"
82777-4050423-5,REG-4905,James Harris,2700,Suzuki Alto,2019,"Flat 756, Bahria Town, Karachi"
31244-9866725-1,REG-8985,E. Martinez,660,Suzuki Cultus,2015,"Flat 797, Bahria Town, Rawalpindi"
75396-4575817-6,REG-6686,Chaudhry Jacqueline Wilson,660,Honda City,2025,"Kothi 472, Bahria Town, Islamabad"
13469-2808655-1,REG-1139,D. Walker,1300,KIA Sportage,2012,"House 827, Gulberg, Islamabad"
17862-4827163-7,REG-1009,Mr. Sandra Brown,660,Toyota Prado,2017,"Kothi 929, Gulberg, Karachi"
14024-5226663-1,REG-6444,Carrie Strickland,1000,Toyota Yaris,2011,"Flat 727, Gulberg, Karachi"
40327-6944239-4,REG-4517,Sheri A. Graham,660,Honda City,2025,"Flat 778, Gulberg, Islamabad"
49119-9365142-4,REG-8541,Dennis Martinez,1300,Toyota Yaris,2023,"Plot 489, Model Town, Karachi"
49332-5740669-2,REG-5506,Mr. Amy James,660,Toyota Yaris,2024,"Flat 5, Gulberg, Karachi"
31180-6364820-8,REG-3095,Mr. Stephanie Reynolds,2700,BMW X5,2018,"Plot 594, DHA, Karachi"
57233-1774926-8,REG-2110,Brandy A. Reid,660,Toyota Corolla,2010,"Plot 446, Bahria Town, Islamabad"
99804-1409768-2,REG-8498,Chaudhry Steven Hunter,3400,Toyota Yaris,2014,"Plot 998, DHA, Karachi"
49676-3530046-9,REG-9156,D. Powers,660,Toyota Corolla,2024,"Flat 100, Bahria Town, Rawalpindi"
99491-7663473-2,REG-4632,Mr. John Watkins,3400,Honda City,2021,"Kothi 348, Gulberg, Islamabad"
14314-4936126-4,REG-1804,Jason Sheppard,1300,Honda Civic,2013,"House 39, Bahria Town, Karachi"
85346-8222528-2,REG-3988,E. Morgan,1800,Toyota Corolla,2018,"House 50, Model Town, Lahore"
24463-3021044-8,REG-9700,Brandon A. Peters,3400,Honda City,2020,"Plot 539, Gulberg, Lahore"
33459-4756624-9,REG-8185,Tara Freeman,3400,Suzuki Alto,2012,"Plot 649, Johar Town, Lahore"
79459-6931965-8,REG-2352,M. Rice,1300,Toyota Land Cruiser,2016,"House 358, Bahria Town, Karachi"
19488-5579724-3,REG-5986,Chaudhry Tamara Sparks,1300,Suzuki Alto,2013,"House 271, Model Town, Lahore"
15661-4295827-9,REG-1116,Christian Carter,2700,Suzuki Cultus,2016,"House 418, Johar Town, Islamabad"
45023-1177672-6,REG-1081,Mark A. Brown,1800,Suzuki Alto,2015,"House 669, Gulberg, Islamabad"
81933-6549110-7,REG-3613,Christopher A. Larsen,1800,KIA Sportage,2012,"Flat 409, Gulberg, Islamabad"
80778-8032155-7,REG-3960,Shannon Meyer,1300,Honda City,2018,"Plot 397, Gulberg, Rawalpindi"
28750-1088096-4,REG-1052,Chaudhry Savannah Ward,1300,Toyota Yaris,2020,"Flat 711, Johar Town, Rawalpindi"
41557-4328946-2,REG-4562,Mr. Megan Meyer,1000,Honda City,2024,"House 864, Johar Town, Lahore"
16489-7808519-9,REG-3368,Tiffany A. Robertson,1300,Toyota Corolla,2024,"Flat 702, Gulberg, Islamabad"
69702-1015641-8,REG-5467,Chaudhry Stacey Jones,2700,Toyota Yaris,2025,"Kothi 523, Model Town, Rawalpindi"
40727-7355807-6,REG-1549,Chaudhry Jason Horn,2700,Toyota Corolla,2015,"House 403, Johar Town, Islamabad"
90322-6404556-2,REG-5607,Mr. Glenn Wall,660,Toyota Yaris,2022,"Plot 947, Johar Town, Islamabad"
44377-8940262-6,REG-5461,Chaudhry Sarah Jones,2700,Toyota Yaris,2013,"Kothi 585, Bahria Town, Karachi"
18631-9870948-6,REG-2580,Joanna Jones,2700,Suzuki Cultus,2012,"Plot 541, Bahria Town, Islamabad"
41279-3891590-3,REG-9160,K. Lewis,1000,Audi A6,2014,"Kothi 182, DHA, Islamabad"
59972-7069374-7,REG-4801,Mr. Michael Bradford,1800,Suzuki Alto,2011,"House 420, Bahria Town, Islamabad"
59171-2724747-6,REG-3684,Chaudhry Mercedes Myers,3400,Suzuki Alto,2020,"Flat 679, Johar Town, Islamabad"
69350-2476399-5,REG-6263,Chaudhry Nichole Guerrero,3400,Suzuki Cultus,2010,"Kothi 298, Gulberg, Lahore"
68892-9025213-3,REG-6345,Chaudhry Gerald Vance,2700,Suzuki Alto,2012,"Plot 7, Bahria Town, Islamabad"
74064-9735791-4,REG-9051,Annette A. Martin,2700,BMW X5,2018,"Flat 536, Model Town, Rawalpindi"
43143-1298076-9,REG-2769,Mr. Gregory Davis,660,Suzuki Cultus,2013,"Plot 1, Johar Town, Islamabad"
17567-3993549-5,REG-3323,S. Stone PhD,1000,Suzuki Alto,2013,"Flat 939, Model Town, Islamabad"
41697-5452740-8,REG-9525,Mr. Chelsea Wilson,1000,BMW X5,2021,"House 538, Gulberg, Lahore"
36434-3152524-7,REG-5687,Aaron A. Scott,660,KIA Sportage,2015,"Flat 633, Model Town, Lahore"
68003-7303642-6,REG-7720,B. Cross,3400,Suzuki Alto,2020,"House 730, Model Town, Rawalpindi"
66487-5308248-6,REG-2642,Adrian Gonzalez,1300,Suzuki Alto,2023,"Plot 395, Johar Town, Karachi"
91075-4214681-6,REG-4050,Alexander A. Smith,1300,Honda Civic,2012,"House 682, Bahria Town, Islamabad"
19277-2341155-8,REG-8412,Anthony Wilson,1300,Toyota Corolla,2015,"Kothi 403, Johar Town, Rawalpindi"
75090-1429317-2,REG-7673,Chaudhry Kirk Williams,2700,KIA Sportage,2020,"Kothi 958, Gulberg, Rawalpindi"
64380-8945730-3,REG-4865,Jeffrey Weber,1300,Suzuki Alto,2014,"House 451, Gulberg, Rawalpindi"
27731-9586455-1,REG-4087,Felicia Moore,3400,Toyota Corolla,2023,"Plot 759, Bahria Town, Rawalpindi"
80997-1680953-5,REG-5787,Erika Proctor,3400,Honda City,2025,"Flat 788, Gulberg, Rawalpindi"
25482-2510822-4,REG-8981,Chaudhry Jessica White,1000,Suzuki Cultus,2025,"House 585, DHA, Lahore"
75135-2480593-4,REG-7891,Chaudhry Bonnie Freeman,3400,Suzuki Cultus,2025,"Kothi 57, Bahria Town, Islamabad"
73280-1919027-9,REG-8304,Kenneth Simpson,660,Honda City,2023,"Kothi 864, Johar Town, Karachi"
63339-1840461-3,REG-6126,B. Smith,1000,Toyota Yaris,2011,"Flat 343, Bahria Town, Lahore"
34398-5608154-9,REG-5468,Mrs. A. DDS,1300,Toyota Yaris,2011,"Flat 89, Model Town, Rawalpindi"
43426-6012634-9,REG-2704,Christine A. Cooper,1300,Suzuki Cultus,2025,"Kothi 524, Gulberg, Lahore"
50219-6108489-4,REG-3258,Derek A. Smith,1000,Honda Civic,2020,"Kothi 822, Gulberg, Islamabad"
49972-4389120-3,REG-8437,R. Brown,3400,Audi A6,2015,"House 213, Johar Town, Islamabad"
70846-9203841-3,REG-1726,Debra Butler,1300,Honda City,2013,"Flat 953, Model Town, Karachi"
69825-1858329-6,REG-4835,Mr. Rebecca Dawson,1300,Honda Civic,2024,"House 546, DHA, Rawalpindi"
84046-6428334-1,REG-3144,Chaudhry Pamela Bruce,2700,Honda City,2016,"Flat 225, Gulberg, Islamabad"
36286-4512556-8,REG-3987,Chaudhry Michelle Glass,2700,Suzuki Alto,2013,"Kothi 958, Gulberg, Karachi"
36635-1968320-3,REG-9782,Mr. Stephanie Summers,2700,Honda City,2023,"Kothi 879, DHA, Lahore"
27956-2206752-8,REG-9648,Chaudhry Jennifer Aguilar,660,Honda City,2024,"Plot 15, Johar Town, Karachi"
75302-4704502-5,REG-2363,Eric A. Jenkins,2700,Toyota Corolla,2011,"Plot 548, Bahria Town, Karachi"
37119-9660934-2,REG-7489,Chaudhry Daniel Hawkins,660,Suzuki Cultus,2021,"Kothi 98, Bahria Town, Lahore"
16594-7957362-4,REG-4284,Wendy A. Burgess,1300,Audi A6,2017,"Flat 724, Gulberg, Rawalpindi"
30294-1950675-3,REG-8609,Alexander A. Townsend,1000,Toyota Prado,2020,"House 164, Gulberg, Islamabad"
40496-6347396-9,REG-4762,Chaudhry Benjamin Galloway,1300,Toyota Land Cruiser,2013,"Plot 317, Model Town, Islamabad"
81923-4600058-3,REG-3070,Chaudhry John Smith,660,Honda Civic,2010,"Plot 401, DHA, Islamabad"
59804-3616974-5,REG-9397,Chaudhry Andrew Berger,660,Suzuki Cultus,2011,"Plot 671, Johar Town, Lahore"
35972-8792226-3,REG-2146,R. Gonzalez,1000,Suzuki Alto,2017,"Plot 441, Model Town, Rawalpindi"
24991-1651164-6,REG-9398,Emily Roberts MD,660,Honda City,2015,"House 674, Bahria Town, Lahore"
48110-9219424-6,REG-6567,C. Greene,2700,Honda Civic,2019,"House 769, Gulberg, Lahore"
36281-9132638-5,REG-5301,Chaudhry Steven West,660,Honda City,2023,"Flat 613, Johar Town, Lahore"
36388-3343910-8,REG-1418,Chaudhry Melanie Lee,1000,Honda City,2019,"Flat 787, Bahria Town, Islamabad"
14247-2688905-1,REG-4699,Cheryl Long,2700,Toyota Land Cruiser,2019,"Flat 200, Bahria Town, Islamabad"
16560-3885347-6,REG-2624,Samantha Spencer,2700,Suzuki Cultus,2015,"Flat 461, Gulberg, Karachi"
53195-7107761-3,REG-3348,Mr. Peter Thomas,3400,Suzuki Cultus,2020,"House 807, Model Town, Lahore"
83292-8633343-2,REG-8054,J. Shaffer,3400,BMW X5,2019,"House 807, Bahria Town, Rawalpindi"
70476-1602279-1,REG-6511,Chaudhry Carol Rios,660,Toyota Yaris,2018,"House 526, Johar Town, Lahore"
64133-3214078-7,REG-2301,Joshua A. Wilson,1300,Audi A6,2012,"Flat 79, Model Town, Karachi"
57112-3847051-2,REG-4339,Chaudhry Nathaniel Leonard,1300,Suzuki Alto,2014,"Flat 6, Gulberg, Islamabad"
29534-5383567-2,REG-2784,Anne Carter,1000,Suzuki Alto,2020,"House 901, Bahria Town, Lahore"
30063-9323660-5,REG-2294,S. Smith,2700,Suzuki Alto,2013,"House 333, Gulberg, Karachi"
31499-9983655-1,REG-6156,Robert A. Allen,3400,Suzuki Cultus,2020,"Flat 376, Bahria Town, Islamabad"
62916-4413463-3,REG-1938,Chaudhry Sean Cohen,660,Toyota Prado,2017,"Plot 745, Johar Town, Karachi"
22451-1253527-2,REG-7004,Chaudhry Jacob Fisher,1000,Suzuki Cultus,2020,"House 501, Johar Town, Karachi"
40049-2460295-3,REG-4014,Chaudhry Patrick Castillo,2700,Suzuki Alto,2010,"Plot 862, Model Town, Lahore"
65574-7597933-9,REG-6106,Mr. William Alvarez,3400,Honda City,2023,"House 299, Johar Town, Lahore"
21052-4651120-4,REG-2236,M. Barnes,1300,Toyota Yaris,2024,"Plot 610, Johar Town, Lahore"
42210-2225629-6,REG-3686,Chaudhry Diane Bell,660,Toyota Corolla,2015,"House 43, Bahria Town, Karachi"
49794-6739014-2,REG-2209,M. Ramsey,1000,Honda Civic,2017,"Kothi 607, Bahria Town, Lahore"
51612-7911706-7,REG-2077,Mr. Danielle Powell,660,Honda Civic,2024,"House 91, Bahria Town, Karachi"
77030-3804065-3,REG-3258,Mr. Allison Raymond,660,Suzuki Alto,2017,"Flat 789, Bahria Town, Karachi"
35978-4684998-6,REG-2930,Chaudhry Kayla Williams,1300,KIA Sportage,2014,"House 3, Gulberg, Lahore"
75185-9817313-6,REG-1295,Willie A. Webster,660,KIA Sportage,2011,"House 770, Johar Town, Lahore"
36088-1844305-6,REG-7649,Mr. Maria Chapman,2700,Suzuki Cultus,2018,"Kothi 95, Model Town, Karachi"
74560-9325279-3,REG-6187,Paula A. Gray,660,Honda Civic,2023,"Flat 849, Model Town, Lahore"
71099-3763617-7,REG-4862,Chaudhry James Heath,2700,Honda City,2016,"Kothi 845, Johar Town, Islamabad"
87803-9919963-2,REG-7071,Mr. April Thomas,1000,Toyota Yaris,2020,"House 992, Model Town, Karachi"
41471-4322116-8,REG-2765,Amy Hensley,1300,Toyota Yaris,2011,"Plot 899, Gulberg, Lahore"
61381-7623889-6,REG-7436,Chaudhry Whitney Powers,1800,Toyota Prado,2022,"Kothi 416, DHA, Karachi"
95521-6697399-7,REG-8236,Monica Mcdaniel,1800,Honda City,2022,"Flat 5, Model Town, Rawalpindi"
89145-1274367-2,REG-1889,J. Reyes,2700,Honda City,2021,"Kothi 429, Gulberg, Islamabad"
69963-3446625-6,REG-6427,Mr. Jack Williams,3400,Honda City,2024,"Plot 86, Model Town, Rawalpindi"
71071-1546416-5,REG-8202,B. Hood,1000,Toyota Yaris,2018,"Flat 91, Model Town, Karachi"
67937-7835784-9,REG-3027,Mr. Jennifer Hunt,3400,Suzuki Alto,2017,"Plot 124, Bahria Town, Lahore"
59236-4088786-7,REG-8906,C. Gonzalez,1300,Suzuki Alto,2025,"Flat 341, Bahria Town, Islamabad"
31943-4761457-6,REG-6154,C. Pena,1300,Suzuki Alto,2015,"Kothi 316, Gulberg, Islamabad"
76421-4178403-3,REG-6021,Alexandra Fields,2700,Toyota Corolla,2015,"Kothi 540, DHA, Lahore"
32983-2740494-4,REG-8394,Chaudhry Kayla Hays,660,Suzuki Alto,2024,"Kothi 579, Model Town, Islamabad"
98636-2692941-9,REG-6250,J. Spence,2700,Honda City,2021,"Kothi 139, Model Town, Rawalpindi"
19948-9628110-6,REG-5233,Mr. Katherine Sutton,1300,Toyota Yaris,2013,"Kothi 273, Model Town, Islamabad"
50020-7305937-9,REG-4073,Brittany A. Noble,1300,Suzuki Alto,2025,"House 929, Gulberg, Rawalpindi"
57673-1301878-1,REG-8366,D. Farmer,660,Toyota Yaris,2021,"House 571, Gulberg, Rawalpindi"
50782-9598071-3,REG-7933,Mr. Jennifer Mcdonald,1000,Toyota Prado,2011,"Kothi 36, Model Town, Rawalpindi"
27955-1118619-5,REG-5647,Kathryn Farmer,1300,Suzuki Cultus,2025,"Plot 193, Johar Town, Lahore"
61408-3912234-5,REG-2902,Richard A. Riggs,1800,Honda Civic,2010,"Plot 299, Johar Town, Lahore"
65142-7837774-2,REG-7063,Amber A. Anderson,660,Honda City,2020,"Kothi 505, Model Town, Islamabad"
52493-3715809-8,REG-6227,Mr. George Wright,660,Suzuki Cultus,2017,"House 813, Johar Town, Islamabad"
28334-4368603-9,REG-9555,C. Mitchell,3400,Honda City,2020,"House 167, Model Town, Karachi"
99313-6234019-1,REG-4397,Mr. Mason Shelton,1800,Suzuki Alto,2019,"Flat 995, Gulberg, Islamabad"
34529-5569266-5,REG-1464,J. Jones,660,Suzuki Alto,2017,"Kothi 203, Johar Town, Islamabad"
67448-7762509-2,REG-8112,Kaitlyn A. Lowery,1800,Suzuki Alto,2022,"Flat 371, Gulberg, Islamabad"
60530-8928178-5,REG-9603,S. White,1000,Suzuki Alto,2015,"House 209, Johar Town, Rawalpindi"
75700-7849397-3,REG-5057,Mr. Kathleen Shaw,2700,Suzuki Alto,2012,"Flat 46, Bahria Town, Islamabad"
80212-8888969-9,REG-4518,Mr. Jose Nichols,1000,Toyota Prado,2015,"Kothi 771, DHA, Islamabad"
61333-7085790-7,REG-7269,Mr. Jessica Pugh,2700,KIA Sportage,2016,"Flat 872, DHA, Islamabad"
68937-1197056-1,REG-2292,Thomas A. Caldwell,3400,Suzuki Cultus,2012,"Flat 363, Johar Town, Islamabad"
44802-5083170-2,REG-4197,Samuel A. Cannon,2700,Toyota Yaris,2012,"House 772, Johar Town, Rawalpindi"
24584-6149722-3,REG-2157,Tiffany Ponce,3400,Suzuki Alto,2018,"Plot 991, DHA, Rawalpindi"
61707-6733523-7,REG-7419,Scott Anderson,2700,Suzuki Alto,2010,"Kothi 512, Model Town, Islamabad"
34344-3406176-9,REG-3344,Mark A. Barrera,1300,Toyota Corolla,2014,"Kothi 686, Model Town, Karachi"
37925-6682930-2,REG-5848,Mr. Monica Edwards,660,Suzuki Alto,2022,"Kothi 69, Johar Town, Lahore"
85214-4951757-7,REG-1454,Todd Hodges,3400,Suzuki Alto,2012,"Kothi 220, Johar Town, Islamabad"
99068-3222286-3,REG-7422,Chaudhry Jerry Jones,1000,Suzuki Alto,2010,"Plot 688, Bahria Town, Lahore"
47041-1561560-7,REG-4755,Mr. Laurie Stevens,1800,Suzuki Alto,2016,"Flat 135, Gulberg, Islamabad"
18822-9540760-5,REG-4235,Gavin Gray,1300,Honda City,2016,"Plot 926, Bahria Town, Islamabad"
22299-7035464-2,REG-1158,Kenneth Patel,2700,Toyota Yaris,2020,"Flat 24, Johar Town, Lahore"
25969-6454978-4,REG-3521,Chaudhry Larry Velasquez,1800,Honda City,2011,"House 469, Bahria Town, Rawalpindi"
46052-9445156-1,REG-1763,John Terry,2700,Toyota Prado,2017,"Kothi 605, Johar Town, Lahore"
15191-8844748-2,REG-7698,S. Michael,3400,BMW X5,2018,"Kothi 230, Model Town, Islamabad"
53389-9903545-4,REG-9673,Tyler Harris,1800,Toyota Yaris,2024,"Plot 570, Bahria Town, Islamabad"
85698-1511547-4,REG-9147,Mr. Lori Williamson,2700,Suzuki Alto,2016,"Plot 30, Johar Town, Islamabad"
65562-7281523-2,REG-5857,Mark A. Walker,1000,Honda City,2013,"Flat 742, DHA, Lahore"
62447-7548256-9,REG-6932,J. Rodriguez,1300,Suzuki Cultus,2017,"Kothi 232, DHA, Islamabad"
79669-6526837-5,REG-7673,Chaudhry Brian Ortiz,2700,BMW X5,2020,"House 658, Gulberg, Karachi"
66535-8616337-8,REG-3035,Mr. Gregory Floyd,1800,Toyota Corolla,2012,"Plot 350, Johar Town, Karachi"
24664-7759160-3,REG-8411,Mr. Melissa Mason,3400,Honda Civic,2017,"Flat 778, Bahria Town, Lahore"
77660-1277330-8,REG-7424,Catherine Jackson,2700,Toyota Corolla,2012,"Plot 810, Bahria Town, Islamabad"
36368-5969919-1,REG-2347,Chaudhry Brandon Robinson,1000,Audi A6,2019,"House 65, Model Town, Karachi"
64776-1218331-9,REG-5527,Chaudhry Donna Franklin,660,Honda City,2012,"Flat 572, Model Town, Karachi"
84105-6296204-6,REG-6943,Paul A. Alvarez,660,KIA Sportage,2016,"Flat 108, DHA, Karachi"
56564-8063523-1,REG-2184,Mr. Natasha Perez,660,Suzuki Cultus,2019,"Kothi 792, DHA, Islamabad"
23985-3581603-6,REG-3683,Debbie A. Wright,3400,Toyota Yaris,2011,"Kothi 498, DHA, Islamabad"
51749-8990020-3,REG-7733,Mallory A. James,2700,KIA Sportage,2015,"House 541, Johar Town, Islamabad"
76576-7524770-4,REG-5615,William Collins,1300,Honda City,2013,"Flat 258, DHA, Karachi"
46478-9707181-7,REG-8286,Mr. Barbara Garcia,1300,Suzuki Cultus,2014,"Kothi 165, Gulberg, Karachi"
28129-1216017-2,REG-1814,Alexander A. Thompson,3400,Honda City,2018,"Plot 746, Johar Town, Rawalpindi"
13618-1153082-2,REG-9668,Chaudhry Amanda Serrano,2700,Suzuki Cultus,2023,"Kothi 800, DHA, Karachi"
85082-9962101-2,REG-6965,Jane Fitzpatrick,3400,Suzuki Cultus,2012,"Flat 347, Johar Town, Rawalpindi"
73508-4451412-1,REG-7738,Chaudhry Kyle Powell,660,Honda City,2014,"Plot 210, Model Town, Rawalpindi"
23633-2645161-3,REG-9747,Mr. Eric Horton,1300,Honda City,2015,"Plot 451, Gulberg, Rawalpindi"
18854-1902061-8,REG-8586,Mr. Karen Smith,3400,Toyota Yaris,2010,"Plot 410, Bahria Town, Rawalpindi"
71828-3378606-2,REG-1338,Amber Luna,1000,Suzuki Cultus,2022,"Kothi 614, Gulberg, Lahore"
41273-4837270-1,REG-7188,Jessica A. Steele,1300,Honda Civic,2019,"Kothi 580, Bahria Town, Lahore"
41800-2573656-4,REG-4686,C. Glenn,1800,Toyota Yaris,2024,"House 39, Gulberg, Lahore"
62688-5034095-4,REG-2613,E. Bailey,660,Suzuki Alto,2017,"House 953, Johar Town, Rawalpindi"
44466-1693289-3,REG-8670,Lauren A. Wise,2700,Suzuki Cultus,2018,"Kothi 19, Gulberg, Lahore"
22658-4136290-3,REG-3720,Chaudhry Kelly Martinez,3400,Suzuki Cultus,2010,"Plot 631, Johar Town, Islamabad"
23866-9553183-7,REG-8833,Chaudhry Brian Jenkins,2700,Toyota Yaris,2025,"House 74, DHA, Lahore"
75860-2302273-1,REG-4052,S. Wyatt,3400,Toyota Yaris,2014,"Flat 469, Gulberg, Lahore"
83387-4498615-1,REG-6536,Erica Palmer,660,Suzuki Alto,2021,"Plot 850, Johar Town, Rawalpindi"
37362-3049397-4,REG-2428,James A. Doyle,3400,Suzuki Alto,2010,"Kothi 114, Johar Town, Lahore"
81580-9718610-6,REG-3468,Mr. Susan Horn,2700,KIA Sportage,2022,"House 90, Bahria Town, Lahore"
21768-7167093-5,REG-6464,Chaudhry Jamie Jones,1000,Suzuki Cultus,2010,"Flat 317, Model Town, Karachi"
74767-6617915-4,REG-1501,B. Hayes,660,Suzuki Alto,2024,"House 81, DHA, Lahore"
24898-4588346-9,REG-6246,Chaudhry Scott Zamora,2700,Honda City,2020,"Kothi 467, Gulberg, Karachi"
20460-1361845-1,REG-2795,Chaudhry Aaron West,2700,Toyota Corolla,2011,"House 687, Bahria Town, Rawalpindi"
17184-4016736-5,REG-8897,Mr. Matthew Johnson,1800,Honda City,2023,"Kothi 262, Bahria Town, Islamabad"
49391-6846586-1,REG-7416,J. Morrison,1000,Honda Civic,2021,"Flat 392, DHA, Karachi"
68049-3733594-8,REG-9818,Chaudhry Mrs. Karen Hoffman,1300,Toyota Corolla,2011,"Flat 281, Bahria Town, Lahore"
64056-1351073-6,REG-5733,E. Hickman,1300,Honda City,2022,"Plot 558, Model Town, Islamabad"
10226-5006125-6,REG-4674,Ryan Mcpherson,1000,KIA Sportage,2014,"House 545, Bahria Town, Lahore"
14637-6262521-7,REG-6889,E. Rose,660,BMW X5,2012,"Flat 376, DHA, Lahore"
70035-3703043-4,REG-1842,Erin A. Rodriguez,2700,Toyota Yaris,2010,"House 666, Johar Town, Karachi"
63412-9704500-2,REG-8903,Chaudhry David Black,660,Honda City,2024,"Plot 224, Model Town, Lahore"
44103-8237492-2,REG-4972,Mr. Audrey Ruiz,1800,Suzuki Cultus,2014,"Plot 626, Gulberg, Karachi"
47264-7558493-4,REG-5559,Chaudhry Jim Cisneros,2700,Suzuki Alto,2016,"Flat 264, DHA, Lahore"
37422-5354022-3,REG-9786,Mr. Jonathan Edwards,1000,Toyota Yaris,2018,"House 613, DHA, Rawalpindi"
49832-2307646-2,REG-5964,Charlotte A. Lyons,1300,Honda City,2011,"House 549, DHA, Lahore"
57382-2249625-3,REG-2809,Kara A. DDS,660,KIA Sportage,2019,"House 740, Gulberg, Islamabad"
68986-3984524-2,REG-3566,Chaudhry Jesse Palmer,660,Suzuki Alto,2021,"Flat 311, Gulberg, Rawalpindi"
32704-8464651-2,REG-7966,Mr. Bryan Gutierrez,3400,Toyota Land Cruiser,2020,"Kothi 351, Model Town, Karachi"
14023-7509271-4,REG-5935,B. Edwards,660,Honda Civic,2024,"House 876, Bahria Town, Islamabad"
97912-6629503-5,REG-7391,J. Perez,2700,Suzuki Cultus,2022,"House 866, Bahria Town, Lahore"
21729-3651397-5,REG-1357,Mr. Micheal Williams,1800,Toyota Yaris,2019,"Flat 185, DHA, Karachi"
73096-2629106-1,REG-3457,D. Robert Diaz MD,2700,Audi A6,2021,"Kothi 261, DHA, Karachi"
18133-2087148-5,REG-2989,Chaudhry Ariel Hart,1300,Toyota Yaris,2016,"House 275, Bahria Town, Islamabad"
57662-3958298-3,REG-2857,Antonio Johnson,1800,Honda City,2025,"Flat 807, Model Town, Islamabad"
58002-3788885-9,REG-7749,M. Evans,1300,Suzuki Alto,2018,"House 894, Bahria Town, Karachi"
47392-7388309-1,REG-7165,Chaudhry Kevin Wood,1000,Suzuki Cultus,2023,"Plot 665, Bahria Town, Karachi"
60355-7129547-4,REG-6486,David Wilson,2700,Toyota Yaris,2019,"Kothi 270, DHA, Lahore"
23055-7331934-6,REG-7569,Chaudhry Cameron Simmons,1800,Toyota Land Cruiser,2024,"Plot 289, DHA, Rawalpindi"
67454-9177681-2,REG-1497,D. Tucker,1000,Toyota Land Cruiser,2017,"House 471, Johar Town, Rawalpindi"
22285-7789627-2,REG-9442,Chaudhry Kara Moore,1300,Toyota Corolla,2014,"Kothi 492, Bahria Town, Karachi"
65814-8386437-1,REG-9476,K. Powers,1800,Suzuki Cultus,2025,"House 196, DHA, Islamabad"
57335-8447706-8,REG-6375,Eric Brown,2700,Suzuki Cultus,2016,"Plot 960, Model Town, Lahore"
19373-9544885-4,REG-2263,Denise Ewing,1800,Toyota Corolla,2019,"Kothi 763, Bahria Town, Rawalpindi"
24424-2004976-7,REG-4300,Michael Harrell,2700,Toyota Yaris,2019,"House 246, Johar Town, Karachi"
76910-6306167-4,REG-1221,Connie Miranda,1300,Toyota Corolla,2018,"House 86, Gulberg, Islamabad"
71404-8733198-3,REG-5801,Emily Stevens,660,KIA Sportage,2013,"House 827, Gulberg, Islamabad"
22836-4444917-5,REG-9669,Vanessa A. Paul,1000,BMW X5,2011,"Flat 70, DHA, Rawalpindi"
73121-5317123-3,REG-4418,Heather A. Byrd,3400,Honda City,2020,"House 643, Johar Town, Lahore"
94353-8890385-1,REG-8459,Chaudhry Kerri Chen,2700,Toyota Yaris,2013,"Plot 792, Gulberg, Karachi"
95345-7115097-3,REG-8178,Mr. Dennis Landry,2700,KIA Sportage,2010,"Kothi 823, Model Town, Lahore"
58198-4048885-4,REG-6466,N. Rose,2700,Suzuki Cultus,2019,"House 613, Gulberg, Lahore"
68901-4640117-1,REG-3384,Chaudhry Paul Jackson,660,Audi A6,2018,"Flat 450, Bahria Town, Karachi"
49904-6268476-4,REG-8031,Chaudhry Linda Cannon,660,Honda City,2010,"House 412, DHA, Karachi"
11652-7038456-8,REG-9354,Amanda A. Bennett,1800,KIA Sportage,2017,"Plot 68, Gulberg, Islamabad"
77063-9256125-4,REG-4630,K. Hale,2700,Suzuki Alto,2019,"Plot 198, Gulberg, Karachi"
50617-8660114-5,REG-4630,R. Davis,1800,Honda Civic,2019,"Plot 999, Model Town, Lahore"
63343-3978096-6,REG-1361,Mr. Renee Wallace,1300,Toyota Yaris,2019,"Kothi 685, DHA, Islamabad"
31243-5000242-1,REG-2519,Chaudhry Anthony Green,1800,Honda City,2023,"Plot 623, Model Town, Rawalpindi"
72267-7485214-3,REG-6386,T. Smith,1000,Audi A6,2013,"Flat 247, Johar Town, Lahore"
45899-7979760-3,REG-6695,S. Patel,1300,KIA Sportage,2024,"Plot 535, Bahria Town, Islamabad"
17461-3814341-4,REG-7309,Christine Gonzales,3400,Toyota Prado,2021,"Kothi 172, DHA, Rawalpindi"
63599-5247613-4,REG-8913,Rebecca Dawson,3400,Toyota Corolla,2021,"Plot 980, Model Town, Rawalpindi"
22431-1865547-7,REG-8369,Stephanie A. Sanders,1800,Honda City,2010,"House 991, DHA, Islamabad"
19245-5848106-3,REG-1275,Tiffany A. Nichols,1800,Honda City,2014,"Plot 431, DHA, Rawalpindi"
49357-9603402-2,REG-7820,Roger A. Valdez,1300,Toyota Prado,2011,"Kothi 250, Gulberg, Islamabad"
78406-4232717-7,REG-6819,M. Jared Marsh DVM,660,Toyota Yaris,2023,"House 607, Model Town, Rawalpindi"
33792-5289218-4,REG-6162,Tanya A. Roberts,2700,Honda City,2016,"Kothi 376, Johar Town, Islamabad"
98788-2231870-1,REG-1605,S. Johnson,660,Suzuki Cultus,2022,"Kothi 218, Model Town, Lahore"
68313-8974991-6,REG-1176,Adrian A. Johnson,1800,Toyota Yaris,2022,"Plot 477, Model Town, Karachi"
66444-2492340-4,REG-2073,Ernest A. Hart,660,Honda Civic,2020,"Kothi 411, Bahria Town, Karachi"
58602-7034401-7,REG-8132,Joshua Eaton,2700,Suzuki Cultus,2021,"Kothi 786, Model Town, Karachi"
39172-4606147-5,REG-2871,J. Lane,3400,Honda City,2012,"House 37, Johar Town, Karachi"
63233-8059623-2,REG-5125,Nicholas Johnson,2700,Suzuki Alto,2024,"Kothi 597, Gulberg, Islamabad"
85623-6967336-6,REG-1401,G. Schaefer,660,Suzuki Alto,2015,"Kothi 323, Bahria Town, Rawalpindi"
12308-3700093-7,REG-7793,Mr. David Powell,3400,Suzuki Cultus,2023,"Flat 120, Model Town, Karachi"
93176-5170340-4,REG-9599,Mr. James Davis,1800,Honda City,2016,"Flat 785, Model Town, Islamabad"
31418-2086005-8,REG-7596,Chaudhry David Martinez,1800,Suzuki Cultus,2023,"House 204, DHA, Rawalpindi"
83486-5570755-1,REG-3078,Tracy Garcia,2700,Suzuki Alto,2017,"House 818, DHA, Karachi"
21243-5176193-1,REG-7866,G. Smith,1300,Honda City,2019,"Plot 236, Bahria Town, Islamabad"
40980-1324091-1,REG-9691,Ashley Jackson,1800,Toyota Corolla,2021,"House 85, DHA, Karachi"
29479-8883119-6,REG-6409,Kiara Castillo,1000,Suzuki Alto,2022,"House 535, Model Town, Islamabad"
48242-8002587-8,REG-4223,Jennifer A. Olson,1000,Honda City,2014,"Flat 342, DHA, Lahore"
44601-3725620-5,REG-3357,M. Liu,660,Suzuki Cultus,2016,"House 65, Johar Town, Lahore"
44465-3210650-6,REG-1993,Mr. Anthony Dunn,1000,Honda City,2019,"Flat 514, Gulberg, Karachi"
34693-1859836-3,REG-4852,Chaudhry Melinda Craig,3400,Honda Civic,2018,"Kothi 395, Model Town, Lahore"
40069-6224082-2,REG-9591,M. Tucker,1300,Honda Civic,2011,"Kothi 97, DHA, Karachi"
35073-8586035-8,REG-6820,Laura Jones,2700,BMW X5,2017,"Plot 638, DHA, Rawalpindi"
84059-8306001-3,REG-1504,Erin Davis,1800,Suzuki Alto,2013,"House 198, Johar Town, Karachi"
24142-8672465-4,REG-9308,Mr. Mary Becker,2700,Suzuki Cultus,2010,"Flat 514, Gulberg, Islamabad"
17481-1518495-4,REG-9161,Chaudhry Diana Pugh,3400,Suzuki Alto,2023,"House 227, Johar Town, Islamabad"
37717-8620890-4,REG-4332,Chaudhry Derek Olsen,1000,Suzuki Alto,2011,"Plot 210, Model Town, Islamabad"
27200-3639827-1,REG-5833,Chaudhry Paul Hicks,2700,Toyota Yaris,2019,"Plot 475, Model Town, Islamabad"
61972-6292457-9,REG-5229,Shannon A. Beard,1000,Toyota Yaris,2022,"Flat 57, Johar Town, Islamabad"
21683-5923472-1,REG-2819,Mr. Brittany Arroyo,2700,Honda City,2013,"Flat 527, Bahria Town, Karachi"
32974-5113305-8,REG-4901,Melvin A. Donovan,3400,Suzuki Alto,2025,"House 203, Model Town, Lahore"
76427-9745866-6,REG-4597,Chaudhry Michele Martinez,3400,Toyota Yaris,2022,"Kothi 542, Model Town, Lahore"
23921-2175307-7,REG-2525,Mr. Teresa Osborne,3400,Toyota Yaris,2024,"Kothi 496, DHA, Islamabad"
97625-9616033-4,REG-7809,Joseph Jordan,1300,KIA Sportage,2021,"Kothi 326, Gulberg, Rawalpindi"
58715-9975489-8,REG-7342,T. Robinson,1000,Honda Civic,2020,"Flat 634, DHA, Lahore"
69733-2474055-5,REG-2183,Chaudhry Ana Schmidt,660,Toyota Land Cruiser,2011,"Plot 39, Johar Town, Karachi"
18283-8815971-1,REG-3025,Benjamin A. Clark,1800,Honda City,2017,"Flat 674, DHA, Islamabad"
67324-9720893-2,REG-4018,Mark Nguyen,1300,Toyota Corolla,2015,"Plot 404, DHA, Lahore"
14179-5832341-3,REG-9306,M. Taylor,660,Suzuki Cultus,2016,"House 717, DHA, Islamabad"
31493-9923054-7,REG-5216,Mr. Jesse Howard,660,Honda Civic,2023,"Plot 246, Bahria Town, Rawalpindi"
65808-6671241-6,REG-7894,W. Thomas,660,Toyota Corolla,2020,"House 913, Bahria Town, Rawalpindi"
82342-2962617-2,REG-7983,Chaudhry Katherine Garcia,1000,Toyota Yaris,2019,"Flat 966, Gulberg, Rawalpindi"
39684-4103052-5,REG-1233,Mr. William Mitchell,1800,Toyota Yaris,2016,"Kothi 403, Bahria Town, Karachi"
35383-9238380-2,REG-2071,Chaudhry Caleb Preston,2700,Toyota Yaris,2010,"Flat 822, Bahria Town, Lahore"
43443-9603725-8,REG-8449,Mr. Robert Thomas,1300,Toyota Corolla,2022,"Plot 876, Johar Town, Islamabad"
51083-3899281-6,REG-3924,Chaudhry William Wagner,1300,Suzuki Cultus,2018,"Plot 676, Gulberg, Lahore"
10015-4887531-6,REG-8172,Jeff A. Lyons,660,Honda City,2022,"House 807, Model Town, Lahore"
14918-6487171-4,REG-5883,Steve Moore,3400,Suzuki Alto,2019,"Flat 839, Model Town, Islamabad"
49527-7285571-6,REG-1819,M. Ross,660,Honda City,2023,"Kothi 388, Model Town, Lahore"
39772-1211243-7,REG-6750,K. Tucker,1800,Honda City,2023,"Plot 837, DHA, Karachi"
29730-6147039-5,REG-1138,Joe Horton,1000,Suzuki Alto,2015,"Flat 390, Gulberg, Islamabad"
27510-5023186-9,REG-7445,Chaudhry Travis Johnson,1800,Suzuki Alto,2012,"Flat 687, DHA, Islamabad"
32630-6363835-3,REG-7141,Mr. Briana Hernandez,660,BMW X5,2017,"House 813, Johar Town, Rawalpindi"
54474-8888957-8,REG-4451,Karen A. Carter,660,Honda Civic,2025,"Plot 747, Model Town, Islamabad"
42682-2074040-2,REG-5582,Zachary A. Rice,1800,Honda City,2013,"House 335, DHA, Lahore"
39765-7208047-2,REG-1743,Chaudhry Corey White,1000,Toyota Land Cruiser,2018,"House 510, DHA, Karachi"
70564-7741831-5,REG-5867,Chaudhry David Harvey,1000,Honda City,2022,"Kothi 977, Gulberg, Islamabad"
93706-8893240-6,REG-7800,Chaudhry Nicholas Graves,1300,Suzuki Alto,2022,"Flat 752, Model Town, Islamabad"
85139-2776435-9,REG-9553,Renee A. Lee,3400,Honda City,2024,"House 496, Gulberg, Rawalpindi"
11547-4809961-4,REG-8238,J. French,1800,KIA Sportage,2024,"Plot 372, Johar Town, Islamabad"
96349-3094761-1,REG-3528,Mr. A. DDS,2700,Toyota Yaris,2025,"Kothi 606, Johar Town, Rawalpindi"
13097-3197653-7,REG-5984,Samuel A. Mcclure,660,Suzuki Cultus,2013,"House 189, Johar Town, Islamabad"
77527-6982981-2,REG-6003,Nicole A. Estrada,1800,Honda City,2015,"Plot 813, Johar Town, Lahore"
38705-7152620-7,REG-6895,Richard A. Stewart,660,Honda City,2025,"Plot 390, DHA, Rawalpindi"
36440-6490524-5,REG-7876,Heather Mcdowell,1800,Suzuki Cultus,2011,"Flat 528, Bahria Town, Rawalpindi"
81679-9393779-1,REG-9139,Virginia A. Lucas,660,Honda City,2015,"Plot 620, Gulberg, Karachi"
34031-1294401-9,REG-5947,Mr. Richard Austin,3400,Honda City,2010,"House 890, Johar Town, Islamabad"
17001-1929868-4,REG-3543,Chaudhry Jacob Reid,1800,Toyota Corolla,2018,"House 923, Johar Town, Karachi"
76951-8757837-3,REG-5011,Cassidy Doyle,3400,KIA Sportage,2018,"Plot 148, Bahria Town, Rawalpindi"
13986-8111032-3,REG-4467,N. Weiss,2700,Honda Civic,2017,"Flat 619, Model Town, Karachi"
65085-4631155-9,REG-9292,Samantha A. Cox,1300,Suzuki Alto,2023,"Kothi 56, DHA, Lahore"
54591-3775439-4,REG-9627,Chaudhry Noah Schwartz,2700,Honda City,2015,"Flat 238, Johar Town, Karachi"
40429-3934067-4,REG-3664,Chaudhry Lauren Cohen,660,Honda City,2024,"House 768, Gulberg, Karachi"
45722-8120431-9,REG-6419,A. Dunlap,1800,Toyota Prado,2020,"House 501, DHA, Rawalpindi"
21316-2168283-9,REG-1861,Jill A. Schmidt,2700,KIA Sportage,2015,"Kothi 146, Model Town, Rawalpindi"
32491-4631390-9,REG-4445,Jennifer A. Smith,1300,BMW X5,2016,"Flat 419, Bahria Town, Karachi"
39842-3704938-7,REG-1360,J. Ross,660,Honda Civic,2019,"Flat 634, Gulberg, Islamabad"
50637-3716696-4,REG-9451,Mr. Seth Campbell,1000,Suzuki Cultus,2014,"Kothi 88, Bahria Town, Karachi"
87297-6298077-2,REG-1147,J. Williams,1800,Suzuki Cultus,2012,"Flat 189, Gulberg, Rawalpindi"
67648-9157896-8,REG-9515,Mr. Sarah Smith,1300,Honda Civic,2020,"Flat 483, Johar Town, Karachi"
71843-9539426-3,REG-3277,Danny Parsons,3400,Toyota Corolla,2014,"Plot 239, DHA, Islamabad"
60258-2168025-7,REG-5957,Shannon A. Strickland,3400,KIA Sportage,2010,"House 363, Gulberg, Islamabad"
56136-7575256-3,REG-3520,Mr. Nicole Quinn,660,Suzuki Cultus,2016,"Kothi 886, Johar Town, Lahore"
15458-8999402-6,REG-9778,Jacob A. Lee,660,Suzuki Cultus,2025,"Kothi 975, Gulberg, Islamabad"
30508-1065787-3,REG-4142,Mr. Emily Elliott,660,Toyota Yaris,2025,"Flat 695, Gulberg, Islamabad"
87335-4685578-6,REG-5507,J. Martinez,3400,Suzuki Alto,2019,"Plot 563, Johar Town, Rawalpindi"
95314-4060374-5,REG-6800,Chaudhry Daniel Decker,1300,Toyota Corolla,2022,"House 140, DHA, Islamabad"
72864-8395616-8,REG-4515,Chaudhry Timothy Blake,2700,Honda City,2024,"Flat 373, Johar Town, Lahore"
55854-9924969-6,REG-1242,Mr. Michelle Russell,1000,Honda City,2010,"Kothi 120, Model Town, Islamabad"
60740-5372177-1,REG-5020,Mr. Brittany Henry,2700,Suzuki Cultus,2024,"Flat 820, Gulberg, Lahore"
57560-1201275-5,REG-4538,Amy A. Cook,1300,Honda City,2023,"Flat 295, Gulberg, Karachi"
59448-1365053-2,REG-4709,Mr. Lisa Gay,3400,Toyota Yaris,2022,"Plot 215, DHA, Karachi"
29253-6219800-4,REG-1484,Brian A. Macias,1800,Suzuki Cultus,2020,"Plot 59, Gulberg, Islamabad"
25990-2797024-3,REG-9814,T. Fletcher,3400,Suzuki Alto,2016,"House 792, Bahria Town, Rawalpindi"
35288-1668834-8,REG-5150,Chaudhry Kenneth Goodman,1300,Honda City,2019,"Kothi 433, DHA, Karachi"
88248-3119262-5,REG-9568,L. Paul,1800,Honda City,2018,"House 87, DHA, Karachi"
26283-1654516-1,REG-7708,Chaudhry Manuel Smith,3400,Suzuki Alto,2022,"Flat 726, Bahria Town, Lahore"
70734-3718398-2,REG-1126,Angela Daniel,3400,Honda City,2020,"Plot 203, Johar Town, Islamabad"
98144-4322425-6,REG-2565,Mr. John Barron,3400,Honda Civic,2019,"House 878, Gulberg, Islamabad"
61235-7862161-5,REG-4708,A. Landry,1300,Suzuki Alto,2014,"Kothi 239, Gulberg, Lahore"
98249-3937692-3,REG-9467,Chaudhry Jessica Campbell,660,Toyota Yaris,2021,"Plot 915, Bahria Town, Islamabad"
92055-1988772-8,REG-9104,Chaudhry Crystal Brown,1000,Suzuki Alto,2019,"House 802, Gulberg, Lahore"
69190-8365075-1,REG-6987,Chaudhry Edward Hoffman,1300,Toyota Prado,2021,"Flat 677, Gulberg, Karachi"
16306-9666103-3,REG-7135,Angela A. Lopez,660,Toyota Yaris,2019,"Kothi 180, Gulberg, Karachi"
94690-1077199-9,REG-2536,Barbara Johnson,660,Suzuki Alto,2015,"House 865, Model Town, Rawalpindi"
97728-4171772-7,REG-3317,P. Smith,1300,Suzuki Alto,2017,"Kothi 342, Gulberg, Karachi"
51464-7318282-4,REG-6760,Michelle Ramsey,1300,Honda City,2023,"Flat 926, Bahria Town, Lahore"
86007-6474519-6,REG-6631,Chaudhry Nicole Rogers,660,Suzuki Cultus,2021,"Flat 821, Johar Town, Islamabad"
30768-9199735-5,REG-8247,Katrina A. Hansen,1000,Honda Civic,2017,"House 504, DHA, Karachi"
66110-2386059-7,REG-8649,Mr. Michael Ramos,1000,KIA Sportage,2016,"Flat 601, Johar Town, Rawalpindi"
10572-2464083-3,REG-2318,Mr. Elizabeth Watson,3400,Toyota Yaris,2017,"House 386, Model Town, Lahore"
89448-8304246-8,REG-4753,S. Cummings,1000,Toyota Yaris,2022,"Flat 84, Gulberg, Islamabad"
22789-1598709-8,REG-2084,David Alvarez,1800,Suzuki Alto,2012,"Flat 220, DHA, Islamabad"
46424-7216175-4,REG-8072,Mr. David Campbell,2700,Suzuki Alto,2011,"Kothi 788, Johar Town, Islamabad"
69797-6330063-7,REG-7389,Matthew A. Smith,3400,Toyota Yaris,2015,"Kothi 982, DHA, Lahore"
28991-5952073-1,REG-4816,Elizabeth Jacobs,1300,Toyota Yaris,2014,"Plot 361, Gulberg, Karachi"
44041-9495695-1,REG-5201,Riley A. Bates,1300,Honda City,2022,"Kothi 490, DHA, Lahore"
20720-1577315-4,REG-7697,Rachel A. Nelson,1800,Honda City,2015,"Kothi 616, Gulberg, Lahore"
48141-6758373-3,REG-1406,Jason A. Carson,660,Audi A6,2010,"Plot 661, DHA, Karachi"
75555-5366723-6,REG-5910,Mr. Rachael Vasquez,1800,Toyota Corolla,2016,"Plot 168, Bahria Town, Rawalpindi"
39338-5197413-5,REG-4699,Mr. Chase Lawson,3400,Suzuki Cultus,2014,"House 227, Bahria Town, Islamabad"
18268-7427857-9,REG-7223,Mr. Kathryn Hale,1800,Toyota Corolla,2016,"Kothi 218, DHA, Rawalpindi"
71558-6247128-1,REG-5130,J. Gordon,1000,Honda City,2023,"Kothi 238, Gulberg, Rawalpindi"
79471-4287251-5,REG-5040,Chaudhry Christine Miller,2700,Suzuki Alto,2025,"Plot 534, DHA, Islamabad"
63102-3814297-3,REG-8941,Alexander Jensen,2700,Honda Civic,2013,"Kothi 481, Gulberg, Islamabad"
83822-7168314-2,REG-7329,Chaudhry Kevin Hill,2700,Toyota Prado,2017,"Kothi 781, Johar Town, Islamabad"
31250-6751311-2,REG-9495,Chaudhry Sara Mcgee,660,Suzuki Cultus,2013,"Flat 389, DHA, Karachi"
75361-5741450-6,REG-9568,J. White,660,Toyota Yaris,2017,"Kothi 592, Johar Town, Karachi"
51137-1480897-6,REG-5334,M. Nguyen,1800,Suzuki Alto,2013,"Plot 470, DHA, Islamabad"
69670-7198766-6,REG-3728,Darren A. Harris,1300,Suzuki Alto,2012,"Kothi 973, Bahria Town, Karachi"
57231-4159777-4,REG-9962,Spencer A. Lynch,1300,Toyota Yaris,2022,"Flat 301, Bahria Town, Lahore"
65114-1165106-4,REG-2446,Mr. Robert White,2700,Honda City,2013,"House 211, Johar Town, Lahore"
41097-2851560-5,REG-5981,Mr. Danielle Wiley,1800,Honda City,2023,"House 198, Johar Town, Lahore"
44939-1826122-7,REG-1492,M. Jones,1300,Toyota Prado,2018,"House 993, Model Town, Islamabad"
84511-1148341-9,REG-1527,Chaudhry Johnny Palmer,2700,Toyota Yaris,2023,"Kothi 359, Johar Town, Karachi"
11712-4401230-3,REG-6337,Mr. Dwayne Ward,660,Honda City,2025,"Plot 105, Bahria Town, Lahore"
45055-9649694-6,REG-7751,Chaudhry Shawn Moon,3400,Suzuki Alto,2016,"Kothi 415, DHA, Lahore"
88192-8121213-2,REG-8752,Chaudhry Michelle Murphy,2700,Suzuki Alto,2021,"Flat 527, Bahria Town, Rawalpindi"
57739-1370361-1,REG-1109,Chaudhry James Williams,660,Suzuki Alto,2017,"House 438, Johar Town, Rawalpindi"
31118-7237727-6,REG-7243,Chaudhry Daniel Garcia,1300,Honda City,2013,"Plot 368, Model Town, Islamabad"
81240-3376720-3,REG-3056,Chaudhry Brian Ramirez,2700,Honda City,2021,"Plot 156, Bahria Town, Lahore"
87140-3093661-3,REG-4038,Chaudhry Patricia Hall,2700,Honda City,2020,"Flat 515, Johar Town, Lahore"
83461-9331191-7,REG-7044,C. Robles,2700,Toyota Yaris,2012,"Kothi 557, DHA, Lahore"
40956-8091105-3,REG-5818,Mr. John Zavala,1300,Honda Civic,2014,"Plot 948, DHA, Karachi"
56846-5051287-2,REG-4603,Julie Baker PhD,660,Honda Civic,2021,"Kothi 604, Gulberg, Rawalpindi"
53977-8992144-1,REG-3178,Chaudhry Heather Simpson,1000,Toyota Prado,2013,"Plot 999, DHA, Rawalpindi"
75941-5007057-1,REG-9306,Karen A. Turner,3400,Toyota Yaris,2010,"Plot 203, DHA, Islamabad"
20769-6563923-2,REG-7287,Chaudhry Michele Vargas,3400,KIA Sportage,2022,"Flat 665, DHA, Rawalpindi"
50438-2244674-9,REG-7909,Mr. Karina Stephens,1800,Suzuki Cultus,2011,"Kothi 251, Bahria Town, Karachi"
50022-8246946-6,REG-8436,Thomas A. Harrell,1000,Suzuki Cultus,2016,"House 724, Johar Town, Rawalpindi"
31753-1761954-8,REG-4709,Laurie Banks,2700,Honda City,2016,"House 868, Bahria Town, Lahore"
47343-9504263-1,REG-8093,Chaudhry Pamela Fields,660,Toyota Corolla,2025,"Flat 49, DHA, Karachi"
76930-7785194-3,REG-5454,T. Arroyo,1000,KIA Sportage,2024,"Plot 686, Bahria Town, Rawalpindi"
43942-8614597-2,REG-3923,Mr. Michelle Juarez,1800,Suzuki Cultus,2018,"Plot 925, Gulberg, Lahore"
39193-7683573-2,REG-4805,Louis A. Henry,1000,Honda Civic,2020,"Plot 418, DHA, Islamabad"
57753-6619840-4,REG-8128,Chaudhry Beth Sandoval,1000,Toyota Yaris,2022,"Flat 678, Model Town, Karachi"
14967-7723583-7,REG-9275,Chaudhry Michael Anderson,2700,Honda City,2019,"Kothi 71, Bahria Town, Lahore"
19234-1953825-9,REG-4766,S. Wang,660,Honda City,2019,"Plot 270, DHA, Rawalpindi"
75837-9194711-5,REG-7024,Travis A. Dawson,2700,Toyota Yaris,2019,"Plot 102, Gulberg, Rawalpindi"
48265-2064723-8,REG-5589,Brian A. Wright,1300,Toyota Yaris,2019,"Plot 145, DHA, Rawalpindi"
67321-3131622-1,REG-8917,Aaron Holt,660,Suzuki Cultus,2017,"Plot 593, DHA, Lahore"
24796-6402932-4,REG-5449,Beth A. Johnson,660,Suzuki Cultus,2020,"House 227, Johar Town, Islamabad"
55609-3861310-6,REG-9602,Chaudhry Kevin Clements,660,Honda City,2011,"Kothi 730, Model Town, Karachi"
67380-8347419-3,REG-8121,Donna A. Young,1300,Suzuki Alto,2013,"House 136, DHA, Rawalpindi"
40827-3606788-5,REG-6816,B. Martinez,3400,Suzuki Cultus,2023,"House 118, Gulberg, Lahore"
98014-4707724-1,REG-9502,Mr. Linda Phillips,660,Suzuki Alto,2024,"Plot 44, Model Town, Lahore"
50112-6340408-9,REG-7511,R. Davis,2700,Honda City,2015,"Kothi 993, Johar Town, Karachi"
50784-9702983-4,REG-5684,Sean Rice,2700,Honda Civic,2014,"Kothi 745, Model Town, Karachi"
58981-6951438-9,REG-6237,D. Brooks MD,1300,Honda City,2010,"Plot 635, Model Town, Karachi"
76045-1375493-7,REG-6033,M. Cherry DDS,1300,Toyota Corolla,2025,"Kothi 681, Johar Town, Karachi"
15715-9922591-5,REG-6157,Mr. Joyce Bailey,1300,Toyota Yaris,2018,"Flat 122, Gulberg, Islamabad"
77815-8991842-4,REG-7911,L. Lee,1300,Honda City,2013,"Kothi 558, Model Town, Islamabad"
62694-1534213-5,REG-5325,Mr. Aaron Rodriguez,2700,Honda Civic,2025,"Kothi 329, Bahria Town, Rawalpindi"
56916-6140451-8,REG-1308,Harold A. Bailey,1800,Suzuki Alto,2011,"Flat 89, Model Town, Karachi"
40645-8250667-5,REG-9487,J. Gordon,660,Toyota Yaris,2022,"Flat 711, DHA, Islamabad"
81881-2021242-6,REG-4691,Chaudhry Jacob Berg,3400,Suzuki Alto,2017,"Flat 420, DHA, Rawalpindi"
89736-9804247-5,REG-3866,A. Frost,1000,Suzuki Alto,2015,"Plot 349, Model Town, Rawalpindi"
24230-4120906-8,REG-8442,Mr. Joel Gray,2700,Suzuki Alto,2012,"House 379, Bahria Town, Islamabad"
73858-1725239-3,REG-7405,Chaudhry Ronald Humphrey,2700,Toyota Yaris,2019,"Flat 870, Gulberg, Rawalpindi"
47823-8067034-3,REG-3013,Chaudhry Michael Harrington,1300,Toyota Corolla,2019,"Flat 158, Bahria Town, Karachi"
56166-5713264-1,REG-9755,George A. Shelton,2700,Toyota Corolla,2018,"Plot 340, DHA, Karachi"
17064-8167611-7,REG-5768,C. Evans,660,Toyota Yaris,2010,"Plot 156, Model Town, Lahore"
24596-5556914-8,REG-1483,Chaudhry Kayla Wolfe,1300,Toyota Land Cruiser,2020,"Kothi 610, Model Town, Lahore"
61374-7544049-3,REG-4832,Mr. Jason Jones,3400,Suzuki Cultus,2022,"Kothi 801, DHA, Islamabad"
24951-6386583-6,REG-1202,Chaudhry Christopher Anderson,1300,BMW X5,2013,"Plot 696, DHA, Karachi"
37112-1341893-4,REG-1345,Chelsea Simmons,1000,Toyota Yaris,2018,"Flat 101, Bahria Town, Karachi"
40584-8906930-6,REG-2434,Alexander A. Brady,660,Toyota Prado,2021,"House 38, Johar Town, Islamabad"
77636-2510067-9,REG-5897,J. Carr,3400,KIA Sportage,2011,"Kothi 126, Bahria Town, Karachi"
67738-6223196-7,REG-8981,Jerry A. Salazar,660,Suzuki Alto,2023,"Flat 16, Bahria Town, Lahore"
53506-7701559-4,REG-4907,Mr. Brandy Moses,1800,Honda Civic,2023,"Kothi 250, Model Town, Karachi"
59441-1636911-9,REG-2947,Jason A. Bernard,2700,Suzuki Cultus,2023,"Flat 276, Gulberg, Rawalpindi"
71315-1228442-1,REG-4756,Jared Simpson,1300,Toyota Prado,2013,"Kothi 474, Bahria Town, Karachi"
88537-8877083-9,REG-3799,J. Jacobs,1800,Suzuki Cultus,2019,"Kothi 164, DHA, Islamabad"
67727-2525784-5,REG-2785,K. Martinez,1800,Toyota Land Cruiser,2022,"Kothi 893, Bahria Town, Lahore"
18844-2568747-2,REG-1998,Renee Knight,660,Suzuki Alto,2015,"Plot 378, DHA, Rawalpindi"
63784-9519280-8,REG-2953,Mr. Carla Bailey,3400,Honda Civic,2014,"Flat 942, Model Town, Islamabad"
32180-2681216-9,REG-4890,H. Stone,1800,Toyota Yaris,2025,"Kothi 117, Model Town, Islamabad"
80918-4515111-4,REG-3020,M. Green,660,Toyota Corolla,2021,"Kothi 367, Model Town, Islamabad"
47222-2416912-6,REG-8564,S. Delacruz,1000,KIA Sportage,2019,"House 375, Johar Town, Islamabad"
28029-6510260-2,REG-3332,Anthony A. Miller,3400,Toyota Yaris,2019,"Flat 166, Gulberg, Lahore"
57297-4728772-7,REG-5186,Chaudhry Jerry Perez,2700,Honda City,2022,"House 166, Bahria Town, Rawalpindi"
57278-7809808-5,REG-4477,Chaudhry Emily Stevens,3400,Toyota Yaris,2021,"Plot 177, Gulberg, Karachi"
59144-1977245-1,REG-6909,Chaudhry Paul Fowler,2700,Suzuki Cultus,2015,"Kothi 225, Model Town, Rawalpindi"
98565-1707612-8,REG-7431,Nicholas Steele,2700,Toyota Yaris,2018,"Kothi 821, Bahria Town, Karachi"
18843-3927561-3,REG-7123,Eduardo A. Zavala,2700,Suzuki Alto,2024,"Flat 831, Johar Town, Karachi"
90353-3879701-9,REG-8140,A. Jones,1800,Suzuki Alto,2013,"Flat 298, Johar Town, Karachi"
73357-2866768-3,REG-8021,Tina A. Crawford,1800,Suzuki Alto,2025,"Flat 317, Model Town, Karachi"
81589-4727706-8,REG-5746,Kevin A. Allen,2700,KIA Sportage,2012,"Flat 581, Bahria Town, Islamabad"
74695-8524159-9,REG-8153,Chaudhry Eric Smith,3400,Honda Civic,2010,"Plot 842, DHA, Lahore"
20589-1556898-9,REG-6412,Jesus A. Cook,660,Honda City,2011,"Plot 274, DHA, Karachi"
78251-1392024-1,REG-6846,Kristine Long,660,Suzuki Alto,2010,"Plot 451, DHA, Rawalpindi"
79826-5003977-3,REG-5627,Chaudhry Amber Potter,3400,Suzuki Alto,2025,"Plot 322, Model Town, Lahore"
27261-6646759-6,REG-7504,Mr. Annette Collins,1000,Toyota Yaris,2024,"House 932, DHA, Lahore"
91808-3026855-1,REG-7763,Mr. Anthony Anderson,1800,Suzuki Cultus,2018,"Plot 719, Model Town, Islamabad"
49414-2465946-4,REG-5711,Steven Hampton,2700,Toyota Yaris,2020,"Kothi 618, Model Town, Lahore"
17721-5803533-4,REG-7654,Michael A. Lee,1000,Suzuki Cultus,2014,"Flat 94, Johar Town, Rawalpindi"
90260-3407615-7,REG-8602,Mr. Teresa Key,1300,Toyota Corolla,2019,"Kothi 386, Gulberg, Karachi"
38895-5717168-5,REG-4987,Jesse Johnson,1300,Honda City,2016,"Plot 137, Model Town, Rawalpindi"
15977-4759365-2,REG-9112,S. Stevens,1300,Toyota Prado,2017,"Plot 451, Model Town, Rawalpindi"
76826-6837500-9,REG-8999,Kenneth Blake,3400,Honda City,2015,"Kothi 28, Johar Town, Islamabad"
62586-4518757-3,REG-7199,C. Cole,1000,Toyota Yaris,2022,"Flat 509, Gulberg, Karachi"
78766-3585178-7,REG-6650,Chaudhry Larry Mora,1000,Suzuki Alto,2019,"Plot 484, Johar Town, Karachi"
35933-5173090-6,REG-6915,Chaudhry Juan Anderson,1800,Toyota Land Cruiser,2022,"House 271, Model Town, Islamabad"
93310-3033250-8,REG-6963,Adam Hamilton,1800,Suzuki Cultus,2014,"Flat 386, Johar Town, Karachi"
51381-8337912-1,REG-5061,Jennifer Newton,3400,Toyota Yaris,2023,"Flat 261, Bahria Town, Karachi"
32272-5899933-2,REG-3621,Robert A. Schneider,660,Toyota Yaris,2016,"Kothi 835, Gulberg, Rawalpindi"
98257-8328129-4,REG-2815,Chaudhry Christy Carroll,2700,Toyota Corolla,2017,"House 160, Gulberg, Karachi"
76789-3501611-6,REG-8021,Mr. Susan Ward,1000,Suzuki Cultus,2025,"Plot 660, Gulberg, Rawalpindi"
46383-3498340-2,REG-7349,Mr. Melissa Valdez,3400,Honda City,2018,"Plot 740, Johar Town, Karachi"
31135-8969927-9,REG-6520,K. Wood,1000,Toyota Yaris,2018,"Plot 451, Johar Town, Rawalpindi"
22992-1280547-4,REG-8564,J. Mclaughlin,1800,Suzuki Cultus,2016,"Kothi 40, Johar Town, Lahore"
80504-8303857-4,REG-9019,Chaudhry Aaron Bowen,3400,KIA Sportage,2020,"Flat 646, Johar Town, Karachi"
85082-3884921-6,REG-4279,Mr. William Rivera,1000,Toyota Corolla,2021,"Flat 107, Gulberg, Lahore"
94324-3644522-5,REG-1240,Mark Martin,3400,Honda City,2015,"Plot 259, Johar Town, Lahore"
17852-1847100-4,REG-9633,Chaudhry Holly Cook,1800,Suzuki Alto,2011,"Plot 211, DHA, Islamabad"
43118-2447710-5,REG-8005,Nicole A. Mccarthy,2700,BMW X5,2025,"Kothi 187, Model Town, Lahore"
49337-8742753-4,REG-9170,Mr. Joseph Preston,3400,Suzuki Alto,2023,"Flat 249, Gulberg, Lahore"
39289-1138614-2,REG-1154,Dr. A. Thomas,660,Suzuki Cultus,2020,"Flat 768, DHA, Rawalpindi"
74265-1387084-4,REG-8219,M. Rogers,1800,Toyota Yaris,2011,"Plot 360, DHA, Islamabad"
60884-7908022-9,REG-7806,Donna A. Hunt,2700,Honda Civic,2011,"Kothi 230, Model Town, Rawalpindi"
19527-9592102-8,REG-6941,Marcus Newton,1800,Toyota Yaris,2011,"Kothi 599, Johar Town, Rawalpindi"
45980-3989111-7,REG-4645,Erica Morales,1800,Honda City,2023,"Kothi 217, DHA, Karachi"
70470-5112275-9,REG-9745,Daniel Mercer,1000,KIA Sportage,2023,"House 82, Model Town, Rawalpindi"
11166-1222871-5,REG-3756,Elizabeth A. Cole,660,Honda Civic,2012,"Kothi 648, Bahria Town, Karachi"
71602-3197317-5,REG-6946,S. Bowen,660,Toyota Yaris,2013,"Kothi 730, Bahria Town, Karachi"
94228-7594852-1,REG-6705,Mr. Brandon Price,1300,Toyota Yaris,2010,"Flat 23, Gulberg, Rawalpindi"
52597-9721703-4,REG-5131,J. Schultz,3400,Audi A6,2017,"Flat 70, Bahria Town, Lahore"
97863-2325289-5,REG-6121,Mr. Jennifer Smith,1000,Suzuki Alto,2022,"House 810, Model Town, Islamabad"
81544-3724283-2,REG-9993,Chaudhry Daniel Johnson,3400,Suzuki Cultus,2024,"House 749, DHA, Islamabad"
13297-7185815-3,REG-2248,Steven Rodriguez,1300,Suzuki Cultus,2014,"Kothi 652, Johar Town, Rawalpindi"
26037-2976217-9,REG-4838,S. Goodwin,1300,Toyota Corolla,2021,"Kothi 308, Gulberg, Rawalpindi"
60212-2790460-7,REG-1923,Mr. Samuel Heath,1000,Honda City,2013,"Plot 390, Bahria Town, Islamabad"
72944-7353722-7,REG-7364,Mr. Justin Adams,1000,Honda City,2012,"Flat 855, DHA, Lahore"
95416-8532312-5,REG-1569,Mr. Stephen Murray,1300,Honda City,2024,"Plot 158, Gulberg, Rawalpindi"
89895-5633368-6,REG-7470,Mr. Barbara Moon,660,Suzuki Alto,2024,"Plot 618, Johar Town, Karachi"
65755-3494386-5,REG-9940,Mr. Jerry Thomas,1300,Suzuki Cultus,2022,"Plot 126, Johar Town, Lahore"
64556-2371260-1,REG-3059,Mr. Cynthia Anderson,1800,Toyota Yaris,2016,"Kothi 680, Model Town, Rawalpindi"
18266-2716901-2,REG-6164,Kathleen King,660,Suzuki Alto,2024,"Kothi 309, Johar Town, Lahore"
59212-7108592-3,REG-9656,M. Melissa Lopez,3400,Toyota Yaris,2023,"Kothi 91, DHA, Lahore"
29806-9451828-4,REG-7064,G. Wright,3400,BMW X5,2011,"House 835, DHA, Karachi"
89215-9684895-2,REG-7560,Mr. Kyle Cross,3400,Suzuki Cultus,2019,"Plot 297, Gulberg, Rawalpindi"
43014-5042995-6,REG-5601,David Thomas,1300,Toyota Corolla,2015,"House 577, DHA, Rawalpindi"
50017-1979810-2,REG-4669,T. King,2700,Suzuki Alto,2017,"House 439, DHA, Karachi"
87018-5660976-8,REG-5652,Kerri Carroll,1800,Toyota Yaris,2020,"Flat 192, Johar Town, Rawalpindi"
12803-5725096-8,REG-7198,D. Martinez,3400,BMW X5,2013,"Flat 307, Johar Town, Islamabad"
93683-9542035-2,REG-5473,M. Chavez,3400,Honda City,2021,"House 821, Johar Town, Rawalpindi"
54619-4839866-6,REG-1369,A. Powell,2700,Toyota Yaris,2016,"House 325, Johar Town, Islamabad"
50378-7272462-4,REG-9132,Michele Davis,2700,Audi A6,2025,"Kothi 936, Johar Town, Islamabad"
87999-5043828-7,REG-9722,Dennis Wallace,660,Suzuki Cultus,2023,"Kothi 264, Johar Town, Karachi"
27683-3147454-9,REG-2405,Kimberly Faulkner,1000,Honda City,2014,"House 82, Model Town, Karachi"
57233-5347195-4,REG-1823,Crystal Randall,660,Toyota Yaris,2018,"Kothi 474, Bahria Town, Lahore"
49368-2753042-3,REG-5178,Mr. William Lee,3400,Toyota Corolla,2015,"Kothi 658, Johar Town, Rawalpindi"
15652-4206164-7,REG-4023,Mrs. A. Jacobs,3400,KIA Sportage,2019,"Kothi 702, Gulberg, Karachi"
59099-5794459-7,REG-3229,William A. Dean,2700,Honda City,2025,"Kothi 528, Gulberg, Karachi"
61186-3363345-9,REG-9302,Emily Richardson MD,3400,Suzuki Cultus,2014,"Flat 570, Gulberg, Lahore"
20694-5037515-2,REG-4354,Mr. Tracy Walker,1800,Toyota Yaris,2016,"Plot 854, Model Town, Islamabad"
70189-8974321-6,REG-9702,Ariel A. MD,3400,Suzuki Alto,2013,"Flat 616, Model Town, Karachi"
81551-3965836-3,REG-4939,M. Kyle Sullivan,3400,Honda Civic,2023,"House 160, Johar Town, Karachi"
72706-6646611-2,REG-8318,Megan A. George,2700,Toyota Yaris,2011,"Plot 147, Johar Town, Karachi"
53134-5841927-5,REG-2230,Lisa A. Perez,1300,Toyota Corolla,2018,"House 274, Bahria Town, Rawalpindi"
11584-8307187-4,REG-9453,Roberto A. Ball,1000,KIA Sportage,2017,"Kothi 478, DHA, Rawalpindi"
92748-7294180-1,REG-1708,V. Orozco,3400,Toyota Corolla,2015,"House 984, Bahria Town, Rawalpindi"
43159-5034844-1,REG-7559,Rebecca A. Christian,1300,Honda City,2017,"House 474, Gulberg, Lahore"
42266-8523023-5,REG-9338,D. Schultz,1300,Honda City,2019,"Plot 994, DHA, Islamabad"
85222-1534456-2,REG-1339,Alex Young,660,Honda City,2020,"House 644, Johar Town, Rawalpindi"
82061-3457368-7,REG-6609,Chaudhry Kathleen Ramsey,1800,Toyota Land Cruiser,2011,"Plot 917, Johar Town, Rawalpindi"
44845-6800235-7,REG-2754,Sean A. Jones,1300,Toyota Prado,2021,"Plot 196, DHA, Islamabad"
88536-8276499-4,REG-6891,Sydney A. Beasley,1000,Honda Civic,2012,"Flat 581, Model Town, Lahore"
75659-7226096-9,REG-8143,Chaudhry Christopher King,1800,Suzuki Cultus,2014,"House 40, Model Town, Islamabad"
94631-5365539-5,REG-9188,J. Holloway,1000,Honda Civic,2019,"Kothi 797, Johar Town, Rawalpindi"
68913-8747558-8,REG-3218,T. White,3400,Suzuki Cultus,2010,"Flat 943, DHA, Karachi"
24858-5164571-3,REG-4084,James Wall,2700,Suzuki Alto,2019,"Plot 139, Bahria Town, Rawalpindi"
97484-6609266-4,REG-3962,S. Wood,1300,Toyota Yaris,2019,"Flat 746, Gulberg, Rawalpindi"
16098-3909818-1,REG-9640,M. Jarvis,2700,Toyota Yaris,2010,"Plot 457, DHA, Lahore"
69316-1518114-1,REG-3210,Chaudhry Victoria Joyce,2700,Suzuki Alto,2019,"Kothi 762, Gulberg, Lahore"
64216-4891992-3,REG-6067,C. Davis,3400,Suzuki Alto,2025,"House 601, Gulberg, Karachi"
54483-6114356-8,REG-6351,Chaudhry Raymond Martinez,3400,Toyota Yaris,2015,"Kothi 405, DHA, Lahore"
52337-1625731-7,REG-8392,Stephanie A. Berg,3400,Honda City,2025,"Plot 227, Model Town, Lahore"
13516-2573252-1,REG-5673,Dennis A. Robertson,1000,Toyota Yaris,2013,"Kothi 880, Gulberg, Rawalpindi"
58971-2655641-7,REG-2045,Bruce Steele,660,Suzuki Alto,2016,"Flat 13, Gulberg, Islamabad"
63656-2098562-8,REG-9997,Jerry Brooks,660,Toyota Yaris,2020,"Kothi 107, Gulberg, Lahore"
63004-2714250-8,REG-1024,Jason Montgomery,1800,Suzuki Cultus,2019,"Kothi 820, Johar Town, Lahore"
25177-8879291-5,REG-2715,Mr. Dustin Shaw,1000,Suzuki Cultus,2016,"House 621, Gulberg, Islamabad"
97605-1046912-8,REG-4581,Andrew A. Parker,1800,Toyota Prado,2013,"Plot 360, Johar Town, Rawalpindi"
59661-2736426-5,REG-3680,Kenneth A. Alvarez,3400,Honda City,2016,"House 340, Model Town, Karachi"
84282-7702709-1,REG-5123,J. Sloan,1300,Honda City,2022,"Kothi 472, Johar Town, Karachi"
91696-9019698-5,REG-4970,J. Martinez,1300,Suzuki Alto,2023,"House 722, Model Town, Lahore"
29373-6375153-1,REG-7483,K. Weeks,1300,KIA Sportage,2023,"Plot 32, Bahria Town, Islamabad"
41207-7395767-4,REG-5654,Mr. Angela Jones,2700,Suzuki Cultus,2020,"Flat 630, Johar Town, Karachi"
23236-5147367-8,REG-1328,Mr. Mark Ramirez,1000,KIA Sportage,2010,"Kothi 975, Model Town, Karachi"
68760-3935625-9,REG-4638,Theresa A. Alvarez,2700,Toyota Yaris,2014,"Flat 958, Model Town, Lahore"
79189-5541978-8,REG-3575,Mr. Tiffany Bass,1000,Suzuki Alto,2024,"House 959, DHA, Karachi"
10124-7663670-9,REG-8141,Dr. Aaron Morgan,660,Suzuki Alto,2013,"House 335, Model Town, Lahore"
30420-7371036-3,REG-1875,Mr. Kimberly Howard,1800,Honda City,2023,"Flat 555, DHA, Lahore"
70235-9511063-3,REG-1909,K. Stevens,3400,Honda City,2016,"Kothi 841, DHA, Karachi"
30162-6154514-4,REG-4135,Alex Parker,2700,Honda City,2016,"House 56, Model Town, Lahore"
33846-8348865-9,REG-4147,Mr. Robin Hawkins,1800,Suzuki Alto,2023,"Flat 854, Bahria Town, Karachi"
51095-7586412-3,REG-9482,Jeremy A. Rose,1000,Honda Civic,2025,"Kothi 283, Model Town, Karachi"
27739-7241086-3,REG-7513,M. King,1000,Toyota Yaris,2024,"Plot 712, DHA, Lahore"
36436-6138295-1,REG-2026,Javier Rodriguez,1000,Toyota Prado,2025,"Flat 331, DHA, Islamabad"
98912-8829962-9,REG-3176,Whitney A. Hernandez,660,Suzuki Alto,2016,"Plot 454, DHA, Lahore"
55744-7743905-3,REG-6285,Joshua A. Gomez,660,Toyota Yaris,2012,"Plot 213, DHA, Lahore"
21969-7731553-2,REG-3077,Danny Green,1000,Toyota Yaris,2025,"Plot 253, Gulberg, Lahore"
63633-8542832-2,REG-7049,K. Dickerson,2700,Honda Civic,2012,"House 407, Model Town, Karachi"
41726-8308605-6,REG-5407,Mr. Angela Mejia,1800,Honda City,2011,"Kothi 545, Model Town, Karachi"
60471-2124206-5,REG-8357,Crystal A. White,660,Suzuki Alto,2016,"Kothi 289, Model Town, Lahore"
38069-8327367-6,REG-4458,Donald Brooks,660,Honda City,2017,"Kothi 290, Bahria Town, Rawalpindi"
49804-7372788-2,REG-1052,Mr. Clarence Evans,3400,Honda Civic,2017,"House 461, DHA, Rawalpindi"
66044-5301726-8,REG-3938,Chaudhry Haley Cabrera,1300,Audi A6,2016,"Flat 405, DHA, Karachi"
75795-3626372-9,REG-1533,M. Lewis,2700,Toyota Yaris,2011,"Kothi 196, DHA, Rawalpindi"
60119-6753896-7,REG-9584,L. Gilbert,3400,Suzuki Cultus,2014,"House 571, DHA, Rawalpindi"
96517-3617435-5,REG-5339,Mr. Kelsey Smith,660,Toyota Prado,2015,"Kothi 528, Bahria Town, Islamabad"
52531-8482712-8,REG-3901,Jordan Wiggins,2700,Suzuki Cultus,2019,"Flat 935, Johar Town, Rawalpindi"
90225-3330989-3,REG-2989,Chaudhry Wanda Kennedy,3400,Toyota Yaris,2021,"Flat 656, Johar Town, Lahore"
64178-1419648-5,REG-5733,Lori A. Dunlap,1000,Honda City,2016,"Kothi 384, Bahria Town, Rawalpindi"
12645-8859237-7,REG-1979,Lauren A. MD,660,Honda Civic,2022,"Plot 715, DHA, Lahore"
93484-4712513-5,REG-5102,Mr. Jack Brown,3400,Toyota Yaris,2023,"Kothi 208, Gulberg, Islamabad"
85563-8623170-7,REG-4506,Karen A. Beck,1800,Toyota Yaris,2025,"Flat 399, DHA, Karachi"
19020-6175880-9,REG-9456,A. Young,2700,Suzuki Cultus,2019,"House 598, Gulberg, Rawalpindi"
96659-6888913-7,REG-9421,Nicholas Hughes,1300,Suzuki Alto,2020,"Plot 246, Johar Town, Rawalpindi"
53188-5194852-7,REG-3332,J. Rose,3400,KIA Sportage,2010,"Flat 506, Gulberg, Lahore"
75480-9574209-4,REG-2240,Chaudhry Lisa Marshall,3400,Honda Civic,2019,"House 833, Bahria Town, Lahore"
55326-6000063-2,REG-3263,Chaudhry Rose Johnson,2700,Toyota Yaris,2024,"Plot 243, Gulberg, Islamabad"
67885-7867541-9,REG-5631,Z. Garcia,1000,BMW X5,2010,"House 44, DHA, Karachi"
97496-4474950-2,REG-9661,Brenda Garcia,2700,Suzuki Alto,2023,"Kothi 157, Johar Town, Islamabad"
57378-2122958-3,REG-8195,Mr. Matthew Tucker,660,Toyota Yaris,2013,"Flat 671, Gulberg, Karachi"
26295-1735614-2,REG-6695,C. Morgan,1800,Suzuki Cultus,2011,"Kothi 333, DHA, Rawalpindi"
91988-5683836-6,REG-6810,Chaudhry Bonnie Larson,1000,Toyota Yaris,2010,"Kothi 239, Model Town, Karachi"
71306-4044047-3,REG-3017,J. Ramirez,3400,Suzuki Cultus,2017,"Kothi 969, Model Town, Karachi"
88097-7588842-9,REG-3260,K. Osborne,2700,Toyota Corolla,2010,"House 196, Model Town, Islamabad"
98103-5588073-9,REG-2621,Mr. Troy Thomas,660,Suzuki Cultus,2024,"Plot 655, DHA, Islamabad"
60313-4869789-6,REG-8484,Andrea Berry,3400,Suzuki Cultus,2015,"House 10, Gulberg, Rawalpindi"
92896-7237533-5,REG-6249,Melissa Dawson,660,Honda City,2015,"Kothi 238, Johar Town, Karachi"
49145-4497037-6,REG-1450,Amanda A. Johnson,1000,Toyota Yaris,2015,"Kothi 587, Model Town, Rawalpindi"
20875-1167124-1,REG-7193,Mr. Jesse Rogers,3400,Suzuki Alto,2014,"Kothi 646, Model Town, Rawalpindi"
37293-8302836-9,REG-5759,John A. MD,660,Honda City,2019,"Plot 502, DHA, Rawalpindi"
38588-6472476-8,REG-1679,Stacy A. Robinson,1000,BMW X5,2025,"House 712, Model Town, Islamabad"
97244-3297365-8,REG-9783,Jeffery A. Rice,1300,Suzuki Cultus,2017,"Plot 292, Johar Town, Rawalpindi"
88362-4083894-4,REG-8525,Mr. Carly Barajas,660,Honda Civic,2024,"Flat 408, Model Town, Lahore"
22573-5979307-6,REG-1526,Patrick A. Morris,1300,KIA Sportage,2024,"Plot 592, Bahria Town, Karachi"
64254-5788336-2,REG-8938,J. Reynolds,3400,Toyota Yaris,2025,"Flat 770, Johar Town, Karachi"
22639-6090116-5,REG-9478,Chaudhry Anita Anderson MD,1000,Suzuki Alto,2011,"Kothi 277, Gulberg, Islamabad"
98951-6764771-5,REG-5560,A. Haney,1000,Suzuki Cultus,2017,"House 228, Model Town, Karachi"
52077-4329652-7,REG-9759,V. Doyle,1300,Suzuki Cultus,2024,"Flat 920, Model Town, Lahore"
94822-6183462-5,REG-6912,Mr. Allison Cummings,660,Suzuki Alto,2022,"House 526, Model Town, Karachi"
37801-7128766-2,REG-7361,J. Cortez,1000,Toyota Yaris,2022,"Flat 351, DHA, Karachi"
65995-5195626-2,REG-1691,Chaudhry Cory Perkins,1300,Suzuki Alto,2012,"Kothi 511, Model Town, Islamabad"
78935-9679092-1,REG-2085,Brianna A. Scott,1000,BMW X5,2019,"Flat 431, Johar Town, Islamabad"
83631-4046581-8,REG-6835,Amy Fleming,1000,Honda City,2021,"Kothi 338, Bahria Town, Karachi"
43818-2654733-4,REG-3813,Chaudhry Anthony Kidd,660,Honda City,2014,"Plot 909, Bahria Town, Lahore"
35827-9782032-4,REG-6335,Melissa A. Wood,1000,Suzuki Alto,2024,"Plot 549, Gulberg, Islamabad"
75316-7265752-1,REG-7182,Mr. Isabel Davis,2700,Suzuki Alto,2019,"Plot 682, Bahria Town, Rawalpindi"
77855-8988948-4,REG-5702,Mr. Cameron Banks,1300,Toyota Yaris,2011,"House 729, Model Town, Lahore"
21208-5599454-6,REG-1609,Mr. William Schwartz,1800,Suzuki Alto,2018,"House 498, Bahria Town, Karachi"
92754-2615936-9,REG-5011,Mr. Michele Khan,1300,Suzuki Alto,2010,"Plot 882, Gulberg, Karachi"
49768-4648457-6,REG-3710,Chaudhry Laura Norris,1300,Suzuki Alto,2012,"Kothi 81, Gulberg, Islamabad"
62164-4476162-6,REG-3033,A. Lambert,2700,KIA Sportage,2017,"House 990, Gulberg, Rawalpindi"
36252-4338957-9,REG-7402,Chaudhry Curtis Ellis,660,Honda City,2019,"House 706, Gulberg, Karachi"
88745-2677314-6,REG-2737,Garrett Stevens,1300,Suzuki Alto,2019,"Plot 105, Bahria Town, Islamabad"
57410-2311615-7,REG-1214,S. Brewer,1800,Suzuki Alto,2015,"House 769, Johar Town, Lahore"
48937-7449956-8,REG-4753,Jason Ruiz,3400,BMW X5,2016,"Kothi 277, Model Town, Islamabad"
81450-1423072-4,REG-2565,Brian Rodriguez,3400,Suzuki Cultus,2023,"Kothi 182, DHA, Karachi"
55123-8131566-4,REG-2763,Matthew A. Burns,1800,Suzuki Alto,2012,"House 980, DHA, Lahore"
89420-3120866-1,REG-2492,Kristina Garcia,2700,KIA Sportage,2011,"Kothi 450, Johar Town, Islamabad"
46072-1490241-7,REG-2966,Mr. Jessica Smith,1300,Suzuki Alto,2021,"Flat 541, DHA, Islamabad"
27915-8739445-4,REG-8157,F. Smith,3400,Suzuki Alto,2017,"Plot 249, Bahria Town, Lahore"
93345-5523782-3,REG-9134,Chaudhry Miss Mary Hall,2700,KIA Sportage,2010,"Kothi 424, Model Town, Lahore"
66982-8031987-1,REG-6064,Mr. Jeffrey Hernandez,1300,Toyota Yaris,2020,"House 511, Johar Town, Lahore"
63110-3282240-8,REG-9597,Barry James,3400,Suzuki Cultus,2013,"Kothi 180, Bahria Town, Rawalpindi"
27230-9448520-7,REG-1869,Yvonne A. Romero,2700,Toyota Yaris,2019,"Flat 273, DHA, Karachi"
25107-8713710-6,REG-8567,Tricia Thomas,3400,Suzuki Alto,2019,"House 912, Johar Town, Karachi"
77864-4610446-3,REG-8075,T. Fuller,1000,Toyota Yaris,2015,"House 95, Model Town, Karachi"
51048-4833829-2,REG-1855,C. Arnold,660,Honda City,2011,"House 429, Bahria Town, Lahore"
22134-9012015-8,REG-1247,Emily A. Becker,1300,KIA Sportage,2025,"Plot 777, Gulberg, Islamabad"
92969-4457109-3,REG-9740,Chaudhry Diana Simmons,3400,Suzuki Cultus,2020,"Kothi 795, Gulberg, Karachi"
15562-6772780-9,REG-8476,Chaudhry Jerry Robinson,1300,KIA Sportage,2025,"Plot 824, Model Town, Lahore"
37546-8396913-2,REG-2355,Mr. Manuel Anderson,1800,Toyota Yaris,2011,"House 742, Model Town, Karachi"
99659-1798474-5,REG-6222,Mr. Angelica Hopkins,1300,Suzuki Alto,2025,"House 506, Johar Town, Rawalpindi"
85049-1899332-3,REG-1357,S. Marshall,660,Suzuki Cultus,2015,"Flat 437, Gulberg, Lahore"
66658-5029188-9,REG-8308,Edward A. Davis,2700,Suzuki Cultus,2013,"Flat 530, Gulberg, Karachi"
65947-5382760-6,REG-8283,Patrick A. Diaz,1000,Suzuki Alto,2012,"Flat 996, Johar Town, Lahore"
67750-1284035-6,REG-1684,Norma Smith,2700,Suzuki Cultus,2023,"House 405, Gulberg, Rawalpindi"
32937-3011875-6,REG-7880,Martin A. Moore,3400,Suzuki Cultus,2023,"House 245, Johar Town, Lahore"
29835-1861728-5,REG-2528,Mr. Valerie Williams,2700,Toyota Yaris,2010,"Kothi 690, Model Town, Lahore"
40827-5044365-8,REG-7693,I. Wade,1000,Suzuki Cultus,2015,"Flat 846, Gulberg, Rawalpindi"
60784-2958130-4,REG-2607,Ryan A. Davis,660,KIA Sportage,2021,"Plot 818, Model Town, Lahore"
55812-8704616-3,REG-3833,Mr. Justin Montgomery,1000,Suzuki Alto,2023,"House 435, Bahria Town, Lahore"
68337-8943802-3,REG-7520,Chaudhry Debra Wright,1800,Audi A6,2020,"House 713, Johar Town, Lahore"
65173-7860605-4,REG-1040,Eugene Cardenas,660,Toyota Yaris,2010,"House 602, Bahria Town, Rawalpindi"
54907-4646741-6,REG-7761,Mr. David Andrade,3400,Honda City,2016,"House 451, Johar Town, Karachi"
77883-6547288-2,REG-5947,Mr. Victoria Wallace,660,Suzuki Cultus,2023,"Flat 893, Johar Town, Lahore"
24520-5201445-7,REG-9983,A. Davidson,1800,Suzuki Cultus,2021,"Plot 654, Johar Town, Islamabad"
14445-8515110-2,REG-7382,Nicole A. Chavez,3400,Suzuki Alto,2012,"Flat 574, Bahria Town, Karachi"
50121-9989336-3,REG-6122,D. Morris,1800,Suzuki Alto,2022,"Flat 261, Johar Town, Islamabad"
68544-3617693-5,REG-6998,Chaudhry Benjamin Wright,1300,Suzuki Cultus,2025,"Flat 719, Gulberg, Karachi"
89711-3775201-4,REG-5636,Kayla A. Patrick,660,Toyota Land Cruiser,2023,"Kothi 135, Bahria Town, Islamabad"
32731-7628663-5,REG-1760,Savannah A. Mccoy,2700,Suzuki Cultus,2016,"Kothi 874, Gulberg, Rawalpindi"
30285-7125507-1,REG-3419,Nathan A. Gonzalez,1800,Honda Civic,2011,"Kothi 847, Model Town, Karachi"
78858-6595594-4,REG-8649,Samantha A. Freeman,660,Suzuki Cultus,2011,"Kothi 279, Bahria Town, Karachi"
57129-8729902-9,REG-2991,Martin Ponce,2700,Suzuki Cultus,2010,"Plot 141, Bahria Town, Islamabad"
99326-5449029-1,REG-1526,Shannon Mclaughlin,3400,Toyota Corolla,2025,"Kothi 191, DHA, Islamabad"
21983-4550382-2,REG-3034,Chaudhry Dennis Sanchez,2700,Suzuki Alto,2016,"Flat 564, Gulberg, Islamabad"
88411-5170369-5,REG-6204,Michele Johnson,660,Honda City,2016,"Flat 807, Model Town, Lahore"
84166-2904522-1,REG-2128,Holly Jensen,1300,Suzuki Alto,2021,"House 169, Johar Town, Islamabad"
79247-2310867-7,REG-3531,Melissa A. Roman,1800,Toyota Corolla,2017,"Plot 248, Gulberg, Islamabad"
69557-1771399-5,REG-5819,Tammy Martinez,3400,Toyota Yaris,2024,"Flat 869, DHA, Rawalpindi"
95598-6979687-9,REG-7887,Chris A. Hawkins,2700,Suzuki Alto,2023,"Flat 727, DHA, Karachi"
89345-6435022-5,REG-9853,Mr. Angel Hale,1300,Toyota Prado,2016,"Flat 280, Johar Town, Lahore"
40683-1728003-2,REG-6457,Jason A. Smith,1300,Suzuki Cultus,2011,"Kothi 359, Johar Town, Karachi"
95757-8314959-6,REG-9232,B. Sanchez,3400,Toyota Yaris,2017,"Flat 254, Bahria Town, Islamabad"
33543-2859602-9,REG-5063,James Hamilton,1800,Toyota Corolla,2024,"Plot 32, Bahria Town, Islamabad"
77345-9625275-8,REG-7775,Mr. Ashley Reynolds,1300,BMW X5,2019,"Plot 567, Gulberg, Rawalpindi"
31678-1703733-6,REG-6877,Jessica A. Patel,1800,Honda Civic,2012,"House 19, Model Town, Karachi"
13364-2006831-3,REG-9882,Sara A. Murray,3400,Suzuki Alto,2017,"Plot 312, Model Town, Lahore"
76387-3649269-7,REG-4145,Chaudhry David Bailey,3400,Suzuki Cultus,2017,"Plot 556, Model Town, Islamabad"
33024-3244694-8,REG-2923,Mr. Joe Cardenas,1300,Suzuki Cultus,2010,"Plot 457, Gulberg, Karachi"
26633-6083769-7,REG-7434,Chaudhry Taylor Esparza,1800,Suzuki Cultus,2012,"Plot 565, Model Town, Karachi"
62920-7204638-2,REG-6323,Mr. Mark Calderon,1300,Honda City,2019,"Flat 621, Gulberg, Lahore"
80221-2972333-5,REG-7603,Mr. John Harper,2700,Toyota Yaris,2015,"House 156, Model Town, Islamabad"
63410-1317142-9,REG-8053,Mr. Mary Chen,1800,Suzuki Alto,2018,"House 104, Bahria Town, Rawalpindi"
44079-6323700-1,REG-2594,Rebekah Mitchell,1300,Toyota Yaris,2025,"Plot 767, Model Town, Lahore"
58701-6828919-6,REG-5911,Randall A. Smith,2700,BMW X5,2017,"Plot 947, Gulberg, Rawalpindi"
95534-1733308-6,REG-3444,Elizabeth A. Hernandez,1800,Toyota Prado,2013,"Flat 329, Johar Town, Lahore"
51230-1932857-6,REG-7810,N. Hughes,1800,Toyota Corolla,2018,"Kothi 701, Model Town, Islamabad"
68904-5592862-3,REG-5334,Vanessa Avila,3400,Honda Civic,2012,"House 821, Model Town, Lahore"
35570-8223860-1,REG-8500,Stephen Lane,660,Suzuki Alto,2022,"House 830, Johar Town, Islamabad"
82611-4029829-7,REG-2535,Chaudhry Fernando Robinson,1300,Suzuki Cultus,2015,"House 137, Bahria Town, Lahore"
99126-3328020-8,REG-1856,M. Combs,3400,Honda City,2012,"House 954, Bahria Town, Lahore"
39541-1178642-4,REG-7498,M. Garrison,660,Toyota Land Cruiser,2023,"Plot 387, Johar Town, Karachi"
30480-9849660-7,REG-2285,Taylor A. Zimmerman,1000,Suzuki Cultus,2023,"Kothi 829, Model Town, Lahore"
40416-6301054-5,REG-9529,Desiree A. Underwood,1000,Suzuki Alto,2010,"Kothi 947, DHA, Islamabad"
67170-3119498-8,REG-7422,M. Pratt,1000,Suzuki Cultus,2021,"Plot 577, Johar Town, Islamabad"
95343-1121010-8,REG-2089,K. Neal,2700,Honda Civic,2015,"Plot 10, Model Town, Rawalpindi"
62146-7256269-1,REG-7596,D. Alvarez,1000,Toyota Land Cruiser,2022,"Kothi 47, DHA, Rawalpindi"
20006-2483994-7,REG-6660,R. Collins,1800,Honda City,2020,"Flat 239, Model Town, Rawalpindi"
94878-2311435-8,REG-4269,Mr. Kevin Walter,1000,BMW X5,2022,"Kothi 594, Model Town, Islamabad"
73756-4646425-7,REG-4248,Marilyn Howard,1800,Toyota Yaris,2021,"House 424, DHA, Islamabad"
26535-8088839-4,REG-8560,Karen Avila,3400,KIA Sportage,2014,"Plot 227, Bahria Town, Karachi"
54733-1392557-7,REG-1149,Mr. Samuel Galloway,1800,Suzuki Alto,2017,"Flat 294, DHA, Lahore"
79224-8021616-5,REG-1555,L. Miller,1800,Toyota Yaris,2025,"Kothi 612, Model Town, Karachi"
71748-8622180-8,REG-7161,Mr. Fred Wallace,1800,Suzuki Cultus,2020,"Flat 411, DHA, Lahore"
71080-6413938-3,REG-9607,Chaudhry Melissa Allen,660,Suzuki Cultus,2012,"House 875, Gulberg, Karachi"
40275-5548735-6,REG-6586,Mr. Eric Rodriguez,1800,Honda City,2020,"House 337, DHA, Islamabad"
55777-7498855-2,REG-7507,Mr. Dean Thomas,660,Toyota Yaris,2024,"Flat 339, Model Town, Islamabad"
28635-3950085-1,REG-1320,J. Briggs,2700,Honda Civic,2017,"House 473, Johar Town, Islamabad"
38800-9420056-2,REG-8340,James A. Clark,2700,Suzuki Cultus,2011,"House 383, Bahria Town, Rawalpindi"
80106-5328066-6,REG-3253,Chaudhry Michael Sullivan,660,Toyota Corolla,2012,"Flat 548, DHA, Lahore"
79904-5425649-9,REG-6778,J. Hughes,3400,Suzuki Cultus,2023,"Flat 75, Johar Town, Rawalpindi"
85454-5307314-1,REG-2816,K. Mcpherson,2700,Honda Civic,2012,"Flat 427, DHA, Islamabad"
43367-1273245-6,REG-2859,Mr. Kristopher Richardson,2700,Honda City,2019,"House 596, DHA, Karachi"
82323-9876934-8,REG-3382,Mr. Alan Guzman,660,Suzuki Alto,2016,"House 609, Model Town, Lahore"
79780-5274372-6,REG-7177,Nathaniel A. Martin,1800,Toyota Yaris,2023,"House 148, DHA, Rawalpindi"
68897-4961230-3,REG-6749,Chaudhry Eric Wright,1000,Suzuki Alto,2012,"Flat 958, Johar Town, Islamabad"
72166-5208741-7,REG-6310,Mr. Carolyn Olson,2700,Toyota Yaris,2019,"Plot 87, DHA, Lahore"
29177-8371344-6,REG-7462,C. Zavala,1800,Honda City,2022,"Plot 419, Gulberg, Islamabad"
66233-4230285-1,REG-1509,Shannon Smith,3400,Toyota Prado,2018,"House 845, Johar Town, Karachi"
26778-5285935-8,REG-8188,Darryl A. Baker,3400,Honda Civic,2024,"Plot 732, DHA, Lahore"
88499-7115429-6,REG-3179,Shaun Reed,1000,Toyota Corolla,2017,"House 62, Gulberg, Islamabad"
41083-5054204-2,REG-6557,D. Medina,2700,Honda City,2014,"Kothi 215, DHA, Karachi"
24111-4862396-4,REG-6521,Chaudhry Evan Scott,3400,Toyota Corolla,2021,"House 450, Johar Town, Lahore"
52510-8295896-6,REG-5135,Joyce Turner,2700,Toyota Land Cruiser,2014,"Kothi 957, Bahria Town, Rawalpindi"
71733-3642476-6,REG-5938,Mr. Autumn Sanchez,3400,Honda City,2011,"Kothi 816, Gulberg, Karachi"
80161-2703499-2,REG-5865,B. Austin,1800,Toyota Land Cruiser,2021,"Kothi 575, Gulberg, Lahore"
19604-5033708-6,REG-5196,Mr. Dominique Brown,3400,Honda City,2017,"Plot 86, Johar Town, Rawalpindi"
71949-8927303-7,REG-6086,Mr. Becky Lucas DDS,1800,Suzuki Cultus,2025,"Plot 625, Gulberg, Rawalpindi"
34391-8778499-5,REG-8659,R. Ray,1000,Honda Civic,2021,"House 918, Johar Town, Karachi"
53064-7248869-4,REG-6178,Mr. Mr. Anthony Brennan II,1000,Honda City,2019,"Plot 254, Gulberg, Rawalpindi"
76002-9297637-7,REG-7138,J. Hickman,3400,Honda City,2017,"Plot 209, Bahria Town, Islamabad"
53398-2094744-2,REG-1214,J. Holloway,2700,Toyota Yaris,2022,"Flat 121, Gulberg, Karachi"
70594-8862355-1,REG-7859,Russell Wolfe,1300,KIA Sportage,2016,"Kothi 74, Johar Town, Lahore"
78329-8241789-4,REG-5710,Elizabeth Evans,2700,Suzuki Alto,2018,"House 539, Bahria Town, Karachi"
55103-7939153-6,REG-6922,C. Simon,3400,Suzuki Alto,2014,"Plot 367, Johar Town, Karachi"
81024-5412524-4,REG-7106,Mr. Dr. Linda Watkins MD,2700,KIA Sportage,2015,"House 965, Bahria Town, Islamabad"
75613-1971738-1,REG-2778,Mr. Becky Sanchez,1300,Suzuki Alto,2023,"Flat 15, Johar Town, Lahore"
13216-7552442-9,REG-1415,B. Williams,1000,Suzuki Cultus,2020,"Kothi 765, Gulberg, Islamabad"
12168-8574480-3,REG-5974,Natasha A. Olsen,1800,Suzuki Cultus,2017,"House 162, Gulberg, Islamabad"
84859-5481186-9,REG-2327,Chaudhry Daniel York,1000,Suzuki Alto,2021,"Kothi 21, Model Town, Islamabad"
55729-1302558-2,REG-8941,Mr. Bradley Davis,1300,Honda City,2013,"House 925, Gulberg, Lahore"
78716-8004531-2,REG-9492,Chaudhry Kelsey Smith,2700,Suzuki Alto,2023,"Kothi 829, DHA, Lahore"
45243-1224356-7,REG-3146,D. Hawkins,3400,Honda Civic,2011,"House 899, Johar Town, Karachi"
61868-4718084-2,REG-7750,Cindy A. Douglas,2700,Honda City,2017,"Flat 623, DHA, Rawalpindi"
84440-3774157-9,REG-3720,Chaudhry Angela Brooks MD,1000,Toyota Yaris,2023,"House 85, Bahria Town, Karachi"
39657-3923092-6,REG-8362,Chaudhry Christine Matthews,1000,KIA Sportage,2013,"Flat 401, DHA, Islamabad"
67003-3149029-9,REG-5568,Katherine Wells,660,Honda City,2024,"Kothi 204, Model Town, Lahore"
36541-6646636-7,REG-2432,Sophia Chavez,1300,Toyota Yaris,2023,"Plot 763, Gulberg, Karachi"
50536-1688821-6,REG-9582,Chaudhry Kaitlyn Bowen,2700,Honda Civic,2014,"Kothi 588, Bahria Town, Rawalpindi"
84318-7457375-2,REG-8805,Chaudhry David Wolf,1800,Suzuki Cultus,2010,"House 100, DHA, Islamabad"
80960-3068950-8,REG-3562,Randall A. Garcia,1300,Honda Civic,2012,"House 885, DHA, Lahore"
36990-1616502-3,REG-9378,A. Young,2700,Suzuki Alto,2019,"Plot 636, Johar Town, Rawalpindi"
61739-5011211-5,REG-5957,Mr. Cynthia West,660,Suzuki Cultus,2016,"Flat 153, Model Town, Rawalpindi"
32552-8527025-5,REG-1359,Chaudhry Jessica Hamilton,2700,Suzuki Cultus,2011,"Kothi 61, Model Town, Karachi"
80789-4815603-8,REG-7863,E. Ortiz,1000,Suzuki Alto,2017,"Flat 932, Johar Town, Islamabad"
95139-1010293-9,REG-1496,C. Evans,1000,Honda City,2010,"Plot 76, DHA, Karachi"
96250-3198523-1,REG-5347,Mr. Michael Jones,1000,Audi A6,2015,"Plot 507, Bahria Town, Lahore"
81067-5343923-6,REG-9714,Chaudhry Amber Shaw,1000,Honda City,2014,"Kothi 839, Bahria Town, Rawalpindi"
10323-5361819-4,REG-1665,Jasmine A. Alvarez,660,Toyota Prado,2014,"Flat 139, Gulberg, Islamabad"
57168-6482114-6,REG-6936,Mr. Mark Sanchez,1800,Toyota Yaris,2013,"Plot 20, Johar Town, Islamabad"
87931-9269473-1,REG-5965,A. Anderson,2700,Toyota Yaris,2013,"Plot 83, Gulberg, Rawalpindi"
96104-4444819-8,REG-3829,H. Meadows,3400,Toyota Land Cruiser,2020,"Plot 126, Johar Town, Rawalpindi"
83564-2968224-1,REG-1312,Chaudhry Erin Graham,1800,Suzuki Alto,2023,"Flat 189, Johar Town, Karachi"
92373-7340983-9,REG-1234,Chaudhry Mark Watts,660,Toyota Yaris,2018,"House 674, DHA, Karachi"
85225-5988867-2,REG-2749,Jacob A. Schwartz,660,Suzuki Alto,2010,"House 176, Gulberg, Islamabad"
25215-4360573-7,REG-8510,C. Cruz,1000,Suzuki Cultus,2020,"Flat 959, Bahria Town, Islamabad"
63103-2945760-7,REG-8913,S. Gray,2700,KIA Sportage,2015,"Plot 260, Gulberg, Rawalpindi"
23135-8125682-9,REG-4071,Derek A. Flynn,1000,Toyota Land Cruiser,2024,"Plot 167, Bahria Town, Islamabad"
29668-3383676-9,REG-3704,Christopher A. Nichols,660,Suzuki Cultus,2021,"Plot 506, Johar Town, Karachi"
37107-5056529-3,REG-7672,Karen A. Howe,1000,KIA Sportage,2013,"Plot 401, DHA, Rawalpindi"
55908-6357012-2,REG-5551,Mr. Benjamin Curtis,1300,Suzuki Alto,2020,"Plot 66, Johar Town, Lahore"
13490-2576261-2,REG-6796,M. Garcia,2700,KIA Sportage,2010,"House 792, Model Town, Karachi"
87234-8064493-9,REG-8074,Ashley A. Richardson,1800,Suzuki Cultus,2016,"Flat 384, Gulberg, Rawalpindi"
83449-3722259-9,REG-8848,T. Alexander,660,Suzuki Alto,2022,"House 994, Model Town, Karachi"
38367-3759016-7,REG-8806,Mr. David Smith,660,Honda City,2020,"Kothi 931, Bahria Town, Rawalpindi"
71520-4710216-2,REG-7839,Eric A. Owens,660,Audi A6,2024,"Kothi 806, Gulberg, Rawalpindi"
45172-6060463-7,REG-8628,Chaudhry Drew Edwards,660,Suzuki Cultus,2019,"Flat 728, Gulberg, Lahore"
68596-9346730-6,REG-9844,Zachary Marshall,3400,Toyota Yaris,2017,"House 670, Gulberg, Karachi"
79790-6172094-5,REG-7367,Mr. Peter Galvan,1000,Honda City,2016,"House 502, Gulberg, Lahore"
19249-3880376-8,REG-9366,Mr. Megan Mayer,2700,Suzuki Alto,2014,"Kothi 994, Model Town, Rawalpindi"
75547-5648391-9,REG-7642,Justin A. Rogers,1800,Honda City,2017,"Flat 398, Johar Town, Karachi"
70112-1308831-9,REG-8522,Mr. John Liu,660,Toyota Yaris,2010,"House 994, Model Town, Islamabad"
29698-6901519-6,REG-4602,Mr. Charles Smith MD,2700,Toyota Yaris,2016,"Flat 761, Gulberg, Rawalpindi"
89287-1087593-3,REG-8627,A. Gallagher,2700,Honda City,2013,"Plot 990, Bahria Town, Islamabad"
39474-7701358-6,REG-7071,Mr. Christopher Trevino DVM,1800,KIA Sportage,2015,"Kothi 134, Johar Town, Rawalpindi"
86551-9713316-1,REG-6141,Ashley Hall,660,Suzuki Cultus,2025,"Plot 343, DHA, Karachi"
80038-2118112-5,REG-3495,B. Moran,1800,Honda City,2021,"Flat 427, Gulberg, Islamabad"
59270-9468365-6,REG-1027,Mr. Linda Perez,660,Toyota Yaris,2013,"Plot 283, Johar Town, Karachi"
39183-9128494-5,REG-9695,Miguel A. Reynolds,1000,Toyota Yaris,2016,"Plot 499, Johar Town, Lahore"
37575-8870711-2,REG-9000,Mr. Clinton Garcia,1000,Honda City,2011,"Kothi 518, Model Town, Lahore"
25369-2685992-6,REG-2767,Jonathon A. Garza,1800,Suzuki Cultus,2012,"Kothi 834, Bahria Town, Rawalpindi"
20282-9018783-6,REG-5492,Andrew A. Smith,3400,Toyota Corolla,2015,"Flat 873, Bahria Town, Rawalpindi"
26565-1835648-3,REG-9652,Dana A. Allen,3400,Toyota Yaris,2010,"Plot 588, Gulberg, Karachi"
39425-9058073-5,REG-8880,Chaudhry Pamela Fields,3400,Honda City,2010,"Kothi 7, DHA, Rawalpindi"
44530-4933890-9,REG-6372,Mr. Shaun Pruitt,1000,Honda City,2020,"Flat 882, DHA, Islamabad"
87936-1844642-5,REG-3849,Mr. Edgar Davis,660,Toyota Corolla,2013,"Plot 934, Bahria Town, Karachi"
90763-9592853-8,REG-1752,Lauren A. Barker,1300,Suzuki Cultus,2012,"Plot 482, DHA, Karachi"
37456-6783304-5,REG-1911,Miss Tammy Contreras,2700,Honda City,2017,"Flat 854, DHA, Islamabad"
70795-2156463-4,REG-8715,Chaudhry William Jones,1000,KIA Sportage,2011,"Kothi 261, Gulberg, Karachi"
43636-2902932-3,REG-1013,Michael Bennett,1300,Suzuki Alto,2013,"Plot 519, Bahria Town, Rawalpindi"
31890-2756484-6,REG-9779,Pamela A. Miranda,1300,Suzuki Alto,2020,"Kothi 332, Johar Town, Rawalpindi"
33793-4121249-3,REG-1065,Mr. Mrs. Erica Moore,3400,Toyota Corolla,2019,"Flat 978, Gulberg, Lahore"
90086-9105796-2,REG-4875,Chaudhry Sarah Myers,1300,Toyota Yaris,2023,"House 769, DHA, Rawalpindi"
31006-4747146-2,REG-9074,Joseph Jordan,2700,Toyota Yaris,2022,"Plot 241, DHA, Islamabad"
21305-2277033-7,REG-4988,Mr. Daniel Morales,1800,KIA Sportage,2021,"Flat 101, DHA, Karachi"
80698-9531960-2,REG-1484,Caleb Scott,1000,Suzuki Alto,2010,"Kothi 594, Gulberg, Islamabad"
22287-6496173-2,REG-1484,Mr. Lisa Mullins,1000,Suzuki Alto,2012,"House 410, DHA, Islamabad"
16866-4948728-5,REG-8985,Chaudhry Anita Murphy,1800,Suzuki Cultus,2024,"House 993, Model Town, Islamabad"
26304-8930607-4,REG-4756,Brian A. Sanford,2700,Suzuki Alto,2022,"Kothi 122, Bahria Town, Karachi"
26996-1079628-3,REG-6617,D. Graham,1000,Toyota Land Cruiser,2023,"House 982, DHA, Lahore"
33004-5398422-5,REG-1339,Andrew Sanchez,3400,Honda City,2019,"Plot 888, DHA, Lahore"
54080-5010479-9,REG-7439,Chaudhry Elizabeth Maxwell,2700,Honda Civic,2014,"House 186, Johar Town, Karachi"
90447-8068783-9,REG-1903,Shannon Johnson,2700,Honda Civic,2010,"House 117, DHA, Karachi"
33391-1832390-2,REG-3150,Richard A. Payne,2700,Suzuki Alto,2011,"House 296, Model Town, Rawalpindi"
81629-7693106-6,REG-3985,Chaudhry Ashley Meadows,1800,Honda City,2018,"Kothi 987, DHA, Karachi"
19161-8571874-1,REG-2564,Autumn A. Mcgee,3400,Honda City,2015,"Flat 695, Gulberg, Rawalpindi"
85680-7390673-7,REG-3223,Mr. Michael Beard,2700,Honda Civic,2014,"Plot 54, Johar Town, Islamabad"
86375-8941504-1,REG-3985,Chaudhry David Kim,3400,Suzuki Alto,2013,"Plot 21, Johar Town, Islamabad"
51170-9954783-8,REG-4675,Andrea Swanson,1000,Honda City,2014,"Kothi 934, DHA, Islamabad"
24998-5294737-3,REG-2323,Chaudhry Curtis Carney,1000,Toyota Yaris,2019,"House 546, Bahria Town, Rawalpindi"
75478-5020775-6,REG-2340,Chaudhry Miss Jennifer Lee PhD,2700,Honda City,2018,"Flat 260, Bahria Town, Islamabad"
99062-7228694-4,REG-9620,Mr. Paige Smith DDS,1800,Toyota Yaris,2015,"Flat 73, Johar Town, Lahore"
13418-6031260-6,REG-4238,Chaudhry Alexander Delacruz,1300,Toyota Yaris,2025,"Kothi 270, Model Town, Karachi"
59550-7123573-4,REG-6785,Chaudhry Matthew Whitney Jr.,660,Suzuki Alto,2025,"House 698, Gulberg, Lahore"
25341-4642448-9,REG-6936,Mr. David Martinez,2700,Suzuki Cultus,2013,"Flat 879, DHA, Islamabad"
93879-9203736-8,REG-8684,Joel A. Martinez,3400,Suzuki Alto,2019,"Kothi 481, DHA, Islamabad"
46871-1531228-8,REG-9482,Mr. George Tyler,1800,KIA Sportage,2022,"House 960, Gulberg, Rawalpindi"
10282-6397267-6,REG-5509,Stacy Ingram,2700,Honda City,2017,"Plot 89, Johar Town, Lahore"
76744-8980643-6,REG-7091,Mr. Alicia Sanders,2700,Suzuki Alto,2017,"Plot 781, Bahria Town, Lahore"
61296-1514110-6,REG-9214,Mr. Andrew Levy,2700,Honda Civic,2024,"Kothi 612, DHA, Lahore"
14692-7425647-8,REG-6325,Erica A. Andrews,1000,Suzuki Cultus,2013,"House 617, Bahria Town, Lahore"
55194-3087774-2,REG-6184,C. Cole,1000,Suzuki Alto,2020,"Plot 198, DHA, Islamabad"
70747-7913553-6,REG-9267,Mr. Matthew Key,3400,Toyota Prado,2015,"Plot 187, Johar Town, Islamabad"
10978-2989828-2,REG-3030,Megan A. Thompson,1300,Honda Civic,2016,"Kothi 898, DHA, Islamabad"
33814-6569102-3,REG-7494,Chaudhry Briana Miller,3400,Suzuki Cultus,2024,"Kothi 728, DHA, Karachi"
28669-2768047-2,REG-8858,J. Moore,3400,Suzuki Cultus,2023,"Kothi 959, Model Town, Rawalpindi"
20652-6389311-3,REG-4660,Rebecca Wilson,2700,Honda City,2023,"Plot 505, Johar Town, Islamabad"
43499-6019120-4,REG-4776,Craig Jones,2700,Toyota Corolla,2019,"Kothi 578, Model Town, Rawalpindi"
50256-4832465-3,REG-2569,Mr. Michael Salinas,1800,Honda City,2010,"Plot 304, Gulberg, Islamabad"
96244-7357035-2,REG-3702,Mr. Nicholas Watson,660,Suzuki Alto,2019,"Flat 490, DHA, Islamabad"
93442-6128030-2,REG-6598,Chaudhry Lori Brown,2700,Suzuki Cultus,2021,"House 98, Gulberg, Karachi"
52037-1806405-7,REG-5904,M. Wendy Rowe,2700,Honda City,2021,"Kothi 821, Bahria Town, Karachi"
19623-8900937-3,REG-3507,B. Berg,1800,Suzuki Cultus,2012,"Flat 300, DHA, Rawalpindi"
74549-3156592-7,REG-4409,Matthew Foster,1800,Honda City,2023,"House 692, Model Town, Rawalpindi"
15170-5304400-9,REG-7866,Julie Stafford,2700,Honda Civic,2025,"House 670, Model Town, Karachi"
74090-5063175-5,REG-3328,Mr. Mary Huerta,1000,Honda City,2016,"Kothi 825, DHA, Karachi"
89292-5486221-5,REG-3434,Mr. Sean Wilcox,3400,Honda City,2015,"Plot 261, DHA, Rawalpindi"
58415-7066516-9,REG-9914,Chaudhry Joseph Briggs,1800,Toyota Land Cruiser,2010,"House 783, Johar Town, Islamabad"
74205-8305107-9,REG-1931,A. Rubio,2700,Suzuki Alto,2016,"Kothi 72, DHA, Islamabad"
19493-3453872-9,REG-9847,Andrew A. Schultz,660,Suzuki Alto,2023,"House 510, Model Town, Karachi"
97850-2023064-6,REG-3083,K. Fleming,1000,Toyota Yaris,2010,"House 960, Johar Town, Islamabad"
46251-9631119-4,REG-3887,Paula A. Curtis,1800,Suzuki Cultus,2022,"House 102, Model Town, Islamabad"
19770-9415355-2,REG-1812,Joshua Williams,1800,Suzuki Cultus,2024,"Kothi 781, Bahria Town, Islamabad"
46201-1883648-4,REG-7574,A. Reyes,1800,Suzuki Cultus,2022,"House 698, Bahria Town, Rawalpindi"
65739-6207149-6,REG-6447,M. Hicks,1300,Toyota Yaris,2021,"Flat 917, Johar Town, Islamabad"
37701-1146054-9,REG-7866,Dana Reese,1800,Honda City,2017,"House 505, DHA, Karachi"
57694-9395054-8,REG-4838,Caitlyn A. Martin,3400,Toyota Yaris,2023,"House 200, Johar Town, Karachi"
18065-6343195-9,REG-9120,Kevin A. Price,2700,Honda City,2012,"Plot 134, Model Town, Karachi"
56367-4152164-9,REG-5839,Chaudhry Elizabeth Lee,1800,Suzuki Cultus,2019,"Kothi 845, Johar Town, Karachi"
54350-2158087-6,REG-1297,Leslie Mata,1000,Toyota Prado,2015,"Kothi 880, Bahria Town, Islamabad"
73098-1992093-1,REG-9458,Wendy Crawford,1800,Toyota Corolla,2017,"House 475, Model Town, Lahore"
85821-3940199-6,REG-7564,Christopher A. Robinson,1300,Toyota Yaris,2024,"Kothi 375, DHA, Karachi"
92635-8380686-9,REG-3574,Mr. Christine Simpson,3400,Honda City,2023,"Kothi 839, Johar Town, Islamabad"
95702-9815032-8,REG-6153,Chaudhry Jennifer Lee,660,Honda Civic,2022,"Plot 211, Bahria Town, Lahore"
63238-8249276-1,REG-2524,David A. Thomas,3400,Honda Civic,2016,"House 418, Bahria Town, Lahore"
95156-3450504-5,REG-5154,Mr. Jane Barber,2700,Suzuki Cultus,2014,"Kothi 112, Gulberg, Rawalpindi"
64826-6483296-7,REG-2086,Mr. Julia Torres,1800,Suzuki Cultus,2017,"Flat 63, Johar Town, Karachi"
27375-6894070-4,REG-5897,Eric Wheeler,1000,Suzuki Alto,2015,"Flat 41, Model Town, Islamabad"
33787-6035234-7,REG-1587,Chaudhry Francisco Yates,1300,Honda City,2020,"Plot 326, Johar Town, Lahore"
46822-9252130-7,REG-5004,Chaudhry Mr. Michael Shields,1800,Toyota Yaris,2022,"Flat 299, Bahria Town, Rawalpindi"
86526-6939705-7,REG-3066,Chaudhry Autumn Johnson,2700,Toyota Yaris,2013,"Kothi 88, Model Town, Lahore"
73142-3461205-6,REG-9731,Norman A. Gaines,1300,Toyota Corolla,2014,"Plot 628, Bahria Town, Islamabad"
40647-4925135-4,REG-4199,B. Perez,660,Suzuki Alto,2014,"Plot 475, Bahria Town, Islamabad"
20988-2228475-8,REG-4670,Mr. Robert Brewer,660,Honda City,2021,"Kothi 888, Johar Town, Rawalpindi"
22013-7115773-8,REG-6608,Mr. Carlos Bailey,1800,KIA Sportage,2014,"Flat 120, DHA, Lahore"
62377-2048751-6,REG-2283,S. Mcgee,3400,Suzuki Cultus,2018,"Flat 381, Johar Town, Islamabad"
12731-4521097-3,REG-2354,J. Hughes,2700,Suzuki Alto,2020,"House 704, Johar Town, Karachi"
59108-8647543-3,REG-2060,Mr. Brian Velazquez,1300,Suzuki Cultus,2024,"Kothi 26, Bahria Town, Karachi"
59120-5809463-5,REG-3961,Chaudhry Logan Brown,660,Suzuki Alto,2025,"Flat 447, Bahria Town, Rawalpindi"
86165-3445090-9,REG-4261,Mr. Kristopher Smith,660,Suzuki Alto,2019,"Kothi 282, Bahria Town, Lahore"
46838-8191446-5,REG-6378,Mr. Ann Richardson,1800,Audi A6,2024,"Flat 43, DHA, Karachi"
94895-3616018-9,REG-4917,Brandon Foley,3400,Suzuki Alto,2014,"Flat 59, DHA, Karachi"
73793-9774637-4,REG-4056,Chaudhry Michelle Mcintyre,3400,Toyota Yaris,2018,"Kothi 190, Johar Town, Islamabad"
35417-1814912-4,REG-8960,S. Davis,2700,KIA Sportage,2017,"Plot 650, Bahria Town, Lahore"
76966-2378269-9,REG-4324,Mr. Marc Jackson,660,Suzuki Alto,2017,"Kothi 368, DHA, Rawalpindi"
51949-7562585-9,REG-9332,Suzanne Ryan,1300,Honda Civic,2019,"House 431, Johar Town, Lahore"
60635-6823492-1,REG-4421,Chaudhry Hunter Hoffman,2700,Honda Civic,2010,"Flat 963, Bahria Town, Rawalpindi"
89054-1905756-9,REG-7543,Blake A. Hodge,2700,Honda City,2018,"Plot 554, DHA, Karachi"
31324-9476616-1,REG-5435,M. Warren,660,Toyota Yaris,2021,"Kothi 23, Bahria Town, Karachi"
95667-2889401-9,REG-1938,Erin Torres,2700,Honda City,2011,"Kothi 535, Bahria Town, Lahore"
63692-9200891-1,REG-2031,Chaudhry Abigail Arnold MD,1000,Suzuki Cultus,2023,"Plot 856, Gulberg, Lahore"
38413-3047272-7,REG-1700,Mr. Amber Watson,1000,Suzuki Cultus,2025,"House 601, Johar Town, Rawalpindi"
38712-1714372-8,REG-7871,C. Hopkins,1300,Toyota Corolla,2014,"Plot 400, Gulberg, Lahore"
65939-5955318-8,REG-6291,Chaudhry Mrs. Jennifer Anderson,3400,Suzuki Alto,2017,"House 407, Model Town, Karachi"
44279-9279343-1,REG-6560,Elizabeth A. Dudley,1800,Toyota Yaris,2015,"House 973, Bahria Town, Islamabad"
79588-1259857-8,REG-2516,D. Garcia,1300,Honda City,2010,"Kothi 954, Gulberg, Islamabad"
66655-4631790-1,REG-8806,Jerry Adams,1800,Toyota Corolla,2022,"House 247, Gulberg, Lahore"
79495-3139695-2,REG-6354,H. Phillips,1000,Honda Civic,2018,"House 904, Johar Town, Karachi"
22107-3248355-6,REG-2004,H. Davis,1300,Suzuki Cultus,2019,"Kothi 809, Johar Town, Lahore"
82488-7041217-9,REG-4688,Mary Palmer,1800,Suzuki Cultus,2022,"House 553, Gulberg, Rawalpindi"
34489-7909087-3,REG-1757,Chaudhry Sarah Frank,1800,KIA Sportage,2016,"House 799, Gulberg, Lahore"
81171-9124792-6,REG-3388,G. Ramirez,1300,KIA Sportage,2024,"Flat 100, Johar Town, Lahore"
79081-4076195-6,REG-1396,Chaudhry Adam Bailey,1000,Suzuki Alto,2013,"Kothi 827, Bahria Town, Rawalpindi"
28970-8873795-3,REG-6731,J. Daniel,1800,Toyota Prado,2019,"Plot 344, Johar Town, Karachi"
68826-7961478-5,REG-6370,Mr. Brian Owens,1300,Suzuki Alto,2024,"Kothi 402, DHA, Rawalpindi"
62321-4751718-8,REG-3662,Kerry A. Johnson,1300,Suzuki Alto,2017,"Kothi 724, Gulberg, Islamabad"
96790-9276682-1,REG-9242,C. Brown,3400,Honda City,2010,"Plot 986, Model Town, Islamabad"
81535-5847280-3,REG-4500,Jerry Martinez,1000,Suzuki Cultus,2025,"Plot 953, DHA, Lahore"
36922-6973961-3,REG-8196,Misty Jimenez,3400,BMW X5,2014,"House 530, Bahria Town, Lahore"
97245-5556961-9,REG-9686,Rachel A. Valenzuela,1800,KIA Sportage,2018,"Flat 179, Model Town, Karachi"
68269-4912710-2,REG-2968,Chaudhry Jesus Miller,1300,Honda Civic,2022,"House 677, Johar Town, Lahore"
94917-2488492-9,REG-9623,A. Martin,2700,Suzuki Alto,2022,"Kothi 317, Johar Town, Karachi"
89590-9864556-3,REG-1587,Bailey A. Mitchell,2700,Toyota Yaris,2021,"Kothi 190, DHA, Karachi"
18198-9887376-7,REG-6966,Mr. Matthew Rodriguez,3400,Honda City,2012,"House 290, Gulberg, Lahore"
79219-5658531-2,REG-4168,Mr. Emma Green,660,Honda City,2010,"Kothi 271, Gulberg, Lahore"
79534-3548008-3,REG-4411,Chaudhry Curtis Smith,660,Suzuki Cultus,2018,"Kothi 859, Bahria Town, Lahore"
51032-7152978-9,REG-5533,Chaudhry Thomas Jones,1300,Suzuki Cultus,2020,"House 826, Bahria Town, Karachi"
19633-1586305-1,REG-2252,D. Sanders,1300,Suzuki Cultus,2021,"Plot 199, Model Town, Lahore"
26243-4567290-6,REG-8758,N. Luna,3400,Suzuki Alto,2024,"Flat 87, Johar Town, Rawalpindi"
27022-6806328-8,REG-8682,Jessica A. Pena,2700,Suzuki Alto,2022,"House 505, Johar Town, Lahore"
32433-9296533-2,REG-4850,Mr. Calvin Clark,2700,Toyota Yaris,2012,"Plot 579, Johar Town, Karachi"
32273-4640082-6,REG-8784,M. Jones,660,Suzuki Cultus,2012,"House 226, Bahria Town, Islamabad"
90491-1406488-6,REG-6797,Scott A. Mosley,1800,Honda City,2016,"House 787, Model Town, Islamabad"
21461-7041478-5,REG-9670,Karen Lee,2700,Suzuki Alto,2024,"Flat 648, Bahria Town, Rawalpindi"
87662-5394524-3,REG-4708,L. Roberson,3400,Toyota Corolla,2024,"Plot 308, DHA, Karachi"
92814-5477291-2,REG-6555,Joe Hamilton,1300,Toyota Yaris,2017,"Flat 7, Gulberg, Rawalpindi"
83182-2223908-9,REG-4787,Nicole A. Figueroa,2700,Toyota Yaris,2019,"Plot 266, Johar Town, Islamabad"
73982-4459051-3,REG-4315,Michael Obrien,1000,Toyota Land Cruiser,2014,"Plot 478, Johar Town, Islamabad"
10481-5511150-5,REG-7054,Christopher A. Hull,1800,Toyota Yaris,2011,"House 995, DHA, Rawalpindi"
71616-5854598-9,REG-7351,Mr. Eric Mccarty,1000,Suzuki Cultus,2014,"Kothi 75, Bahria Town, Rawalpindi"
27129-6106309-5,REG-3026,Chaudhry Karen Ferguson,1800,Suzuki Alto,2019,"House 881, Gulberg, Lahore"
19221-5288377-4,REG-8366,Mr. Shannon Ramirez MD,1300,Suzuki Cultus,2023,"House 822, Johar Town, Karachi"
71034-7618838-6,REG-2434,Andrew Christensen,660,Toyota Corolla,2012,"Plot 753, Johar Town, Rawalpindi"
90991-9368477-9,REG-2125,Mr. Theresa Phillips,3400,Suzuki Cultus,2014,"Plot 976, Model Town, Rawalpindi"
30744-6699711-5,REG-2771,David A. Rodriguez,660,Toyota Yaris,2012,"House 523, Johar Town, Karachi"
97351-9699221-1,REG-2466,Mr. Cheryl Ray,1000,KIA Sportage,2011,"Kothi 304, Gulberg, Karachi"
55883-8842879-1,REG-5636,Mr. Brian Robinson,3400,Toyota Prado,2025,"House 293, Model Town, Rawalpindi"
29662-1549542-5,REG-5554,Mr. Carlos King,3400,Toyota Corolla,2021,"Kothi 889, Bahria Town, Islamabad"
77519-8295366-6,REG-2213,Chaudhry Terri Washington MD,3400,Suzuki Alto,2025,"Kothi 681, Johar Town, Islamabad"
99244-1180122-2,REG-6792,J. Smith,1800,Honda City,2017,"House 5, Model Town, Rawalpindi"
23856-2310008-4,REG-7388,Mr. Mary Murphy,2700,Toyota Yaris,2012,"Plot 772, Model Town, Lahore"
15452-2434408-4,REG-7884,John A. Ryan,2700,Toyota Yaris,2014,"Flat 234, Bahria Town, Islamabad"
67479-3973910-3,REG-8226,Dustin A. Williams,2700,Suzuki Alto,2016,"House 247, Gulberg, Lahore"
11890-1751273-2,REG-3556,R. Reeves,1800,Toyota Yaris,2010,"Kothi 684, Bahria Town, Islamabad"
26873-6767275-6,REG-2344,R. Conner,3400,Suzuki Alto,2016,"House 632, Johar Town, Rawalpindi"
77071-5356508-5,REG-9985,Mr. Anthony Thompson,3400,Suzuki Alto,2019,"Flat 673, Gulberg, Islamabad"
95447-3013628-3,REG-5126,Chaudhry Brian Norris,3400,Suzuki Cultus,2018,"House 296, Johar Town, Islamabad"
56710-2049883-2,REG-2179,Christine Martinez,1800,Suzuki Alto,2020,"Kothi 902, Model Town, Rawalpindi"
52750-8648164-3,REG-4450,Michael Moran,2700,Suzuki Cultus,2022,"Kothi 289, Model Town, Islamabad"
34174-2887751-9,REG-6806,Crystal A. Evans,1000,Suzuki Alto,2013,"House 942, Bahria Town, Karachi"
57220-1275726-9,REG-9222,G. Moody,1000,Honda Civic,2025,"Flat 295, Model Town, Rawalpindi"
18718-5188401-4,REG-4307,Nicole A. Fisher,1800,Suzuki Alto,2024,"House 616, Model Town, Rawalpindi"
83972-3593655-2,REG-4484,Grace A. Cohen,2700,Suzuki Alto,2010,"Flat 946, DHA, Karachi"
26022-2730623-1,REG-2326,Christina A. Owens,1800,Toyota Yaris,2011,"Kothi 864, Bahria Town, Islamabad"
24457-7728087-2,REG-9072,Mr. Karina Levine,3400,Toyota Yaris,2013,"Kothi 48, DHA, Islamabad"
39009-3123606-1,REG-3838,Chaudhry John Valentine,3400,Suzuki Cultus,2013,"House 435, Bahria Town, Islamabad"
98134-9130267-4,REG-4829,Andrew A. Bond,1000,Honda City,2013,"Kothi 489, Bahria Town, Rawalpindi"
92656-3891102-1,REG-4375,Karen Smith,1300,Honda City,2015,"Flat 908, Johar Town, Karachi"
87400-9258978-9,REG-7214,Mr. Jerome Peck,2700,BMW X5,2019,"Flat 285, Bahria Town, Karachi"
69998-1082589-7,REG-1079,Chaudhry John Pena,1000,Honda Civic,2013,"Plot 215, Johar Town, Lahore"
70298-9546326-8,REG-3987,Martha A. Campbell,660,Suzuki Cultus,2010,"House 529, DHA, Lahore"
99133-8192450-2,REG-5697,Vanessa Smith,1300,Toyota Corolla,2020,"Flat 421, Model Town, Islamabad"
56419-4608841-8,REG-8735,Mr. Lori Ramirez,3400,Toyota Yaris,2023,"Flat 475, Bahria Town, Islamabad"
58651-9978817-9,REG-4502,T. Cherry,3400,Suzuki Cultus,2013,"Flat 164, Model Town, Rawalpindi"
78471-2843050-6,REG-2113,Amanda A. Wilkerson,3400,KIA Sportage,2010,"Plot 486, Johar Town, Rawalpindi"
67487-6876421-6,REG-6832,Mr. Alfred Turner,3400,KIA Sportage,2021,"Kothi 780, Gulberg, Rawalpindi"
75895-7040808-3,REG-5047,Chaudhry David Grant,1000,Honda City,2011,"Flat 144, DHA, Lahore"
36295-6311666-6,REG-1013,Mr. Cassandra Rodriguez,1800,Toyota Yaris,2011,"Plot 682, Gulberg, Rawalpindi"
27277-7896308-4,REG-8715,Tiffany A. Clark,3400,Toyota Yaris,2023,"Plot 326, DHA, Islamabad"
46240-1400427-4,REG-3785,Julia Fernandez,1000,Honda City,2022,"Flat 922, Model Town, Karachi"
63098-3455638-1,REG-3107,Jeremy A. Carr,3400,Toyota Prado,2020,"House 562, Bahria Town, Lahore"
20637-5752682-7,REG-9740,Diane Cabrera,1000,Suzuki Cultus,2021,"Plot 634, Johar Town, Lahore"
39887-3645386-3,REG-5549,Mr. Ronald Flores,2700,Toyota Corolla,2010,"Plot 248, DHA, Lahore"
82272-2361130-4,REG-7949,Marcus Shannon,3400,Toyota Yaris,2019,"Plot 873, Bahria Town, Lahore"
21479-5793907-3,REG-7690,Maria A. Owens,2700,Toyota Yaris,2010,"House 164, Bahria Town, Lahore"
59973-6064663-2,REG-5946,Mr. Marie Chavez,3400,Toyota Corolla,2013,"House 558, Model Town, Islamabad"
15521-1634156-2,REG-9797,Mr. Danielle Kidd,1300,Suzuki Alto,2022,"Plot 520, Bahria Town, Rawalpindi"
46606-4548925-2,REG-5584,Chaudhry Omar Sanchez,1300,Suzuki Cultus,2020,"Plot 129, DHA, Rawalpindi"
43706-3662186-9,REG-5800,Chaudhry Dana Roman,1300,Toyota Yaris,2010,"House 203, Model Town, Lahore"
72185-7070935-8,REG-4097,Edward Martin,3400,Honda City,2014,"House 168, Johar Town, Islamabad"
78031-3167262-7,REG-3365,Chaudhry Matthew Bradley,660,Suzuki Cultus,2016,"Kothi 788, Gulberg, Lahore"
34656-9325667-7,REG-2450,Sarah Harrison,1800,Suzuki Cultus,2010,"Plot 344, Gulberg, Lahore"
38989-6232846-4,REG-2498,Amber Nielsen,2700,Suzuki Cultus,2010,"Kothi 230, Johar Town, Karachi"
21245-9653158-4,REG-3165,Chaudhry Deborah Nichols,1300,Toyota Yaris,2016,"House 800, Gulberg, Rawalpindi"
32013-9349575-2,REG-5293,Patricia Decker,2700,Audi A6,2023,"Flat 865, DHA, Lahore"
84762-4066261-7,REG-2445,Mr. Christine Bowman,3400,Suzuki Cultus,2013,"Flat 680, Bahria Town, Karachi"
28981-3224959-4,REG-3486,Fernando Nguyen,3400,BMW X5,2025,"House 272, Johar Town, Islamabad"
73811-6104736-7,REG-1146,Anita Brown,1300,Toyota Yaris,2013,"House 306, DHA, Lahore"
91931-6317846-9,REG-7993,Chaudhry Michael Salazar,3400,KIA Sportage,2010,"House 289, Gulberg, Lahore"
20110-9550677-2,REG-5469,Mr. Adrienne Long,3400,Toyota Yaris,2023,"Flat 540, Bahria Town, Karachi"
33210-4683755-7,REG-8917,J. Barnes,3400,Toyota Yaris,2012,"Plot 725, Model Town, Karachi"
60013-8161429-1,REG-1443,Chaudhry John Smith,1300,Honda Civic,2011,"House 429, DHA, Lahore"
25162-3217473-3,REG-4104,Mr. Austin Ray,3400,Toyota Yaris,2023,"House 307, Johar Town, Islamabad"
78851-5021428-1,REG-1447,Shannon A. White,1300,Suzuki Cultus,2013,"House 197, Bahria Town, Rawalpindi"
15367-2547407-8,REG-6991,Chaudhry Olivia Donovan,1000,Honda Civic,2025,"Flat 817, DHA, Karachi"
20278-2253273-9,REG-1889,Kevin A. Miller,1800,Honda City,2025,"House 797, Gulberg, Lahore"
41522-9649039-6,REG-2442,Robert Sanford,1800,Honda Civic,2018,"Flat 724, DHA, Rawalpindi"
43629-8325796-5,REG-3073,Francisco Myers,1000,Honda Civic,2014,"Kothi 58, Johar Town, Rawalpindi"
21806-8057639-3,REG-3201,Mr. Jose Jackson,1800,Suzuki Alto,2017,"House 409, Johar Town, Islamabad"
62070-1195937-7,REG-2545,A. Walker,1000,Suzuki Cultus,2013,"House 729, Bahria Town, Karachi"
90878-4874888-1,REG-1244,Charles A. Stewart,2700,Suzuki Cultus,2022,"Plot 986, Bahria Town, Islamabad"
56150-2993202-1,REG-3681,Mr. Kristen Gomez,2700,Suzuki Alto,2014,"House 102, Model Town, Lahore"
89319-8514063-1,REG-6986,Shawn A. Sheppard,2700,Suzuki Alto,2012,"House 194, Model Town, Islamabad"
29566-1166120-2,REG-5401,Kimberly A. Barton,2700,Honda City,2014,"House 536, Gulberg, Rawalpindi"
33476-6852477-4,REG-7534,Chaudhry Erik Owens,660,Honda Civic,2020,"Flat 191, Model Town, Rawalpindi"
64827-8844387-2,REG-4066,Julie A. Townsend,1300,Toyota Yaris,2021,"Plot 77, Johar Town, Islamabad"
32752-9016614-6,REG-5022,Mr. Kristie Little,660,Honda Civic,2025,"Kothi 577, Gulberg, Rawalpindi"
41947-1083617-5,REG-9991,R. Hicks,1800,Honda City,2010,"Plot 849, DHA, Rawalpindi"
93453-6688333-5,REG-2943,C. Rivera,3400,Toyota Corolla,2024,"Kothi 754, Johar Town, Karachi"
79105-6993137-7,REG-9164,M. Stephen Rogers,1800,Toyota Yaris,2011,"Plot 539, Johar Town, Islamabad"
35887-9144406-6,REG-2933,Mr. Anthony Shields,1300,KIA Sportage,2015,"Kothi 639, Model Town, Lahore"
81938-4558712-3,REG-8107,Michelle A. Mccarty,1000,Suzuki Alto,2024,"Kothi 682, DHA, Lahore"
33676-7379392-3,REG-7057,David A. Ruiz,3400,Toyota Prado,2023,"Kothi 371, DHA, Islamabad"
39925-4648648-4,REG-6406,Veronica A. Armstrong,1000,Honda City,2022,"Flat 948, DHA, Lahore"
73823-8069310-6,REG-5313,Steven Taylor,1800,Toyota Prado,2014,"House 716, Model Town, Rawalpindi"
78594-9212253-6,REG-9705,Mr. Martin Rodriguez,1000,Suzuki Alto,2020,"Plot 900, Model Town, Karachi"
40076-6375546-8,REG-1062,J. Smith,1000,KIA Sportage,2023,"Flat 512, DHA, Rawalpindi"
39462-1217180-8,REG-1943,Kent Johnson,1000,Toyota Yaris,2012,"House 465, Johar Town, Rawalpindi"
82896-9321610-2,REG-9420,Mr. Eric Thomas,1000,Suzuki Cultus,2023,"House 714, Model Town, Karachi"
90614-1714394-7,REG-4769,Lauren A. Thompson,1800,Suzuki Cultus,2011,"Plot 280, Gulberg, Islamabad"
33139-3326333-5,REG-7564,A. Mcbride,1300,Toyota Yaris,2022,"Flat 345, Johar Town, Islamabad"
12471-4991869-2,REG-8913,Chaudhry Steven Jennings,1000,Suzuki Cultus,2016,"Flat 696, Model Town, Lahore"
35619-5135110-1,REG-7980,Chaudhry Sheila Smith,1300,Suzuki Alto,2013,"Kothi 432, Bahria Town, Karachi"
25981-8441656-4,REG-1689,Travis A. Combs,3400,BMW X5,2020,"Kothi 753, Johar Town, Karachi"
22320-5792360-3,REG-8819,E. Hill,660,Toyota Yaris,2022,"House 740, Gulberg, Lahore"
29923-8519037-4,REG-9970,Chaudhry Jack Yates,1800,Honda City,2018,"Flat 196, Model Town, Rawalpindi"
87985-9696342-4,REG-9358,Shannon Johnson,1800,Suzuki Alto,2019,"House 323, DHA, Lahore"
73721-2780393-3,REG-5122,Chaudhry Heidi Santos,1000,Suzuki Alto,2019,"Plot 442, DHA, Lahore"
97764-5230107-4,REG-6398,Harold Fisher,1000,Suzuki Cultus,2011,"Kothi 998, Model Town, Islamabad"
23562-5604445-6,REG-7674,Sandra Simmons,1800,Suzuki Cultus,2019,"House 551, DHA, Karachi"
17916-6998474-4,REG-1933,Richard A. Oliver,1300,Toyota Prado,2015,"Plot 81, Johar Town, Islamabad"
69169-8872823-2,REG-1020,Mr. Michael Ray,660,Honda City,2020,"House 573, DHA, Islamabad"
69058-5401124-6,REG-6231,Brittany Burns,1300,Suzuki Alto,2012,"Flat 634, Johar Town, Rawalpindi"
43363-8571420-7,REG-2890,Jenna Gonzalez,2700,Toyota Corolla,2024,"Plot 367, Model Town, Lahore"
60781-5999666-4,REG-2757,Mr. Lisa Dixon,660,Toyota Yaris,2021,"Plot 9, Bahria Town, Islamabad"
30266-6533567-8,REG-5454,Mr. Susan Hayes,1000,Toyota Corolla,2024,"House 737, Model Town, Karachi"
74172-3183513-7,REG-4533,Chaudhry Teresa Foster,1800,Toyota Corolla,2010,"Flat 667, Gulberg, Karachi"
79105-9723521-5,REG-8888,Chaudhry Anthony Dawson,1300,Suzuki Cultus,2013,"House 62, Johar Town, Lahore"
61972-8517879-1,REG-1035,K. Malone,1300,Suzuki Cultus,2010,"Plot 133, DHA, Karachi"
82674-5547302-9,REG-3784,Chaudhry Nicholas Mendoza,2700,Toyota Yaris,2017,"Plot 234, Johar Town, Rawalpindi"
10470-9175098-1,REG-3847,Bryan Buckley,3400,Toyota Corolla,2024,"Kothi 986, Johar Town, Lahore"
62426-9525842-6,REG-4969,Chaudhry Heidi Horne,2700,Toyota Yaris,2011,"Plot 861, Bahria Town, Rawalpindi"
25260-3582682-2,REG-4641,Mr. Yvonne Santiago,3400,Suzuki Alto,2016,"Flat 275, Gulberg, Rawalpindi"
17219-9787336-4,REG-1010,Mr. Linda Rodriguez,2700,Suzuki Cultus,2023,"House 329, Johar Town, Lahore"
54837-6326574-7,REG-4748,Tara A. Tucker,1800,Suzuki Cultus,2012,"Flat 699, DHA, Islamabad"
31423-9827433-8,REG-9560,Elizabeth A. Kim,660,Honda City,2011,"Kothi 859, Model Town, Islamabad"
61694-7585406-8,REG-9847,Nicholas A. Watts,2700,Toyota Corolla,2016,"Plot 352, Bahria Town, Lahore"
29863-7918495-1,REG-1265,Mr. Beth Wall,1300,Toyota Yaris,2017,"Flat 395, Johar Town, Lahore"
48144-4445628-8,REG-9575,Charles A. Howard,3400,Honda City,2022,"Flat 30, DHA, Karachi"
54206-3485929-3,REG-9444,K. Wade,3400,Toyota Yaris,2015,"Plot 497, Bahria Town, Islamabad"
84024-6409399-6,REG-6305,Sarah A. Anderson,3400,Suzuki Cultus,2024,"Plot 769, Model Town, Lahore"
64707-9117093-9,REG-3289,Chaudhry Kristin Yates,1800,Suzuki Cultus,2022,"Flat 960, Gulberg, Islamabad"
94225-1351492-4,REG-7071,R. Baird,1300,Audi A6,2023,"Kothi 666, Johar Town, Lahore"
75020-3760354-8,REG-9161,Chaudhry Becky Decker,1300,Honda City,2017,"Kothi 740, Gulberg, Islamabad"
24507-4858819-8,REG-9534,T. Bailey,2700,Suzuki Alto,2024,"Plot 643, Model Town, Lahore"
48470-5537776-7,REG-9481,Chaudhry Tammy Hoffman,1300,Suzuki Alto,2019,"Flat 487, Model Town, Lahore"
85771-1762211-6,REG-7221,Lynn A. Guzman,1300,Suzuki Alto,2015,"Plot 405, Bahria Town, Islamabad"
39481-7347711-3,REG-7645,Mr. Angela Castro,2700,KIA Sportage,2013,"Kothi 861, Model Town, Lahore"
98836-1439146-1,REG-4572,Christopher Higgins,1300,Toyota Yaris,2013,"House 447, Model Town, Rawalpindi"
27542-3381802-7,REG-5160,Mr. Robert Olson,1800,Toyota Corolla,2024,"Plot 373, Gulberg, Lahore"
65119-3218426-8,REG-6117,Chaudhry Deborah Davila,1300,Honda Civic,2021,"Plot 905, DHA, Islamabad"
28367-3786291-3,REG-8537,Nicholas A. White,1800,Suzuki Alto,2020,"House 781, DHA, Islamabad"
12998-2804541-5,REG-6460,Mr. Sara Watson,3400,Toyota Corolla,2025,"Flat 325, DHA, Islamabad"
22287-5956179-6,REG-8541,Amy Moore,1300,BMW X5,2018,"Flat 228, Gulberg, Islamabad"
38965-4338629-7,REG-2990,Janet Cantu,660,Suzuki Cultus,2012,"Kothi 482, Model Town, Karachi"
71500-4703893-2,REG-5910,Chaudhry Mark Reed MD,1300,Toyota Yaris,2015,"Kothi 270, Gulberg, Islamabad"
58999-3373726-9,REG-3445,Kathryn Smith,1300,Toyota Yaris,2015,"Kothi 185, DHA, Islamabad"
79059-6201961-6,REG-4923,Mr. Andrew Lawrence,1800,Suzuki Alto,2011,"House 160, DHA, Islamabad"
69917-5864072-1,REG-3100,Anthony A. Alvarado,2700,Honda Civic,2011,"Flat 810, DHA, Islamabad"
73986-2532126-3,REG-8274,Chaudhry Melissa Mitchell DDS,1800,Audi A6,2020,"Kothi 773, Johar Town, Karachi"
65618-9294470-6,REG-8947,Mr. Kathleen Smith,3400,Suzuki Alto,2025,"Kothi 584, Gulberg, Rawalpindi"
53882-4529969-7,REG-6294,Mr. Barbara Olson,1000,Suzuki Cultus,2011,"Kothi 6, DHA, Rawalpindi"
56046-8271080-1,REG-1576,Chaudhry Robert Walker,660,Honda City,2025,"Flat 951, Johar Town, Lahore"
85001-4592270-6,REG-9620,Matthew A. Marshall,2700,Honda City,2013,"Kothi 737, DHA, Rawalpindi"
65203-2978396-4,REG-6305,Mr. Krista Phelps,2700,BMW X5,2019,"Plot 739, Bahria Town, Rawalpindi"
70607-9631924-6,REG-6491,Mr. Thomas Moreno,3400,Suzuki Alto,2016,"Kothi 825, Gulberg, Rawalpindi"
73768-4988160-3,REG-6179,Chaudhry David Good,1000,Honda City,2011,"Plot 790, DHA, Rawalpindi"
90691-6482446-5,REG-2071,Mr. Eric Dunlap,1800,KIA Sportage,2019,"Plot 379, Gulberg, Lahore"
46735-4856980-1,REG-1710,Mr. Amanda Everett,660,Honda Civic,2024,"Flat 918, DHA, Lahore"
94688-4746222-7,REG-6168,A. Mcknight,3400,Suzuki Alto,2012,"Kothi 400, Gulberg, Rawalpindi"
42085-7086318-7,REG-3028,Chaudhry Crystal Miles,660,Toyota Land Cruiser,2024,"Flat 376, Model Town, Karachi"
63998-4432692-1,REG-7769,Chaudhry Donald Williams,3400,Toyota Yaris,2014,"Plot 82, Johar Town, Islamabad"
27676-7407462-8,REG-6652,Chaudhry Brenda Thompson,1300,Honda City,2021,"Plot 783, Model Town, Lahore"
79498-9399331-8,REG-3377,K. Taylor,2700,Suzuki Cultus,2015,"Plot 4, Model Town, Islamabad"
34201-1806275-9,REG-2812,Mr. Julie Diaz,1800,Suzuki Cultus,2025,"House 333, Model Town, Islamabad"
34916-7300768-4,REG-5103,Tracy Neal,1000,Suzuki Alto,2012,"House 600, DHA, Rawalpindi"
99845-8110324-1,REG-9402,Mr. Paul Adkins,660,Suzuki Cultus,2010,"Kothi 632, Johar Town, Rawalpindi"
56183-4974308-7,REG-8635,Chaudhry Dr. Kylie Flores DVM,3400,Suzuki Alto,2023,"Plot 10, Johar Town, Karachi"
64023-3211652-8,REG-1878,T. Kim,1800,Honda City,2011,"Plot 319, Bahria Town, Islamabad"
23982-1626274-2,REG-2231,Chaudhry Christina Curtis,660,KIA Sportage,2011,"Flat 275, Model Town, Karachi"
69288-5849084-2,REG-6094,Chaudhry Samuel Eaton,2700,Toyota Corolla,2024,"Flat 78, Model Town, Islamabad"
97799-9975269-3,REG-4975,Elizabeth Mckenzie,3400,Honda City,2022,"Flat 45, Gulberg, Rawalpindi"
23758-3245892-1,REG-8926,Chaudhry Cole Graham,1000,Suzuki Alto,2013,"Flat 685, Model Town, Lahore"
45937-3614998-2,REG-6427,A. Miles,1800,Suzuki Alto,2025,"Plot 413, Gulberg, Lahore"
21498-6903575-1,REG-2409,Joshua Gordon,1000,Honda City,2013,"Kothi 599, Model Town, Rawalpindi"
62125-6049889-7,REG-2447,Chaudhry Wendy Shaffer,1300,Honda City,2015,"Flat 353, Model Town, Rawalpindi"
62690-4523907-2,REG-9229,Chaudhry Frank Juarez,1300,Suzuki Cultus,2011,"Flat 938, Bahria Town, Rawalpindi"
38917-5765305-2,REG-2150,A. Blake,1300,Audi A6,2016,"Plot 119, Johar Town, Rawalpindi"
94299-4146176-4,REG-2597,Lisa A. Garcia,1800,Suzuki Cultus,2018,"Plot 495, Bahria Town, Islamabad"
53034-5688704-7,REG-6919,C. Mason,2700,Suzuki Alto,2022,"Kothi 739, Bahria Town, Rawalpindi"
91950-9220717-2,REG-8706,G. Lee,3400,Suzuki Alto,2011,"Kothi 541, Bahria Town, Islamabad"
78715-9176485-1,REG-8347,Whitney A. Holden,2700,Toyota Yaris,2025,"Plot 708, Johar Town, Rawalpindi"
75390-5408483-8,REG-6721,Chaudhry Kevin Mosley,1300,Suzuki Alto,2015,"Flat 292, Johar Town, Lahore"
42710-9279061-6,REG-2884,Mr. Jill Rodriguez,2700,Suzuki Cultus,2018,"House 971, Johar Town, Lahore"
25405-2662047-8,REG-6361,R. Campos,1800,Toyota Land Cruiser,2014,"Kothi 422, DHA, Islamabad"
36965-2475782-8,REG-2735,Kathryn Herring,1000,Suzuki Cultus,2012,"House 839, Model Town, Rawalpindi"
76171-1875669-9,REG-3444,Chaudhry Kelly Humphrey,660,Suzuki Alto,2011,"House 236, Bahria Town, Rawalpindi"
30835-2514721-2,REG-2890,D. Jared Thompson MD,1300,Honda Civic,2017,"House 758, Bahria Town, Lahore"
19974-6590279-3,REG-9703,Steven Blair,660,Suzuki Cultus,2018,"Kothi 225, DHA, Lahore"
27863-3926068-9,REG-5843,Thomas Taylor,2700,Toyota Yaris,2012,"Flat 467, Model Town, Rawalpindi"
76364-1205110-9,REG-8155,Leslie A. Miller,660,Suzuki Alto,2012,"Flat 375, DHA, Lahore"
10614-3532172-7,REG-8931,Jimmy Abbott,3400,Toyota Yaris,2018,"Plot 475, Bahria Town, Lahore"
77454-6430804-2,REG-4244,Mr. Angela Jones,1300,Suzuki Cultus,2025,"House 144, Gulberg, Karachi"
88655-2946619-6,REG-1656,Patrick Payne,3400,BMW X5,2012,"Kothi 34, Johar Town, Rawalpindi"
27390-7371875-1,REG-2776,Mr. Laurie Snyder,3400,Suzuki Cultus,2024,"Flat 102, DHA, Islamabad"
36758-9619743-3,REG-2294,Krista A. Ramos,2700,Suzuki Alto,2011,"Plot 317, Bahria Town, Islamabad"
96208-4851961-2,REG-6338,Jill Fuller,3400,Suzuki Cultus,2020,"Kothi 531, DHA, Islamabad"
47173-5881033-3,REG-8715,Chaudhry Carrie Riley,1800,Honda Civic,2015,"Kothi 944, Johar Town, Islamabad"
88140-1795757-5,REG-7426,Steven A. Moore,1300,Suzuki Cultus,2022,"House 704, Bahria Town, Lahore"
47206-7105058-7,REG-2710,Mr. Erika Pitts,1000,Toyota Prado,2017,"House 330, Johar Town, Islamabad"
23922-7311448-9,REG-4195,Nicole A. Perry,1000,Honda City,2010,"House 746, Gulberg, Lahore"
62074-3944361-4,REG-2541,Kevin A. Cervantes,1800,Honda City,2022,"House 408, DHA, Islamabad"
81322-2781449-6,REG-9450,C. Garrett,2700,Suzuki Alto,2010,"Kothi 426, Bahria Town, Rawalpindi"
12726-4063526-7,REG-6122,Stephen Nichols,660,KIA Sportage,2013,"Flat 914, Johar Town, Islamabad"
16031-1392670-5,REG-1210,Jason Barnes,3400,KIA Sportage,2012,"House 663, Bahria Town, Islamabad"
26396-9868813-2,REG-7412,Courtney A. Washington,3400,Toyota Land Cruiser,2014,"Flat 173, DHA, Islamabad"
91264-5679971-7,REG-4581,J. Kaufman,3400,Suzuki Cultus,2014,"Kothi 609, Johar Town, Rawalpindi"
17102-6098171-8,REG-8792,Mr. Catherine Williams,2700,KIA Sportage,2021,"Flat 905, Bahria Town, Lahore"
38915-1538604-7,REG-9499,Ashley A. Bailey,2700,Honda City,2019,"House 155, Model Town, Karachi"
60781-1214877-7,REG-3144,Barbara A. Thompson,3400,Honda City,2023,"House 458, Johar Town, Lahore"
99574-2323822-1,REG-3044,Amanda A. MD,1800,Toyota Prado,2021,"House 735, Model Town, Karachi"
69878-2870668-3,REG-8393,Jeffery Robinson,1800,Toyota Yaris,2016,"Plot 931, Model Town, Rawalpindi"
99701-9992939-7,REG-2092,Mr. Rhonda Morris,1000,Suzuki Alto,2023,"House 519, Model Town, Rawalpindi"
26936-7138670-2,REG-2467,Paige A. Lee,1300,Honda City,2014,"Plot 673, Gulberg, Karachi"
82001-8959532-9,REG-9861,Kara Ryan,3400,Toyota Prado,2014,"House 342, DHA, Karachi"
67212-2798002-3,REG-7101,Chaudhry Regina Smith,660,Toyota Yaris,2013,"Plot 204, Johar Town, Rawalpindi"
90703-4105101-8,REG-9753,S. Olson,660,KIA Sportage,2015,"Kothi 857, Johar Town, Karachi"
53794-7533901-1,REG-3375,Jim Carr,2700,Suzuki Alto,2015,"Kothi 538, Johar Town, Rawalpindi"
10347-2784585-8,REG-9082,T. Petersen,1800,Honda City,2015,"Flat 413, Gulberg, Rawalpindi"
16864-8094155-2,REG-4489,Mr. Brian Murphy,1000,Suzuki Alto,2013,"Kothi 778, Model Town, Karachi"
51615-3382852-2,REG-8960,Lawrence Salazar,660,KIA Sportage,2014,"Flat 326, Model Town, Karachi"
52151-1727632-3,REG-3305,Chaudhry Michael Henderson,3400,Toyota Prado,2021,"Kothi 134, Gulberg, Lahore"
89886-1929392-5,REG-1594,Richard Garcia,660,Toyota Yaris,2024,"Kothi 192, Johar Town, Islamabad"
25527-1225695-6,REG-5528,Chaudhry Nicole Gonzalez,660,Honda Civic,2022,"House 378, Gulberg, Islamabad"
53552-2577243-3,REG-2491,A. Williamson,2700,KIA Sportage,2016,"Kothi 815, Model Town, Karachi"
29039-6853630-1,REG-6230,A. Yang,1800,Suzuki Alto,2016,"Flat 708, Johar Town, Rawalpindi"
25924-9873848-2,REG-8388,Samantha Gardner,2700,Suzuki Alto,2024,"Kothi 325, Gulberg, Rawalpindi"
64498-3550832-3,REG-1865,Kurt Wheeler,1800,Toyota Yaris,2013,"House 251, Bahria Town, Islamabad"
51105-2446086-6,REG-7246,Mr. James Fox,660,Toyota Yaris,2017,"Flat 470, Model Town, Islamabad"
64568-3201020-3,REG-7536,Mr. Matthew Pearson,1800,BMW X5,2024,"Plot 433, Johar Town, Karachi"
32391-3958990-5,REG-1071,A. Schneider,1300,Suzuki Alto,2021,"House 49, Johar Town, Rawalpindi"
61867-2431760-8,REG-3211,M. Allen,2700,Honda Civic,2024,"Flat 964, DHA, Karachi"
82622-7016686-3,REG-8921,A. Stevens,2700,Suzuki Cultus,2010,"House 611, Bahria Town, Rawalpindi"
55183-9126496-2,REG-5186,Gregg A. Walker,660,Toyota Yaris,2023,"Plot 409, Model Town, Rawalpindi"
59602-5663314-6,REG-1428,Mr. Chelsea Hood,3400,Suzuki Cultus,2018,"Flat 102, Model Town, Lahore"
87728-1167974-7,REG-6965,Christopher Morgan,1000,Toyota Corolla,2020,"Kothi 632, Gulberg, Rawalpindi"
68031-2657786-2,REG-7135,Chaudhry Ariel Mclean,2700,Suzuki Alto,2016,"House 345, Model Town, Karachi"
28863-2075379-7,REG-8975,John A. Fischer,1800,Suzuki Alto,2021,"House 231, DHA, Karachi"
66176-4620296-1,REG-4885,Chad Farmer,660,Suzuki Alto,2023,"Plot 12, Johar Town, Islamabad"
38059-5303396-8,REG-4647,Andrea Thompson,3400,Suzuki Cultus,2020,"Kothi 177, Gulberg, Karachi"
47346-6958044-8,REG-1405,Juan A. Johnston,1000,Toyota Yaris,2020,"Plot 779, Gulberg, Islamabad"
76138-4068470-1,REG-2286,Heather Ward,660,Toyota Yaris,2022,"Plot 358, Johar Town, Lahore"
40369-7503890-8,REG-3267,Chaudhry Krista Lopez,1800,Suzuki Alto,2010,"House 374, DHA, Karachi"
30431-2099141-5,REG-1671,Mr. Teresa Yates,2700,Suzuki Cultus,2012,"Plot 98, Johar Town, Karachi"
63671-4385263-6,REG-1265,T. Le,1000,Honda City,2024,"House 323, Bahria Town, Lahore"
88487-6862338-7,REG-5649,C. Martin,1300,Toyota Yaris,2012,"Kothi 332, Johar Town, Karachi"
49837-3695576-7,REG-7755,D. Patterson,1000,Honda City,2010,"Flat 688, Gulberg, Rawalpindi"
24354-6523272-8,REG-5349,Jill A. Richardson,1800,Honda City,2012,"House 305, Gulberg, Karachi"
65123-5514861-9,REG-4192,S. Gutierrez,1800,Toyota Prado,2019,"Kothi 730, Gulberg, Rawalpindi"
64238-2097432-6,REG-5436,Chaudhry Sarah Pierce,3400,Suzuki Cultus,2011,"Plot 263, Gulberg, Rawalpindi"
68095-8451638-1,REG-8603,Miss Heather Richardson PhD,2700,Toyota Corolla,2024,"Plot 25, Gulberg, Rawalpindi"
50595-9956076-9,REG-2252,Randy Kennedy,660,Suzuki Cultus,2023,"House 314, Gulberg, Rawalpindi"
17063-1667160-3,REG-4084,Rebekah A. Gibson,3400,Toyota Prado,2022,"Plot 107, Johar Town, Islamabad"
77907-7405204-8,REG-3397,Mr. Tina Bowman,2700,Suzuki Cultus,2011,"Flat 451, Bahria Town, Rawalpindi"
97447-2354075-1,REG-3208,Chaudhry Kristina Ochoa,660,Honda City,2018,"Kothi 109, Bahria Town, Lahore"
46884-1065255-6,REG-8096,Chaudhry Diana Tate,1000,Toyota Yaris,2019,"Kothi 923, Model Town, Lahore"
23468-2559795-5,REG-1656,Chaudhry Catherine Roman,3400,Suzuki Cultus,2011,"Flat 69, Gulberg, Rawalpindi"
23029-9049582-5,REG-8559,Lisa A. Henderson,1800,Honda City,2023,"House 215, Model Town, Karachi"
47090-8286026-7,REG-2430,Mr. Heather Singh PhD,1800,Toyota Land Cruiser,2016,"House 42, Bahria Town, Lahore"
37631-7999212-6,REG-2689,Loretta A. Estrada,2700,Honda City,2012,"Flat 43, Johar Town, Islamabad"
55317-7876890-7,REG-8289,C. Torres,1300,Honda Civic,2025,"Flat 353, Bahria Town, Rawalpindi"
53877-3833485-8,REG-4163,Dana Hicks,1000,Toyota Prado,2011,"Flat 536, Model Town, Karachi"
66258-8472075-5,REG-2011,Laura A. Walker,1800,Suzuki Alto,2012,"Flat 522, Bahria Town, Rawalpindi"
54709-4373246-9,REG-2071,Jennifer A. Harrell,1000,KIA Sportage,2024,"House 954, Bahria Town, Karachi"
84247-7633004-3,REG-3484,Chaudhry James Clark,1800,Suzuki Cultus,2014,"Plot 93, DHA, Islamabad"
66905-4911204-9,REG-6866,Mr. Victor Macdonald,660,Toyota Yaris,2023,"Flat 378, Johar Town, Lahore"
16386-7453754-6,REG-7131,Julie A. PhD,660,Suzuki Alto,2020,"House 928, Gulberg, Rawalpindi"
88456-9399267-5,REG-4130,Mr. Erica Day,1800,Suzuki Alto,2010,"House 378, Bahria Town, Islamabad"
87942-8817635-7,REG-5796,B. Sandoval,660,Suzuki Cultus,2022,"Plot 22, Gulberg, Rawalpindi"
42848-8256556-6,REG-9665,Denise A. Oconnor,3400,Toyota Corolla,2017,"Flat 622, Gulberg, Rawalpindi"
10297-2928590-3,REG-3051,C. Armstrong,1300,Toyota Yaris,2013,"House 456, Gulberg, Rawalpindi"
92429-8406171-5,REG-9146,Chaudhry Bradley Warner,2700,Honda Civic,2013,"House 951, DHA, Lahore"
72861-1794868-8,REG-4737,Mr. Christopher Solomon,660,Suzuki Alto,2016,"Flat 720, Gulberg, Lahore"
85145-9657072-4,REG-2538,Thomas A. Jones,1000,Honda Civic,2019,"Flat 655, Bahria Town, Rawalpindi"
22269-5964126-2,REG-7405,Ray Beck,2700,Suzuki Cultus,2024,"Kothi 297, Bahria Town, Karachi"
13975-5710033-5,REG-9571,Michael Moyer,660,Honda Civic,2018,"Kothi 834, Bahria Town, Lahore"
97392-1902581-8,REG-7775,Kimberly Villegas,1000,Toyota Prado,2013,"Kothi 110, DHA, Lahore"
56119-6477866-8,REG-7436,Adrian Martin,3400,Toyota Yaris,2015,"Kothi 612, Bahria Town, Lahore"
71285-1500533-1,REG-3414,Ms. Tina Mckenzie PhD,660,Suzuki Alto,2015,"Plot 415, Gulberg, Rawalpindi"
27181-9479896-8,REG-8784,Monique Perez DDS,660,Toyota Yaris,2022,"Kothi 339, Bahria Town, Lahore"
33741-3790998-1,REG-3685,Mr. Isaiah Munoz,2700,Suzuki Alto,2011,"Flat 741, DHA, Lahore"
53508-4096228-9,REG-7544,Ricky A. Hill,660,Suzuki Alto,2021,"Kothi 172, DHA, Karachi"
63585-8352216-2,REG-4358,M. Brown,1300,Suzuki Alto,2010,"Kothi 110, Bahria Town, Islamabad"
53540-4715892-3,REG-1415,Jamie A. Taylor,1000,Honda City,2015,"Flat 127, Johar Town, Rawalpindi"
41542-4195555-8,REG-7235,L. Sims,1800,Suzuki Cultus,2017,"House 206, DHA, Karachi"
38950-1791534-2,REG-1096,Chaudhry Jacob Lee,660,Toyota Corolla,2024,"House 144, Model Town, Rawalpindi"
17823-7467125-9,REG-3007,Katherine A. Payne,3400,Suzuki Cultus,2024,"Plot 298, Johar Town, Lahore"
69438-9588045-2,REG-6492,Mr. Jason Martinez,1000,Honda City,2018,"Kothi 353, Gulberg, Lahore"
28335-6060961-9,REG-4544,Chaudhry Erica Patrick,1800,Toyota Land Cruiser,2025,"Kothi 529, Bahria Town, Rawalpindi"
32775-9223075-7,REG-5524,J. Crawford MD,1000,Suzuki Cultus,2016,"Flat 257, Gulberg, Karachi"
37264-5762876-7,REG-2296,Jennifer Anthony DDS,2700,Suzuki Cultus,2010,"Plot 316, Model Town, Rawalpindi"
56961-8879239-4,REG-4690,Mr. Robert Lynch,3400,Toyota Yaris,2024,"Flat 843, Model Town, Islamabad"
30848-8366915-1,REG-9945,R. Stewart,660,Toyota Land Cruiser,2019,"Kothi 537, Johar Town, Karachi"
99491-5382919-9,REG-9662,Chaudhry Cindy Richards,1800,Toyota Yaris,2018,"Kothi 245, DHA, Rawalpindi"
64035-6824246-6,REG-3517,Mr. Edward Jones,1800,KIA Sportage,2018,"Plot 552, Gulberg, Lahore"
89267-8242187-5,REG-3992,M. Santos,660,Toyota Land Cruiser,2013,"Plot 159, Johar Town, Rawalpindi"
77838-8441782-3,REG-5237,Maria A. Turner,1800,KIA Sportage,2016,"Flat 988, Gulberg, Lahore"
50177-9758069-9,REG-3631,Mr. Mark Hall,1000,Toyota Yaris,2020,"House 664, Model Town, Karachi"
92441-6997126-7,REG-8898,Heather Watson,660,Honda Civic,2021,"Flat 852, Johar Town, Rawalpindi"
85123-7542920-4,REG-8258,Rhonda Hardy,2700,Honda City,2014,"Plot 324, Model Town, Rawalpindi"
52660-1241332-8,REG-7623,Hector A. Johnson,2700,Suzuki Cultus,2011,"Kothi 538, Gulberg, Karachi"
12702-2115450-9,REG-7795,C. Bell,1800,Toyota Land Cruiser,2017,"Plot 581, Johar Town, Lahore"
68625-9523801-7,REG-3071,Chaudhry Anna Collins,660,Toyota Land Cruiser,2023,"Flat 880, Bahria Town, Rawalpindi"
65143-6766074-9,REG-1207,Gabrielle Walker,2700,Suzuki Alto,2011,"Kothi 374, Bahria Town, Rawalpindi"
92204-9674684-1,REG-5865,Chaudhry Kristie Perez,1800,Suzuki Cultus,2016,"Flat 526, Model Town, Rawalpindi"
86135-4879723-7,REG-4541,Melinda A. Luna,1300,KIA Sportage,2019,"Kothi 958, Johar Town, Lahore"
84118-5066010-4,REG-6726,Eric Green,2700,Honda City,2015,"Flat 673, Model Town, Islamabad"
88059-9880665-1,REG-7988,Brian A. Stewart,1800,Toyota Yaris,2020,"House 861, Bahria Town, Karachi"
50660-6154916-9,REG-5626,Amanda Miller,3400,Toyota Yaris,2021,"Plot 759, Johar Town, Karachi"
63883-2177344-3,REG-8922,Chaudhry Jill Hughes,1000,Honda City,2017,"Plot 861, Model Town, Rawalpindi"
21570-5948097-6,REG-1643,Caleb A. James,2700,BMW X5,2021,"Plot 150, Gulberg, Karachi"
94837-6043058-4,REG-4574,Susan Gonzales DDS,2700,Toyota Yaris,2016,"Plot 143, DHA, Karachi"
75742-9082143-4,REG-1401,Erik A. Sanders,3400,Suzuki Alto,2020,"Plot 750, Bahria Town, Rawalpindi"
23621-4659830-6,REG-5181,Chaudhry John Diaz,660,Toyota Corolla,2023,"Kothi 110, Bahria Town, Islamabad"
74455-4207315-9,REG-1748,Mr. Gabrielle Moore,3400,Honda Civic,2022,"Plot 185, Gulberg, Rawalpindi"
28933-5824957-4,REG-3106,Chaudhry Hannah Hurley,1000,Toyota Yaris,2023,"House 750, DHA, Rawalpindi"
90211-4575023-7,REG-9427,Chaudhry William Crane,2700,Honda Civic,2019,"Kothi 265, Gulberg, Rawalpindi"
73264-4572610-3,REG-8721,Chaudhry Amanda Greene,660,Toyota Yaris,2014,"House 105, Model Town, Islamabad"
48688-8174668-6,REG-2270,Emma Moreno,1000,Suzuki Cultus,2018,"Kothi 555, Bahria Town, Karachi"
19262-7907587-5,REG-9378,Mr. Anthony Ferguson,1300,Honda City,2011,"Kothi 937, Bahria Town, Karachi"
16877-4789047-3,REG-3090,R. Miller,1800,Toyota Land Cruiser,2015,"Kothi 667, Johar Town, Islamabad"
39703-1454862-4,REG-9923,Chaudhry Denise Bowman,3400,Toyota Corolla,2011,"Kothi 428, DHA, Karachi"
93604-3853292-3,REG-1299,K. Fritz,2700,Honda City,2025,"Plot 780, Johar Town, Rawalpindi"
69433-1979536-4,REG-9826,Jessica Cooke,660,Toyota Yaris,2021,"Plot 328, Gulberg, Islamabad"
13853-1719523-6,REG-5192,Mr. Daniel Aguilar,1300,Suzuki Alto,2016,"Flat 422, Bahria Town, Lahore"
64776-8263012-3,REG-5307,Allen A. Williams,3400,Toyota Corolla,2013,"House 895, Bahria Town, Islamabad"
40042-5128004-3,REG-5181,S. Brown,1000,BMW X5,2017,"Kothi 797, Bahria Town, Lahore"
34381-8320873-7,REG-7513,Chaudhry Martin Castillo MD,2700,Suzuki Cultus,2022,"Kothi 341, DHA, Karachi"
44400-4625066-5,REG-9844,Jason Gonzalez,3400,Honda City,2020,"Flat 923, DHA, Karachi"
65419-4002780-5,REG-1555,Mr. Mary Copeland,1300,Suzuki Cultus,2023,"Flat 251, Johar Town, Lahore"
77502-9949780-9,REG-8610,Mark A. Santos,660,Suzuki Alto,2017,"House 217, Gulberg, Islamabad"
92958-5234502-3,REG-9270,Mr. William Caldwell,2700,Audi A6,2016,"House 805, Gulberg, Islamabad"
65069-3185033-8,REG-8462,Mr. Jennifer Torres,3400,Suzuki Cultus,2022,"Flat 709, DHA, Lahore"
97395-7644420-5,REG-6927,Mr. Jason Holland,1800,Honda City,2017,"Kothi 254, Gulberg, Lahore"
56098-4702950-8,REG-1056,Daniel Bass,660,Honda City,2011,"House 313, Johar Town, Lahore"
81036-1729069-2,REG-2671,Mr. Renee Carpenter,2700,Toyota Yaris,2011,"Kothi 425, Bahria Town, Rawalpindi"
87750-5890195-6,REG-8243,C. Hampton,1800,KIA Sportage,2017,"Kothi 119, DHA, Rawalpindi"
44396-6112476-7,REG-9685,Mr. Danielle Washington,2700,Honda City,2019,"Plot 618, Gulberg, Lahore"
64971-9692554-6,REG-1621,Derrick A. Wagner,660,Audi A6,2014,"Flat 708, DHA, Rawalpindi"
90934-7952815-4,REG-5421,Chaudhry Hannah Wolfe,660,Toyota Yaris,2011,"House 442, Johar Town, Karachi"
99492-4074436-6,REG-2382,P. Grant,1300,Honda City,2022,"Plot 325, Johar Town, Karachi"
64096-1947952-7,REG-2746,Mr. Christopher Bates,1800,BMW X5,2014,"Plot 253, Johar Town, Rawalpindi"
88931-4011350-4,REG-2331,Chaudhry David Lewis,1800,Honda City,2018,"House 354, Johar Town, Islamabad"
94595-7647269-7,REG-5290,A. Thomas,1800,Toyota Yaris,2017,"Flat 293, Johar Town, Islamabad"
47250-9232475-5,REG-2284,D. Pineda,2700,Toyota Yaris,2017,"Kothi 308, DHA, Karachi"
67981-1257131-6,REG-1563,Jeffrey A. Martin,2700,Suzuki Alto,2018,"House 95, Johar Town, Islamabad"
82164-1901605-1,REG-5645,L. Hernandez,2700,Suzuki Cultus,2017,"House 47, Model Town, Islamabad"
76171-2466482-4,REG-5409,Chaudhry Kimberly Bolton,2700,Honda Civic,2016,"Kothi 487, DHA, Islamabad"
71406-2524290-1,REG-9084,Stephanie A. Tran,660,KIA Sportage,2013,"House 933, Johar Town, Rawalpindi"
78879-7276396-6,REG-9703,Robyn Davis,660,Suzuki Alto,2022,"Plot 979, Johar Town, Lahore"
45962-3234000-4,REG-6772,Julie Beck,660,Suzuki Cultus,2015,"Kothi 472, Johar Town, Islamabad"
66819-6716183-8,REG-7019,Mr. Jay Stanley,1300,Suzuki Alto,2023,"Flat 172, Model Town, Islamabad"
87741-5644920-5,REG-6869,Rebecca A. Scott,2700,Suzuki Cultus,2022,"Plot 918, DHA, Rawalpindi"
49560-6368708-1,REG-6826,Jason A. Barnett,2700,Suzuki Alto,2013,"House 614, Gulberg, Islamabad"
12621-5700731-8,REG-1972,Chaudhry Vincent Brown,2700,Toyota Prado,2021,"Flat 693, Model Town, Islamabad"
47493-2796348-6,REG-2730,Tracy A. Mcdonald,1300,Honda City,2019,"Plot 105, Model Town, Karachi"
84827-7739991-6,REG-6396,Chaudhry John Anderson,1300,Toyota Prado,2010,"Plot 934, Model Town, Lahore"
11233-1498014-3,REG-3430,M. Palmer,660,Suzuki Cultus,2015,"Kothi 27, Bahria Town, Rawalpindi"
52727-1252421-9,REG-5308,Mr. Alyssa Greene,2700,KIA Sportage,2011,"Kothi 222, Gulberg, Rawalpindi"
31432-1699722-8,REG-4391,Mr. Ryan Jones,1800,Toyota Yaris,2018,"Flat 85, Johar Town, Karachi"
64237-2411481-3,REG-5116,Jose A. Schultz,660,Toyota Corolla,2017,"Plot 326, Gulberg, Karachi"
54027-6583297-1,REG-5468,Mr. Jessica Wilson,1300,Toyota Yaris,2015,"Kothi 813, DHA, Karachi"
88592-5484479-6,REG-7601,Chaudhry Jennifer Blake,3400,Suzuki Cultus,2010,"Kothi 976, Bahria Town, Rawalpindi"
54358-6343603-6,REG-7422,Pamela Clark,660,Toyota Yaris,2010,"Kothi 692, Bahria Town, Rawalpindi"
19218-8084416-6,REG-2748,Mr. Matthew Ayers,1800,Audi A6,2022,"Flat 239, Johar Town, Lahore"
19396-1670077-3,REG-6628,M. Griffith,660,Honda City,2011,"Flat 289, Model Town, Islamabad"
18368-7239392-9,REG-2379,A. Barnett,3400,Suzuki Alto,2013,"Kothi 793, Gulberg, Rawalpindi"
11519-9074544-9,REG-6759,Mr. Ashley Reed,3400,Toyota Corolla,2013,"Flat 98, Bahria Town, Karachi"
27395-2498043-2,REG-8226,M. Mitchell,660,Toyota Yaris,2021,"Flat 34, DHA, Rawalpindi"
21362-2923397-4,REG-3640,Chaudhry Tanya Smith,1300,Suzuki Cultus,2025,"Kothi 298, Johar Town, Lahore"
66388-6120437-2,REG-2323,Chaudhry Kristine Carr,2700,Honda City,2013,"Flat 143, Gulberg, Islamabad"
39366-7116041-1,REG-4840,Angela A. Brooks,1300,Suzuki Alto,2024,"Kothi 122, Model Town, Rawalpindi"
16671-7888554-5,REG-9783,Mr. Maria Jennings,3400,Toyota Yaris,2020,"Kothi 326, Bahria Town, Rawalpindi"
51771-2417502-4,REG-9470,A. Murphy,660,Honda City,2018,"Plot 336, DHA, Islamabad"
91627-3439192-3,REG-4895,Chaudhry Michael Davis,2700,Honda City,2018,"House 255, Model Town, Islamabad"
86956-7934876-7,REG-5938,Mr. Deborah Espinoza,3400,Honda City,2012,"House 170, DHA, Karachi"
90779-1972350-9,REG-5783,Chaudhry Steven Jackson,1300,Toyota Yaris,2010,"House 293, Model Town, Lahore"
64189-6745931-8,REG-1496,Mr. Tom Cook,2700,Suzuki Alto,2013,"Kothi 224, Model Town, Lahore"
92092-5212567-8,REG-5728,Chaudhry Jessica Cherry,660,Suzuki Cultus,2022,"House 600, Gulberg, Islamabad"
73227-9258329-4,REG-8980,Andrew Byrd,2700,Honda Civic,2013,"Flat 368, Gulberg, Karachi"
82628-6105347-5,REG-7693,Steven George,2700,Suzuki Alto,2012,"Plot 661, Gulberg, Rawalpindi"
32597-8253915-3,REG-6801,Mr. Katherine Carter,1000,Suzuki Alto,2023,"Flat 810, Gulberg, Lahore"
23377-4276714-4,REG-5558,Robert Deleon,1800,Suzuki Cultus,2016,"House 40, Bahria Town, Rawalpindi"
14955-9429751-7,REG-5755,Krystal Chavez,1800,Honda City,2025,"House 604, DHA, Lahore"
28042-1901020-9,REG-5069,Mr. Todd Williams,1300,Honda City,2017,"Flat 724, Johar Town, Rawalpindi"
44034-6677674-3,REG-7985,Mr. Rachel Riley,1300,KIA Sportage,2014,"Kothi 343, DHA, Islamabad"
46316-4758674-7,REG-3688,Mr. David Howard,1300,Toyota Prado,2013,"House 410, Bahria Town, Islamabad"
61079-3798664-1,REG-2999,Earl A. Abbott,3400,Audi A6,2023,"House 210, Gulberg, Karachi"
21353-7758007-5,REG-7032,Caitlin Baker,1000,Honda City,2012,"Kothi 913, Gulberg, Islamabad"
13316-1718636-3,REG-5758,Mr. Kenneth Martinez,1000,Suzuki Alto,2014,"Kothi 271, Bahria Town, Lahore"
39247-9995438-9,REG-9227,Anthony A. Atkins,1000,KIA Sportage,2022,"House 184, Model Town, Karachi"
86257-7980601-4,REG-9881,F. Collins,1800,Suzuki Cultus,2021,"Flat 70, Bahria Town, Islamabad"
97435-6013565-5,REG-1914,L. Moses,2700,Audi A6,2023,"Kothi 709, Bahria Town, Lahore"
92451-3044626-4,REG-1298,M. Shields,1000,BMW X5,2012,"House 971, Model Town, Rawalpindi"
76524-4343997-6,REG-8571,L. Anderson MD,1800,Honda City,2023,"Kothi 360, Gulberg, Rawalpindi"
76380-9403820-7,REG-5037,J. Cunningham,1000,Suzuki Cultus,2011,"House 941, Model Town, Islamabad"
76926-7032324-3,REG-1482,Katie Jones,1800,Honda City,2013,"Plot 263, Bahria Town, Lahore"
23994-5930647-9,REG-9179,Chaudhry Anthony Fletcher,1000,Toyota Yaris,2023,"Flat 517, Bahria Town, Rawalpindi"
74830-9730806-9,REG-3724,Mr. Connor Buchanan,1000,Audi A6,2015,"Plot 373, Bahria Town, Islamabad"
27396-6990254-5,REG-9954,D. Alicia Bass,3400,Toyota Corolla,2024,"Plot 168, Bahria Town, Rawalpindi"
86441-2190543-3,REG-3238,Denise Delacruz,3400,Toyota Yaris,2019,"Plot 223, Gulberg, Lahore"
18208-4828429-8,REG-5571,Chaudhry Tina Hawkins,660,Toyota Yaris,2022,"House 521, Bahria Town, Rawalpindi"
92572-8501528-5,REG-8722,Chaudhry Nathan Davis,1000,Toyota Corolla,2016,"Plot 541, Model Town, Karachi"
21169-1634046-7,REG-3184,James Nelson MD,1000,Toyota Yaris,2015,"Flat 446, Johar Town, Karachi"
72310-6358858-4,REG-9773,Nicole A. Martin,1000,Honda City,2022,"House 207, Gulberg, Lahore"
86872-2495804-6,REG-3122,Clarence A. Brown,1800,Suzuki Cultus,2024,"Flat 248, Gulberg, Rawalpindi"
45772-7000303-5,REG-4793,Chaudhry William Wells,1800,Toyota Yaris,2022,"Kothi 759, Bahria Town, Lahore"
49231-5727714-8,REG-5319,Peter Hendrix,3400,Suzuki Cultus,2014,"Kothi 453, Johar Town, Islamabad"
27944-6137466-9,REG-5110,Tyler Frye,660,Honda Civic,2016,"House 989, Model Town, Rawalpindi"
61767-4860855-1,REG-8000,Chaudhry Chelsea Vance,3400,Suzuki Alto,2012,"Flat 393, Model Town, Lahore"
53511-8177104-1,REG-3148,Mr. Jane Thomas,660,Honda City,2021,"Kothi 158, DHA, Rawalpindi"
12440-5651666-2,REG-7213,Chaudhry Paul Calderon,1800,Suzuki Alto,2018,"Flat 778, Gulberg, Karachi"
42688-3207046-9,REG-5064,Michael Mcbride,1300,Suzuki Cultus,2017,"Kothi 364, Bahria Town, Lahore"
91856-2496110-6,REG-2807,Mr. Donna Tyler,2700,Suzuki Alto,2012,"House 666, Gulberg, Karachi"
23372-4165755-8,REG-2657,Cindy Wilson,1800,Honda City,2022,"Plot 650, Gulberg, Karachi"
64745-7600565-7,REG-3052,R. Turner,660,Suzuki Alto,2012,"Plot 476, Bahria Town, Islamabad"
33427-6237884-4,REG-2755,Linda A. Wright,660,Honda City,2011,"House 621, Gulberg, Rawalpindi"
43089-7687980-7,REG-8055,Mr. Jacqueline Jones,3400,Honda Civic,2010,"Kothi 676, Gulberg, Islamabad"
70134-7678413-4,REG-4419,H. Butler,1000,Suzuki Cultus,2015,"Plot 690, Bahria Town, Rawalpindi"
71913-4682966-9,REG-2135,Mr. Nicholas Lam,1800,Toyota Yaris,2021,"House 488, DHA, Karachi"
82213-9444604-6,REG-1304,Chaudhry Dr. Shannon Green,1800,Honda City,2013,"Flat 682, DHA, Rawalpindi"
53022-7419287-2,REG-1573,Jamie A. Morrison,660,KIA Sportage,2010,"Kothi 217, Johar Town, Islamabad"
92557-3325772-7,REG-3163,A. Wright,1800,Honda City,2014,"Kothi 375, Gulberg, Islamabad"
97717-7146105-8,REG-3282,Mr. Anna Lewis,1800,Audi A6,2024,"Kothi 626, Gulberg, Rawalpindi"
83765-8493528-2,REG-3328,Chaudhry Alyssa Mathews MD,1000,Toyota Land Cruiser,2016,"House 482, Gulberg, Islamabad"
84275-3805883-2,REG-4019,Mr. Tracy Boyd,660,Toyota Yaris,2020,"Kothi 489, Johar Town, Rawalpindi"
38057-4796073-1,REG-1832,Mr. Jerry Thomas,1800,Suzuki Cultus,2023,"Kothi 370, Gulberg, Rawalpindi"
54936-5115881-4,REG-8298,Yvonne Young DVM,1300,Suzuki Alto,2010,"House 811, Model Town, Lahore"
46583-7709410-7,REG-7993,Mr. Richard Wood,2700,Suzuki Cultus,2022,"Kothi 9, Bahria Town, Islamabad"
52004-7334879-5,REG-8964,Mr. Hannah Quinn,2700,Suzuki Alto,2018,"Flat 113, Model Town, Lahore"
24191-3945412-7,REG-6760,Zachary Rodriguez,2700,Honda Civic,2013,"Flat 56, Johar Town, Lahore"
22863-6091191-9,REG-6976,Mr. Michael Benton DVM,1300,Toyota Land Cruiser,2012,"Plot 462, Johar Town, Karachi"
28164-3029998-7,REG-4075,Mr. Rachel Turner,1300,Suzuki Cultus,2021,"House 476, Johar Town, Islamabad"
39761-7181699-5,REG-7230,Mr. Ronald Howard,2700,Suzuki Alto,2016,"Flat 280, Bahria Town, Islamabad"
48654-7358143-9,REG-8365,Mr. Paul Davis,1300,Suzuki Alto,2017,"House 831, Johar Town, Karachi"
78263-8447899-6,REG-2229,Mr. Alexander Melton,2700,Toyota Yaris,2012,"Plot 658, DHA, Lahore"
59482-3420111-9,REG-4932,Chaudhry Melissa Perry,2700,Toyota Yaris,2011,"House 857, DHA, Islamabad"
54961-6638338-1,REG-3701,Laura Lee,1000,Honda City,2016,"Plot 90, DHA, Rawalpindi"
67815-2205013-8,REG-3625,Mr. Lisa Greene,3400,Honda City,2022,"Kothi 229, DHA, Karachi"
85587-9867353-7,REG-4798,K. Graham,660,Honda City,2025,"House 738, Model Town, Karachi"
46176-3320443-5,REG-1657,Christine Hernandez,660,Honda City,2011,"Flat 462, Johar Town, Rawalpindi"
60469-6094027-9,REG-6628,Erica Riley DVM,1300,Toyota Prado,2022,"House 678, DHA, Islamabad"
93108-7973095-3,REG-1270,Mr. Steven Shelton,3400,Toyota Yaris,2020,"House 513, Bahria Town, Islamabad"
17169-3843380-2,REG-1797,Mr. Steven Allen,3400,Honda Civic,2016,"Plot 81, Model Town, Islamabad"
96043-5874297-5,REG-9599,N. Thompson,1000,Toyota Yaris,2013,"Flat 341, Bahria Town, Rawalpindi"
24304-1004207-4,REG-3283,Deborah A. West,1300,Suzuki Cultus,2011,"Kothi 568, Model Town, Karachi"
77803-8457324-1,REG-5140,Mr. Cory Cortez,660,Honda City,2012,"Flat 945, Bahria Town, Lahore"
84857-3055249-8,REG-5093,Chaudhry Thomas Ingram,1000,Toyota Yaris,2024,"Kothi 360, Johar Town, Islamabad"
76599-7938598-1,REG-8612,Daniel Higgins,1300,Toyota Yaris,2020,"Kothi 331, Bahria Town, Rawalpindi"
44806-2333428-8,REG-1360,A. Curtis,1800,Suzuki Cultus,2013,"Flat 247, Gulberg, Lahore"
22857-2445099-4,REG-6671,Mr. Jerry Thornton,1800,Honda Civic,2015,"House 900, Gulberg, Lahore"
14754-4467032-6,REG-1839,Mr. Kari Huff,2700,KIA Sportage,2021,"Kothi 622, Johar Town, Rawalpindi"
89139-3875863-2,REG-7755,J. Luna,3400,Suzuki Alto,2022,"Flat 809, Johar Town, Karachi"
32815-7865255-4,REG-2831,Chaudhry Chad Ayers,660,Honda City,2019,"House 58, DHA, Lahore"
83961-2637537-5,REG-3210,Mr. Jeremy Grant,3400,KIA Sportage,2024,"Flat 167, DHA, Islamabad"
71212-2061640-7,REG-3963,Mr. Andrew Jenkins,1300,KIA Sportage,2012,"House 225, Gulberg, Rawalpindi"
99049-4911735-5,REG-1995,Mr. Mary Ali,3400,Toyota Yaris,2025,"Plot 940, Johar Town, Rawalpindi"
58944-1872513-3,REG-4046,Mr. Debra Miller,3400,Toyota Yaris,2011,"Kothi 740, Bahria Town, Karachi"
43307-6766389-2,REG-4505,A. Griffin,660,Toyota Corolla,2017,"House 937, Bahria Town, Islamabad"
13198-3470664-3,REG-2596,A. Davis,1800,KIA Sportage,2018,"Flat 937, Model Town, Islamabad"
26930-8276889-4,REG-6079,Joseph A. Burton,1000,Honda Civic,2023,"Plot 236, Gulberg, Karachi"
28606-8165090-4,REG-8993,B. Donaldson,1300,Toyota Prado,2017,"Plot 438, Bahria Town, Islamabad"
58658-4595975-5,REG-5714,C. Rodriguez,2700,Honda Civic,2024,"Plot 98, Johar Town, Islamabad"
48625-9105013-3,REG-5768,Mr. Jessica Hutchinson,1000,Suzuki Cultus,2023,"House 123, DHA, Karachi"
37130-3275469-8,REG-7590,Mr. Christopher Collins,660,Honda City,2012,"Plot 989, DHA, Islamabad"
58530-2246292-2,REG-5477,P. Trujillo,3400,Honda Civic,2016,"Flat 807, Bahria Town, Karachi"
48346-9192119-9,REG-1716,Chaudhry Alexander Walsh,660,Toyota Corolla,2012,"Kothi 548, Model Town, Rawalpindi"
27509-4343596-8,REG-8100,K. Peterson,1000,BMW X5,2010,"House 345, Gulberg, Rawalpindi"
92551-5290188-6,REG-7753,Benjamin A. Martinez,1300,Honda City,2017,"Plot 502, DHA, Lahore"
64391-9220061-4,REG-8247,Mr. Brian Rodriguez,2700,Suzuki Cultus,2017,"Kothi 396, Bahria Town, Karachi"
12060-5134542-7,REG-8468,Joshua A. Gonzalez,1800,KIA Sportage,2024,"Plot 718, Gulberg, Islamabad"
10127-6741120-3,REG-3306,P. Rodriguez,1300,Toyota Corolla,2014,"Flat 175, Gulberg, Islamabad"
91134-9024831-2,REG-2787,Elizabeth A. Tucker,2700,Honda City,2015,"Flat 888, Bahria Town, Rawalpindi"
70004-3903768-9,REG-7307,Chaudhry Donna Martinez,2700,Suzuki Alto,2022,"House 651, Johar Town, Karachi"
55772-8806173-9,REG-3380,Beth A. Maddox,1800,Toyota Yaris,2015,"Flat 111, Model Town, Islamabad"
85591-9480394-4,REG-1588,Timothy Turner,3400,Toyota Yaris,2011,"House 4, Johar Town, Rawalpindi"
59635-3167617-8,REG-9417,Mr. Kimberly Reyes,660,Suzuki Alto,2020,"House 86, Bahria Town, Lahore"
50474-9899280-7,REG-8532,Mary Kirk,3400,Honda City,2016,"Plot 363, Model Town, Lahore"
35200-3436050-4,REG-1134,Nathan Kennedy,660,Suzuki Alto,2014,"Plot 826, Gulberg, Karachi"
86360-2099860-6,REG-5556,D. Walker,3400,Suzuki Cultus,2019,"House 839, Model Town, Lahore"
21510-3360894-8,REG-5745,M. Jackson,660,Honda City,2014,"Flat 188, Gulberg, Islamabad"
21905-1917394-1,REG-9633,Ryan A. Roberts,1800,BMW X5,2021,"Kothi 971, Model Town, Rawalpindi"
30102-4163690-2,REG-6155,David A. Smith,3400,Toyota Corolla,2014,"Kothi 827, Bahria Town, Karachi"
44688-9517543-6,REG-1069,Eddie A. Sandoval,660,Honda City,2017,"Plot 1, Johar Town, Lahore"
80792-9303607-9,REG-2834,G. Wood,1000,Suzuki Alto,2024,"Flat 780, Gulberg, Karachi"
90932-3752667-1,REG-7655,Ashley A. Rogers,660,Suzuki Alto,2012,"House 722, DHA, Islamabad"
90285-1582773-2,REG-6732,T. Rivera,1800,Suzuki Alto,2011,"House 934, DHA, Lahore"
82196-7484509-1,REG-7402,John Mathews,2700,Suzuki Cultus,2025,"Plot 986, Gulberg, Karachi"
58833-5453347-3,REG-4813,J. Gates,1000,Suzuki Cultus,2019,"House 207, Bahria Town, Rawalpindi"
69068-5208412-2,REG-2155,Shawn Harris,2700,Honda Civic,2016,"Kothi 366, Bahria Town, Rawalpindi"
66503-3346052-7,REG-5280,Jennifer A. Moody,1300,Suzuki Cultus,2020,"House 570, Gulberg, Lahore"
59630-8556853-1,REG-4498,S. Sellers,660,Toyota Yaris,2022,"Plot 592, Model Town, Rawalpindi"
11608-4721820-9,REG-3442,M. Campbell,3400,Suzuki Cultus,2015,"Plot 581, Johar Town, Lahore"
88840-4022949-4,REG-8843,Brandon Edwards,2700,Toyota Yaris,2017,"Kothi 199, Model Town, Rawalpindi"
61288-9432219-6,REG-2746,M. Zavala,1800,Suzuki Cultus,2011,"Plot 166, Gulberg, Karachi"
49316-4022101-6,REG-6565,Michele A. Walker,660,Toyota Corolla,2020,"House 716, DHA, Karachi"
77953-6516213-5,REG-4925,Thomas Green,660,BMW X5,2015,"Flat 44, Model Town, Islamabad"
17949-5017402-3,REG-3605,N. Thomas,660,Suzuki Alto,2019,"Kothi 785, Gulberg, Karachi"
54552-6639253-3,REG-4504,Raymond A. Ibarra,1300,Audi A6,2010,"Flat 240, Gulberg, Lahore"
40376-5320293-6,REG-5719,Chaudhry Joshua Bullock,1800,Suzuki Cultus,2021,"House 241, Johar Town, Islamabad"
96384-2010804-9,REG-8917,A. Wilson,1300,Toyota Yaris,2017,"Kothi 390, Bahria Town, Lahore"
97005-1082875-6,REG-4398,Mr. Anthony Wagner,660,Suzuki Alto,2023,"Plot 74, Gulberg, Lahore"
41351-5758519-1,REG-1614,Allison Martin,1300,Suzuki Cultus,2011,"Plot 138, Johar Town, Islamabad"
31498-5227330-5,REG-4975,Mr. Jose White,1800,Suzuki Alto,2010,"Flat 819, Bahria Town, Rawalpindi"
89282-7099581-3,REG-3929,Chaudhry Wesley Taylor,1000,Toyota Yaris,2016,"Plot 260, DHA, Karachi"
43547-1661663-6,REG-2141,Alexandria A. Watkins,660,Honda City,2024,"Flat 938, Johar Town, Lahore"
54680-6159391-8,REG-3610,T. Watson,1300,Toyota Yaris,2023,"House 424, Gulberg, Rawalpindi"
37604-9254937-2,REG-9672,Bethany A. Gilmore,1300,KIA Sportage,2020,"House 52, Johar Town, Karachi"
53555-1670719-1,REG-3506,Chaudhry Thomas Barnes,3400,Toyota Yaris,2023,"Plot 419, Gulberg, Lahore"
35398-2167536-3,REG-6471,S. Reid,1300,Toyota Yaris,2024,"Plot 557, Gulberg, Lahore"
82687-3679973-4,REG-2091,Melissa A. Powers,660,Suzuki Alto,2020,"Flat 493, Bahria Town, Islamabad"
19408-6640402-3,REG-1627,J. Miller,1000,Toyota Land Cruiser,2025,"Flat 22, Bahria Town, Islamabad"
65326-2759440-3,REG-3088,Chaudhry Rachel Beard,1300,Suzuki Alto,2024,"Plot 932, Bahria Town, Lahore"
40647-9331309-1,REG-2863,S. Lozano,2700,Toyota Corolla,2022,"Flat 580, Johar Town, Islamabad"
98380-6587493-4,REG-5168,Chaudhry Fernando Bullock,1300,KIA Sportage,2016,"Kothi 453, Model Town, Lahore"
39058-7716111-1,REG-4844,Maria Fletcher,1800,BMW X5,2020,"House 145, DHA, Lahore"
99102-2200562-5,REG-7519,Alex A. Mcbride,1000,Toyota Yaris,2014,"Plot 333, Bahria Town, Lahore"
83124-2864045-9,REG-5481,K. Johnson,660,Toyota Yaris,2015,"Kothi 583, Model Town, Rawalpindi"
50251-5511111-5,REG-8121,Mr. Dr. Stephanie Hernandez,1300,Toyota Yaris,2012,"Plot 920, Johar Town, Lahore"
35882-8859074-2,REG-3084,K. Thompson,1300,Audi A6,2020,"Flat 226, Bahria Town, Lahore"
75140-1429496-6,REG-9427,Johnny Johnson,1000,Suzuki Alto,2010,"House 63, DHA, Lahore"
37117-7285762-6,REG-5642,Mr. Steven Marshall,1300,Suzuki Alto,2011,"House 718, Bahria Town, Lahore"
53167-1654170-3,REG-9841,Mr. Gary Kelly,2700,Suzuki Cultus,2016,"Flat 118, Bahria Town, Lahore"
33394-4746373-9,REG-7875,Nicole Rodriguez,1800,Suzuki Alto,2022,"Flat 273, DHA, Rawalpindi"
52738-9419305-8,REG-2929,J. Allen,1300,Suzuki Cultus,2017,"Flat 674, DHA, Rawalpindi"
33721-3320935-9,REG-1539,Chaudhry Amanda Cohen,1800,Suzuki Alto,2015,"Flat 46, Model Town, Islamabad"
49292-9116841-9,REG-8146,Mr. Susan Jones,3400,Honda City,2013,"Kothi 543, Model Town, Karachi"
75887-6925879-8,REG-5732,Nancy Anderson,3400,Suzuki Alto,2011,"Plot 452, Bahria Town, Karachi"
22545-7559218-9,REG-2861,Chaudhry Matthew Williams,3400,Suzuki Cultus,2021,"Flat 818, Gulberg, Rawalpindi"
78327-3908110-4,REG-1795,S. Smith,1800,Suzuki Alto,2014,"House 431, Johar Town, Rawalpindi"
29412-1487848-8,REG-5616,A. Mercer,1000,Toyota Yaris,2020,"Kothi 590, Johar Town, Rawalpindi"
36540-6055401-8,REG-5210,Nichole Gallagher,3400,Toyota Yaris,2018,"House 314, Model Town, Karachi"
87987-6857501-4,REG-4340,Sarah A. Patterson,2700,Honda City,2021,"Flat 126, DHA, Karachi"
22153-1006928-3,REG-3129,Christian Tran,1800,Honda Civic,2014,"Plot 514, DHA, Islamabad"
87446-3861351-8,REG-9175,Cynthia Mitchell,1000,Suzuki Cultus,2013,"House 157, DHA, Islamabad"
43230-3734901-7,REG-9210,Chaudhry Michelle Moss,1300,Suzuki Cultus,2011,"Flat 888, Bahria Town, Lahore"
45593-6465486-4,REG-6915,Jon A. Nash,3400,Honda City,2017,"House 416, Model Town, Lahore"
23468-1232374-3,REG-8254,Samantha A. Harris,3400,Honda City,2011,"Kothi 187, DHA, Islamabad"
48586-5108953-4,REG-6095,Anthony A. Woods,1000,Honda Civic,2020,"Plot 734, Model Town, Islamabad"
27969-6464724-9,REG-1111,Kimberly Johnson,1000,Honda City,2020,"Flat 292, Johar Town, Islamabad"
39611-8862427-3,REG-8937,Chaudhry Madison Hunter,660,Suzuki Cultus,2020,"Plot 528, Gulberg, Rawalpindi"
58287-3766192-9,REG-9805,Mr. Shannon Becker,1800,Toyota Corolla,2012,"House 970, DHA, Lahore"
35761-3087792-9,REG-1558,Mr. Jason Spencer,3400,Honda City,2016,"Kothi 442, Model Town, Karachi"
59407-7815085-8,REG-4149,Erik A. Henson,1800,KIA Sportage,2019,"House 128, Johar Town, Lahore"
45624-1143005-4,REG-9935,M. Thornton,2700,Suzuki Alto,2010,"Kothi 311, DHA, Rawalpindi"
94366-7541910-7,REG-1696,Mr. Tracy Osborn,1800,Suzuki Alto,2016,"House 882, Bahria Town, Lahore"
92707-8324817-9,REG-2353,J. Soto,3400,Suzuki Alto,2012,"Kothi 730, Model Town, Karachi"
93442-9766522-2,REG-9804,K. Ward,1300,Suzuki Alto,2016,"Kothi 980, Bahria Town, Lahore"
55801-5998083-8,REG-6657,E. Murphy,660,Suzuki Alto,2025,"Flat 854, DHA, Rawalpindi"
42450-7939345-4,REG-8158,K. Brady,1300,Suzuki Cultus,2011,"Plot 171, Bahria Town, Karachi"
43546-6077861-7,REG-8078,Emily A. Park,1800,Honda City,2023,"Kothi 565, Gulberg, Rawalpindi"
14627-6736965-6,REG-6529,Jonathan Mitchell,660,Toyota Corolla,2021,"House 56, Gulberg, Rawalpindi"
98954-8358076-8,REG-2752,Laura A. Smith,1000,Suzuki Cultus,2023,"Kothi 613, DHA, Lahore"
99323-7108592-6,REG-6836,William Dillon,2700,Suzuki Alto,2022,"Flat 135, Gulberg, Islamabad"
71338-3142540-9,REG-8618,Mr. Laura Short,1800,KIA Sportage,2010,"Plot 588, DHA, Lahore"
73973-6391333-7,REG-8699,Kathryn A. Adams,1800,Suzuki Alto,2015,"Flat 909, Model Town, Rawalpindi"
69489-2197693-8,REG-6060,Michelle A. Frank,1800,KIA Sportage,2014,"House 152, Bahria Town, Lahore"
79309-1853209-7,REG-2737,Mr. Shannon Griffin,2700,Honda City,2012,"House 462, DHA, Karachi"
81276-6380701-9,REG-5669,Chaudhry Sheila Jones,660,Suzuki Alto,2021,"House 978, Model Town, Rawalpindi"
16575-2957825-3,REG-2231,Mr. Duane Sanchez,2700,Honda City,2013,"Flat 209, Bahria Town, Rawalpindi"
93880-7058226-4,REG-8311,James Evans,2700,Toyota Corolla,2015,"Plot 910, Johar Town, Karachi"
37275-4059902-9,REG-2593,D. Horne,3400,Toyota Corolla,2011,"Plot 981, Bahria Town, Karachi"
93102-4497362-4,REG-2511,Dawn Beard,1800,Honda Civic,2019,"Plot 925, Gulberg, Lahore"
41166-8411093-3,REG-1858,Chaudhry Nicholas Garcia,660,Suzuki Cultus,2012,"Plot 491, Model Town, Rawalpindi"
64884-4665835-3,REG-2430,John A. Stewart,3400,Honda City,2012,"Flat 53, Model Town, Lahore"
72241-1081357-4,REG-1899,P. Mccormick,660,KIA Sportage,2010,"Flat 51, Model Town, Rawalpindi"
36132-6137356-7,REG-6102,Daniel A. Davis,1000,Toyota Corolla,2018,"Kothi 607, Model Town, Lahore"
55448-3623800-3,REG-3006,Kenneth Barajas,3400,Toyota Corolla,2023,"Plot 535, Bahria Town, Rawalpindi"
53370-7535758-2,REG-4006,Chaudhry Adam Dickerson,1300,Suzuki Alto,2021,"Plot 205, DHA, Rawalpindi"
75165-5570367-8,REG-9127,Amanda Chang,660,Honda Civic,2024,"Flat 218, Model Town, Lahore"
30975-7077154-6,REG-2068,Mark Brennan,1000,Toyota Yaris,2014,"Flat 267, DHA, Karachi"
33593-5204702-8,REG-8412,Chaudhry Bryan Rios,1300,Honda City,2011,"Plot 868, DHA, Rawalpindi"
42523-3979249-4,REG-1506,John Beasley,1800,Toyota Yaris,2016,"Plot 908, Bahria Town, Lahore"
88430-8813921-5,REG-1608,Chaudhry Adam Garcia,1300,Honda City,2021,"Kothi 92, Gulberg, Islamabad"
39363-1806203-7,REG-1741,Elizabeth Mccormick,660,Audi A6,2015,"House 213, Johar Town, Karachi"
41104-7806959-5,REG-6757,John A. Perry,3400,Suzuki Alto,2011,"Plot 614, Model Town, Karachi"
56185-9086599-8,REG-4933,Megan Walters,3400,Suzuki Alto,2015,"Plot 824, Gulberg, Islamabad"
40447-9604016-9,REG-1067,Levi A. Villegas,1800,Honda City,2024,"Plot 628, Gulberg, Karachi"
76489-4661110-4,REG-1457,Mr. Justin Rocha,3400,BMW X5,2024,"Flat 813, Model Town, Islamabad"
68025-7407255-8,REG-2915,Mr. Ronald Garcia,3400,Toyota Yaris,2010,"Kothi 517, Johar Town, Rawalpindi"
42902-7164197-9,REG-5262,B. Moore,1300,Honda City,2022,"Plot 398, Gulberg, Rawalpindi"
43578-4439483-5,REG-5576,Chaudhry Rachel Johnston,1300,Suzuki Cultus,2019,"House 267, DHA, Karachi"
87494-5356572-6,REG-8200,Chaudhry Stephanie Wong,660,KIA Sportage,2017,"Plot 82, Gulberg, Rawalpindi"
90531-2220781-7,REG-5306,D. Watkins,1300,Toyota Land Cruiser,2019,"Kothi 278, Model Town, Islamabad"
40458-7402634-7,REG-4285,Cindy A. Thomas,1000,Suzuki Alto,2015,"Plot 303, Model Town, Lahore"
69375-3582883-5,REG-6256,Mr. Cody Johnston,2700,KIA Sportage,2018,"Flat 102, Bahria Town, Karachi"
11935-7484661-8,REG-8202,S. Bender,660,Suzuki Cultus,2019,"Plot 386, Bahria Town, Islamabad"
14768-9416586-3,REG-5715,Chaudhry Cheryl Bates,3400,Honda Civic,2017,"Flat 691, Johar Town, Rawalpindi"
52216-6017656-2,REG-2492,Mr. Jasmine Greene,660,Suzuki Cultus,2020,"Flat 16, Model Town, Islamabad"
93273-4725439-1,REG-2589,Michelle A. Cole,1000,KIA Sportage,2013,"House 751, DHA, Karachi"
65312-5677193-5,REG-1171,Mr. Donna Roberts,1000,Suzuki Cultus,2019,"Kothi 936, Gulberg, Rawalpindi"
84223-9920253-3,REG-3360,Garrett A. Wilson,660,KIA Sportage,2015,"Flat 249, DHA, Karachi"
25394-6729559-4,REG-3826,Ashley Phillips,1300,Toyota Yaris,2014,"Flat 302, DHA, Islamabad"
33293-2662602-6,REG-4800,A. Baker,3400,Suzuki Cultus,2020,"Plot 844, DHA, Lahore"
49960-2060028-6,REG-5570,Mr. Marcia Gomez,2700,Toyota Yaris,2011,"Flat 248, Gulberg, Rawalpindi"
87825-7245082-3,REG-8199,Barbara A. Hendricks,1800,Toyota Yaris,2023,"Flat 294, DHA, Lahore"
69593-1507973-9,REG-4689,Mr. Katherine Martin,1300,Toyota Corolla,2014,"House 956, Gulberg, Karachi"
30193-3930233-2,REG-2245,Chaudhry Maxwell Martin,3400,Toyota Yaris,2025,"Plot 959, DHA, Karachi"
