vehicle_reg_no,cnic,owner_name,owner_address,city,province,date,registration_year,vehicle_make_model,engine_capacity_cc,vehicle_category,estimated_market_value_pkr
MUL-2021-9972,42101-1000320-0,Usman Malik Sahib,"House 369, Street 10, New Pind, Sukkur",Sukkur,Sindh,2021-11-13,2021,Toyota Corolla,1300,Commercial,5562688
PES-2023-2842,17301-1000492-4,A. Raza,"House 583, Street 1, Military Road, Sukkur",Sukkur,Sindh,2023-03-17,2023,Suzuki Mehran,800,Imported,895745
RWP-2024-2460,17301-1000492-4,A. Raza,"House 583, Street 1, Military Road, Sukkur",Sukkur,Sindh,2024-03-15,2024,Suzuki Mehran,800,Commercial,1015018
MUL-2022-7358,33100-1000926-2,Chaudhry Fahad Mirza,"House 260, Street 32, New Pind, Sukkur",Sukkur,Sindh,2022-03-31,2022,Suzuki Mehran,800,Imported,955778
ICT-2016-6319,61101-1001086-2,Muhammad Ahmed,"House 220, Street 29, Satellite Town, Rawalpindi",Rawalpindi,Punjab,2016-07-05,2016,Suzuki Mehran,800,Imported,704935
RWP-2023-8930,35202-1000096-2,Mariam Malik,"House 741, Street 7, Model Town, Lahore",Lahore,Punjab,2023-04-30,2023,Suzuki Mehran,800,Imported,820569
LEA-2026-2972,35202-1000096-2,Chaudhry Mariam Malik,"House 741, Street 7, Model Town, Lahore",Lahore,Punjab,2026-07-09,2026,Suzuki Mehran,800,Luxury,774030
ICT-2020-5844,42101-1001066-2,Fahad Mirza,"House 804, Street 29, Hayatabad, Peshawar",Peshawar,KPK,2020-03-28,2020,Suzuki Mehran,800,Luxury,773242
KHI-2016-4747,17301-1001480-0,Chaudhry Zainab Ahmed,"House 254, Street 19, Saddar, Peshawar",Peshawar,KPK,2016-04-20,2016,Suzuki Mehran,800,Commercial,1027087
RWP-2018-9095,45501-1001289-3,N. Hussain,"House 521, Street 31, Rohri, Sukkur",Sukkur,Sindh,2018-06-21,2018,Honda Civic,1800,Commercial,9545028
QTA-2016-8217,17301-1000140-0,Waseem Akram Sahib,"House 756, Street 22, Latifabad, Hyderabad",Hyderabad,Sindh,2016-11-01,2016,Suzuki Alto,660,Imported,1509594
ICT-2019-5717,45501-1000068-6,Shazia Butt Sahib,"House 918, Street 28, Satellite Town, Rawalpindi",Rawalpindi,Punjab,2019-12-14,2019,Toyota Prado,2700,Luxury,32895391
ICT-2022-3206,45501-1000068-6,Shazia Butt,"House 918, Street 28, Satellite Town, Rawalpindi",Rawalpindi,Punjab,2022-02-02,2022,BMW 5 Series,3000,Private,52307094
PES-2023-3519,45501-1000068-6,Shazia Butt,"House 918, Street 28, Satellite Town, Rawalpindi",Rawalpindi,Punjab,2023-03-18,2023,BMW 5 Series,3000,Imported,46618220
PES-2021-6401,42101-1001572-4,K. Malik,"House 944, Street 31, Gulbahar, Peshawar",Peshawar,KPK,2021-05-06,2021,BMW 5 Series,3000,Private,31759398
KHI-2023-1419,33100-1000964-8,Rabia Noor,"House 785, Street 32, DHA Phase 5, Lahore",Lahore,Punjab,2023-02-01,2023,Toyota Corolla,1300,Imported,4357669
PES-2018-7576,33100-1000964-8,Chaudhry Rabia Noor,"House 785, Street 32, DHA Phase 5, Lahore",Lahore,Punjab,2018-11-07,2018,Honda Civic,1800,Imported,6758431
QTA-2026-3871,17301-1001846-2,Chaudhry Mariam Malik,"House 518, Street 27, Bahria Town, Rawalpindi",Rawalpindi,Punjab,2026-07-16,2026,Toyota Land Cruiser,4600,Commercial,55161752
RWP-2024-5223,17301-1001846-2,Mariam Malik,"House 518, Street 27, Bahria Town, Rawalpindi",Rawalpindi,Punjab,2024-12-27,2024,Mercedes E Class,2000,Imported,33546362
RWP-2021-6841,35202-1001792-4,Chaudhry Ayesha Khan,"House 42, Street 17, Samungli Road, Quetta",Quetta,Balochistan,2021-12-16,2021,Mercedes E Class,2000,Commercial,43183719
FSD-2018-5334,35202-1001792-4,A. Khan,"House 42, Street 17, Samungli Road, Quetta",Quetta,Balochistan,2018-08-19,2018,Audi A6,2000,Imported,33401259
KHI-2026-7633,35202-1001792-4,Ayesha Khan,"House 42, Street 17, Samungli Road, Quetta",Quetta,Balochistan,2026-09-21,2026,Suzuki Mehran,800,Private,1030592
ICT-2026-3912,35202-1001792-4,Ayesha Khan,"House 42, Street 17, Samungli Road, Quetta",Quetta,Balochistan,2026-08-29,2026,Toyota Land Cruiser,4600,Imported,73496285
RWP-2019-4433,61101-1001727-9,Umer Farooq,"House 828, Street 23, Barrage Road, Sukkur",Sukkur,Sindh,2019-12-12,2019,Toyota Prado,2700,Luxury,28825156
MUL-2024-1657,61101-1001727-9,Umer Farooq Sahib,"House 828, Street 23, Barrage Road, Sukkur",Sukkur,Sindh,2024-06-09,2024,Suzuki Alto,660,Commercial,2031059
MUL-2021-3292,61101-1001727-9,Chaudhry Umer Farooq,"House 828, Street 23, Barrage Road, Sukkur",Sukkur,Sindh,2021-06-09,2021,BMW 5 Series,3000,Commercial,32660758
LEA-2026-7929,35202-1000491-7,Muhammad Ahmed,"House 938, Street 10, Rohri, Sukkur",Sukkur,Sindh,2026-08-24,2026,Suzuki Mehran,800,Imported,1055889
KHI-2022-8362,35202-1000491-7,Muhammad Ahmed,"House 938, Street 10, Rohri, Sukkur",Sukkur,Sindh,2022-12-10,2022,Suzuki Mehran,800,Luxury,922931
MUL-2021-5887,42101-1001749-3,Chaudhry Amna Chaudhry,"House 733, Street 16, D Ground, Faisalabad",Faisalabad,Punjab,2021-11-24,2021,Suzuki Alto,660,Imported,1805008
ICT-2023-5815,33100-1000776-2,Hamza Sheikh,"House 405, Street 29, Satellite Town, Quetta",Quetta,Balochistan,2023-10-17,2023,Hyundai Tucson,2000,Private,13751029
ICT-2016-8960,33100-1000776-2,Hamza Sheikh,"House 405, Street 29, Satellite Town, Quetta",Quetta,Balochistan,2016-08-25,2016,Mercedes E Class,2000,Luxury,47381813
MUL-2018-3422,42101-1001329-3,Amna Chaudhry,"House 650, Street 1, Brewery Road, Quetta",Quetta,Balochistan,2018-10-06,2018,Mercedes E Class,2000,Private,40192088
KHI-2019-7234,17301-1000995-5,Danish Butt,"House 903, Street 25, Satellite Town, Quetta",Quetta,Balochistan,2019-03-21,2019,Toyota Corolla,1300,Private,4274804
FSD-2017-5439,17301-1000995-5,Chaudhry Danish Butt,"House 903, Street 25, Satellite Town, Quetta",Quetta,Balochistan,2017-12-17,2017,Mercedes E Class,2000,Imported,34056298
LEA-2020-3430,61101-1000396-2,Saad Qureshi,"House 901, Street 8, Jinnah Town, Quetta",Quetta,Balochistan,2020-10-19,2020,Toyota Prado,2700,Private,29899990
QTA-2017-5111,45501-1000799-3,N. Hussain,"House 274, Street 34, D Ground, Faisalabad",Faisalabad,Punjab,2017-10-14,2017,Suzuki Alto,660,Commercial,1540781
LEA-2017-5741,54400-1001585-5,Zainab Ahmed,"House 605, Street 2, Queens Road, Sukkur",Sukkur,Sindh,2017-11-11,2017,Toyota Land Cruiser,4600,Private,75543386
PES-2020-2831,61101-1001228-6,Hassan Khan Sahib,"House 509, Street 19, Bahadurabad, Karachi",Karachi,Sindh,2020-04-15,2020,Audi A6,2000,Commercial,40293549
MUL-2020-9854,61101-1001228-6,Hassan Khan,"House 509, Street 19, Bahadurabad, Karachi",Karachi,Sindh,2020-02-16,2020,Audi A6,2000,Imported,31127531
RWP-2018-6562,33100-1000513-1,Asad Iqbal,"House 406, Street 2, Madina Town, Faisalabad",Faisalabad,Punjab,2018-03-15,2018,Kia Sportage,2000,Commercial,10754957
PES-2019-7799,33100-1000993-1,Hira Shah Sahib,"House 514, Street 10, Bosan Road, Multan",Multan,Punjab,2019-03-20,2019,Suzuki Alto,660,Luxury,1909959
KHI-2026-2255,45501-1000575-5,Danish Butt,"House 103, Street 13, Peoples Colony, Gujranwala",Gujranwala,Punjab,2026-11-03,2026,Toyota Corolla,1300,Commercial,4518196
PES-2016-3886,45501-1000575-5,D. Butt,"House 103, Street 13, Peoples Colony, Gujranwala",Gujranwala,Punjab,2016-04-02,2016,Suzuki Alto,660,Luxury,1514122
MUL-2017-9865,45501-1000575-5,Danish Butt Sahib,"House 103, Street 13, Peoples Colony, Gujranwala",Gujranwala,Punjab,2017-01-04,2017,Suzuki Mehran,800,Private,1071649
LEA-2025-7879,61101-1000253-1,Fatima Ali,"House 83, Street 6, Satellite Town, Quetta",Quetta,Balochistan,2025-08-11,2025,Audi A6,2000,Commercial,36562571
PES-2022-4231,61101-1000253-1,Fatima Ali,"House 83, Street 6, Satellite Town, Quetta",Quetta,Balochistan,2022-05-02,2022,Suzuki Alto,660,Imported,1370922
RWP-2020-4281,61101-1000253-1,Fatima Ali,"House 83, Street 6, Satellite Town, Quetta",Quetta,Balochistan,2020-07-26,2020,Suzuki Alto,660,Luxury,2213953
KHI-2026-2523,61101-1000253-1,Chaudhry Fatima Ali,"House 83, Street 6, Satellite Town, Quetta",Quetta,Balochistan,2026-07-08,2026,Toyota Prado,2700,Commercial,43039891
ICT-2016-5701,42101-1000495-5,Usman Malik,"House 822, Street 35, Brewery Road, Quetta",Quetta,Balochistan,2016-05-14,2016,Toyota Corolla,1300,Imported,4459990
FSD-2019-3412,17301-1001877-9,Muneeb Akhtar,"House 515, Street 7, Model Town, Gujranwala",Gujranwala,Punjab,2019-07-23,2019,Suzuki Alto,660,Commercial,1802159
KHI-2020-6386,61101-1000233-1,A. Iqbal,"House 575, Street 9, Samungli Road, Quetta",Quetta,Balochistan,2020-04-20,2020,Hyundai Tucson,2000,Commercial,14257297
KHI-2024-3793,35202-1001875-5,Imran Siddiqui,"House 228, Street 34, F-10, Islamabad",Islamabad,Islamabad,2024-02-17,2024,Suzuki Alto,660,Luxury,1937841
LEA-2016-8315,35202-1001875-5,Imran Siddiqui Sahib,"House 228, Street 34, F-10, Islamabad",Islamabad,Islamabad,2016-11-09,2016,Suzuki Alto,660,Imported,2240207
RWP-2024-9079,17301-1000151-7,Chaudhry Saad Qureshi,"House 62, Street 7, Gulshan-e-Iqbal, Karachi",Karachi,Sindh,2024-04-18,2024,Hyundai Tucson,2000,Imported,13703262
PES-2022-5489,33100-1000784-8,Nimra Aslam Sahib,"House 672, Street 12, Wapda Town, Gujranwala",Gujranwala,Punjab,2022-07-24,2022,Toyota Prado,2700,Private,38218127
RWP-2025-7104,33100-1000289-3,S. Iqbal,"House 991, Street 32, Satellite Town, Quetta",Quetta,Balochistan,2025-03-11,2025,Suzuki Mehran,800,Imported,761234
MUL-2020-2220,42101-1001169-3,N. Aslam,"House 278, Street 2, Canal Road, Faisalabad",Faisalabad,Punjab,2020-09-24,2020,Toyota Corolla,1300,Private,6197014
ICT-2017-6232,45501-1000280-0,Waseem Akram,"House 343, Street 5, Samungli Road, Quetta",Quetta,Balochistan,2017-01-24,2017,Honda Civic,1800,Imported,9943722
PES-2021-9420,45501-1000280-0,W. Akram,"House 343, Street 5, Samungli Road, Quetta",Quetta,Balochistan,2021-01-04,2021,Honda Civic,1800,Private,6909705
LEA-2025-5496,45501-1000928-6,Kashif Javed Sahib,"House 160, Street 1, Cantt, Multan",Multan,Punjab,2025-01-02,2025,Audi A6,2000,Commercial,30628624
FSD-2017-5212,45501-1000928-6,Kashif Javed,"House 160, Street 1, Cantt, Multan",Multan,Punjab,2017-11-14,2017,Toyota Prado,2700,Commercial,36117292
MUL-2024-5142,54400-1001273-1,Hira Shah Sahib,"House 835, Street 30, PWD, Rawalpindi",Rawalpindi,Punjab,2024-07-05,2024,BMW 5 Series,3000,Imported,42419579
FSD-2022-1659,54400-1001273-1,Hira Shah Sahib,"House 835, Street 30, PWD, Rawalpindi",Rawalpindi,Punjab,2022-11-28,2022,Toyota Prado,2700,Luxury,30928700
MUL-2024-9992,42101-1000743-1,Fatima Ali,"House 860, Street 24, DHA Phase 5, Lahore",Lahore,Punjab,2024-10-12,2024,Suzuki Mehran,800,Private,683548
LEA-2018-8230,35202-1001649-3,Bilal Ahmed,"House 382, Street 32, Canal Road, Faisalabad",Faisalabad,Punjab,2018-09-04,2018,Toyota Corolla,1300,Luxury,4628533
RWP-2021-5716,35202-1001649-3,B. Ahmed,"House 382, Street 32, Canal Road, Faisalabad",Faisalabad,Punjab,2021-02-01,2021,Hyundai Tucson,2000,Private,9659056
LEA-2021-3134,35202-1001649-3,Chaudhry Bilal Ahmed,"House 382, Street 32, Canal Road, Faisalabad",Faisalabad,Punjab,2021-08-01,2021,Toyota Corolla,1300,Luxury,5943344
LEA-2025-3916,35202-1001486-2,F. Mirza,"House 198, Street 34, F-10, Islamabad",Islamabad,Islamabad,2025-06-26,2025,Toyota Corolla,1300,Luxury,5663403
KHI-2024-3880,33100-1001291-7,Chaudhry Naveed Raza,"House 60, Street 32, Cantt, Quetta",Quetta,Balochistan,2024-09-30,2024,BMW 5 Series,3000,Luxury,34058301
MUL-2023-5374,54400-1000568-6,Fatima Ali Sahib,"House 681, Street 18, Nazimabad, Karachi",Karachi,Sindh,2023-02-01,2023,Suzuki Alto,660,Commercial,1405076
KHI-2026-7717,54400-1000568-6,F. Ali,"House 681, Street 18, Nazimabad, Karachi",Karachi,Sindh,2026-12-31,2026,Suzuki Mehran,800,Commercial,675120
FSD-2020-3341,54400-1000568-6,Fatima Ali,"House 681, Street 18, Nazimabad, Karachi",Karachi,Sindh,2020-08-29,2020,Honda Civic,1800,Imported,6910980
PES-2019-5711,35202-1001351-7,Taha Hussain,"House 503, Street 3, Queens Road, Sukkur",Sukkur,Sindh,2019-09-16,2019,Suzuki Alto,660,Imported,1780472
KHI-2016-9483,45501-1001886-2,Naveed Raza,"House 906, Street 16, G-11, Islamabad",Islamabad,Islamabad,2016-12-04,2016,Honda Civic,1800,Private,9902515
RWP-2019-5726,33100-1000771-7,M. Ahmed,"House 325, Street 8, Warsak Road, Peshawar",Peshawar,KPK,2019-06-08,2019,Suzuki Alto,660,Imported,2154672
ICT-2022-6185,54400-1000851-7,Saad Qureshi Sahib,"House 596, Street 2, Queens Road, Sukkur",Sukkur,Sindh,2022-10-02,2022,Suzuki Mehran,800,Luxury,871108
LEA-2023-5730,17301-1001032-4,Maham Tariq,"House 491, Street 2, Gulshan-e-Iqbal, Karachi",Karachi,Sindh,2023-07-28,2023,Toyota Corolla,1300,Imported,4921667
ICT-2026-6514,45501-1000343-1,Chaudhry Kamran Qureshi,"House 643, Street 5, Model Town, Gujranwala",Gujranwala,Punjab,2026-06-29,2026,Honda Civic,1800,Private,8231682
FSD-2021-4445,45501-1000343-1,Chaudhry Kamran Qureshi,"House 643, Street 5, Model Town, Gujranwala",Gujranwala,Punjab,2021-08-14,2021,Toyota Corolla,1300,Commercial,6822974
MUL-2022-2402,33100-1001014-8,Chaudhry Amna Chaudhry,"House 904, Street 33, People Colony, Faisalabad",Faisalabad,Punjab,2022-08-20,2022,BMW 5 Series,3000,Imported,40617338
ICT-2023-2129,17301-1000485-5,Huma Ghani,"House 443, Street 33, F-10, Islamabad",Islamabad,Islamabad,2023-12-13,2023,Toyota Corolla,1300,Luxury,6432759
LEA-2019-7535,33100-1001842-4,M. Akhtar,"House 504, Street 24, D Ground, Faisalabad",Faisalabad,Punjab,2019-08-31,2019,Suzuki Mehran,800,Private,1004932
QTA-2020-4784,33100-1001842-4,Muneeb Akhtar,"House 504, Street 24, D Ground, Faisalabad",Faisalabad,Punjab,2020-08-08,2020,Suzuki Mehran,800,Imported,880678
QTA-2025-8036,33100-1001842-4,Muneeb Akhtar Sahib,"House 504, Street 24, D Ground, Faisalabad",Faisalabad,Punjab,2025-03-28,2025,Honda Civic,1800,Commercial,6805192
PES-2020-6343,61101-1000853-1,Hira Shah Sahib,"House 24, Street 20, Military Road, Sukkur",Sukkur,Sindh,2020-11-26,2020,Toyota Corolla,1300,Imported,6216324
LEA-2019-9544,45501-1001734-8,Rabia Noor,"House 640, Street 21, Bahria Town, Lahore",Lahore,Punjab,2019-03-12,2019,Honda Civic,1800,Private,8854443
QTA-2017-2738,42101-1000566-2,Hamza Sheikh,"House 26, Street 35, People Colony, Faisalabad",Faisalabad,Punjab,2017-08-14,2017,Toyota Land Cruiser,4600,Imported,70912264
LEA-2025-5563,17301-1000377-9,Ahmed Baig,"House 95, Street 23, Madina Town, Faisalabad",Faisalabad,Punjab,2025-11-18,2025,Kia Sportage,2000,Private,11838088
KHI-2022-9841,17301-1000377-9,Chaudhry Ahmed Baig,"House 95, Street 23, Madina Town, Faisalabad",Faisalabad,Punjab,2022-05-30,2022,Toyota Prado,2700,Private,31873087
LEA-2022-1569,17301-1000377-9,Ahmed Baig,"House 95, Street 23, Madina Town, Faisalabad",Faisalabad,Punjab,2022-08-12,2022,Toyota Land Cruiser,4600,Private,66967902
FSD-2022-8671,17301-1000377-9,A. Baig,"House 95, Street 23, Madina Town, Faisalabad",Faisalabad,Punjab,2022-01-04,2022,Toyota Land Cruiser,4600,Private,56653228
PES-2026-1021,54400-1001457-9,Muneeb Akhtar Sahib,"House 761, Street 28, Gulshan-e-Iqbal, Karachi",Karachi,Sindh,2026-05-13,2026,Audi A6,2000,Commercial,31505030
FSD-2020-3385,33100-1000797-9,A. Baig,"House 216, Street 29, Gulberg, Lahore",Lahore,Punjab,2020-11-22,2020,Mercedes E Class,2000,Imported,36954936
RWP-2018-2736,33100-1001713-1,S. Butt,"House 167, Street 31, Warsak Road, Peshawar",Peshawar,KPK,2018-01-24,2018,Hyundai Tucson,2000,Private,14528563
QTA-2024-8039,33100-1000892-4,Maham Tariq Sahib,"House 531, Street 19, Military Road, Sukkur",Sukkur,Sindh,2024-04-22,2024,Suzuki Mehran,800,Private,1004104
KHI-2026-7366,33100-1000004-8,Bilal Ahmed,"House 99, Street 25, Hayatabad, Peshawar",Peshawar,KPK,2026-02-19,2026,Mercedes E Class,2000,Luxury,33785111
FSD-2018-1862,45501-1001756-2,Hamza Sheikh,"House 728, Street 14, Military Road, Sukkur",Sukkur,Sindh,2018-10-05,2018,BMW 5 Series,3000,Luxury,51576111
MUL-2023-8847,33100-1001303-1,F. Ali,"House 439, Street 2, Gulberg, Faisalabad",Faisalabad,Punjab,2023-08-16,2023,Toyota Corolla,1300,Imported,5109512
PES-2017-9595,33100-1001303-1,Chaudhry Fatima Ali,"House 439, Street 2, Gulberg, Faisalabad",Faisalabad,Punjab,2017-10-29,2017,BMW 5 Series,3000,Commercial,40052479
PES-2026-6561,33100-1001303-1,Fatima Ali,"House 439, Street 2, Gulberg, Faisalabad",Faisalabad,Punjab,2026-08-27,2026,BMW 5 Series,3000,Luxury,36882778
FSD-2025-2319,33100-1001303-1,Fatima Ali,"House 439, Street 2, Gulberg, Faisalabad",Faisalabad,Punjab,2025-04-07,2025,Toyota Land Cruiser,4600,Private,65315950
ICT-2021-8377,54400-1000512-4,Chaudhry Muneeb Akhtar,"House 327, Street 5, Jinnah Town, Quetta",Quetta,Balochistan,2021-07-09,2021,Suzuki Alto,660,Luxury,1719660
ICT-2023-4342,61101-1001146-2,M. Malik,"House 426, Street 32, New Pind, Sukkur",Sukkur,Sindh,2023-02-01,2023,BMW 5 Series,3000,Imported,46219887
RWP-2022-6310,61101-1000601-7,Hamza Sheikh Sahib,"House 766, Street 22, Gulshan-e-Iqbal, Karachi",Karachi,Sindh,2022-01-19,2022,Toyota Corolla,1300,Private,6257301
KHI-2019-2512,61101-1000601-7,Chaudhry Hamza Sheikh,"House 766, Street 22, Gulshan-e-Iqbal, Karachi",Karachi,Sindh,2019-11-03,2019,Suzuki Alto,660,Commercial,1676371
PES-2019-7756,42101-1000406-2,Chaudhry Taha Hussain,"House 410, Street 24, Shah Rukn-e-Alam, Multan",Multan,Punjab,2019-06-27,2019,Honda Civic,1800,Commercial,7477935
RWP-2024-3604,42101-1000406-2,Chaudhry Taha Hussain,"House 410, Street 24, Shah Rukn-e-Alam, Multan",Multan,Punjab,2024-09-16,2024,Suzuki Alto,660,Imported,1451463
ICT-2026-5473,17301-1001786-2,Chaudhry Muhammad Ahmed,"House 105, Street 4, Nazimabad, Karachi",Karachi,Sindh,2026-03-03,2026,Suzuki Mehran,800,Luxury,1043563
FSD-2016-4662,42101-1000027-9,A. Baig,"House 786, Street 34, Civil Lines, Gujranwala",Gujranwala,Punjab,2016-06-11,2016,Honda Civic,1800,Private,7021904
QTA-2018-7372,17301-1001124-8,Bilal Ahmed,"House 67, Street 16, Latifabad, Hyderabad",Hyderabad,Sindh,2018-11-12,2018,Hyundai Tucson,2000,Luxury,15253291
FSD-2025-3712,17301-1001124-8,Chaudhry Bilal Ahmed,"House 67, Street 16, Latifabad, Hyderabad",Hyderabad,Sindh,2025-02-14,2025,Audi A6,2000,Imported,30123619
LEA-2022-1257,17301-1001124-8,Bilal Ahmed,"House 67, Street 16, Latifabad, Hyderabad",Hyderabad,Sindh,2022-09-28,2022,BMW 5 Series,3000,Imported,38325991
KHI-2022-8691,33100-1000441-7,Taha Hussain Sahib,"House 764, Street 30, DHA Phase 6, Karachi",Karachi,Sindh,2022-12-20,2022,BMW 5 Series,3000,Private,36158321
QTA-2017-6060,33100-1000441-7,Taha Hussain Sahib,"House 764, Street 30, DHA Phase 6, Karachi",Karachi,Sindh,2017-01-06,2017,Toyota Prado,2700,Luxury,32788402
KHI-2019-2720,33100-1000441-7,T. Hussain,"House 764, Street 30, DHA Phase 6, Karachi",Karachi,Sindh,2019-01-01,2019,Mercedes E Class,2000,Commercial,30090443
QTA-2024-6253,35202-1001350-0,I. Siddiqui,"House 731, Street 14, Military Road, Sukkur",Sukkur,Sindh,2024-12-19,2024,BMW 5 Series,3000,Imported,50630860
RWP-2017-7420,33100-1001073-1,Asad Iqbal Sahib,"House 864, Street 21, Bahria Town, Rawalpindi",Rawalpindi,Punjab,2017-01-16,2017,Honda Civic,1800,Commercial,8837270
KHI-2016-2849,35202-1001411-7,S. Qureshi,"House 740, Street 10, Madina Town, Faisalabad",Faisalabad,Punjab,2016-02-28,2016,Toyota Prado,2700,Commercial,38105032
KHI-2019-7431,35202-1000832-4,Ahmed Baig,"House 991, Street 13, Gulberg, Lahore",Lahore,Punjab,2019-12-17,2019,Honda Civic,1800,Private,6957590
PES-2016-6483,35202-1000832-4,A. Baig,"House 991, Street 13, Gulberg, Lahore",Lahore,Punjab,2016-05-23,2016,Toyota Land Cruiser,4600,Luxury,66126104
QTA-2026-1572,35202-1001043-1,Chaudhry Kamran Qureshi,"House 175, Street 3, Bahria Enclave, Islamabad",Islamabad,Islamabad,2026-12-15,2026,Suzuki Alto,660,Private,1919504
ICT-2016-5910,42101-1000393-1,Fatima Ali Sahib,"House 62, Street 2, Madina Town, Faisalabad",Faisalabad,Punjab,2016-12-27,2016,Toyota Corolla,1300,Private,5360872
QTA-2024-1073,17301-1000082-4,U. Farooq,"House 989, Street 14, Bosan Road, Multan",Multan,Punjab,2024-08-10,2024,Toyota Corolla,1300,Commercial,4697711
RWP-2016-5291,42101-1001535-5,Huma Ghani,"House 159, Street 14, People Colony, Faisalabad",Faisalabad,Punjab,2016-07-15,2016,Honda Civic,1800,Luxury,9828560
ICT-2025-5951,42101-1001535-5,Huma Ghani,"House 159, Street 14, People Colony, Faisalabad",Faisalabad,Punjab,2025-03-21,2025,Suzuki Mehran,800,Commercial,869505
FSD-2024-6834,17301-1000874-8,Amna Chaudhry,"House 73, Street 25, Rohri, Sukkur",Sukkur,Sindh,2024-11-08,2024,Audi A6,2000,Commercial,31318483
QTA-2019-6489,17301-1000874-8,Amna Chaudhry,"House 73, Street 25, Rohri, Sukkur",Sukkur,Sindh,2019-10-03,2019,Kia Sportage,2000,Private,14891764
QTA-2024-1233,45501-1001325-5,Huma Ghani,"House 789, Street 8, Gulshan-e-Iqbal, Karachi",Karachi,Sindh,2024-06-10,2024,Audi A6,2000,Private,43754538
FSD-2024-5585,45501-1001325-5,Huma Ghani,"House 789, Street 8, Gulshan-e-Iqbal, Karachi",Karachi,Sindh,2024-02-22,2024,Mercedes E Class,2000,Luxury,42106742
FSD-2016-2266,45501-1001325-5,Huma Ghani Sahib,"House 789, Street 8, Gulshan-e-Iqbal, Karachi",Karachi,Sindh,2016-03-12,2016,BMW 5 Series,3000,Luxury,37333802
ICT-2021-2288,35202-1000615-5,Chaudhry Imran Siddiqui,"House 493, Street 10, Madina Town, Faisalabad",Faisalabad,Punjab,2021-09-07,2021,BMW 5 Series,3000,Commercial,32156332
RWP-2021-8416,35202-1000615-5,Imran Siddiqui Sahib,"House 493, Street 10, Madina Town, Faisalabad",Faisalabad,Punjab,2021-09-12,2021,Kia Sportage,2000,Luxury,10811041
MUL-2023-3381,61101-1000323-1,Fatima Ali Sahib,"House 625, Street 4, Gulberg, Lahore",Lahore,Punjab,2023-05-15,2023,Toyota Corolla,1300,Private,6496416
QTA-2018-6358,17301-1000407-9,M. Akhtar,"House 817, Street 33, People Colony, Faisalabad",Faisalabad,Punjab,2018-05-12,2018,Suzuki Mehran,800,Luxury,1094194
QTA-2024-4258,17301-1001284-8,Laiba Khan,"House 309, Street 3, Saddar, Peshawar",Peshawar,KPK,2024-07-23,2024,Suzuki Mehran,800,Luxury,1000706
LEA-2019-6920,17301-1001284-8,Laiba Khan,"House 309, Street 3, Saddar, Peshawar",Peshawar,KPK,2019-05-06,2019,Toyota Corolla,1300,Private,4292987
QTA-2023-1589,45501-1000305-5,Chaudhry Sara Ahmed,"House 352, Street 16, Saddar, Hyderabad",Hyderabad,Sindh,2023-05-29,2023,Mercedes E Class,2000,Commercial,32653517
KHI-2019-6327,42101-1001262-4,Ali Raza,"House 916, Street 1, Peoples Colony, Gujranwala",Gujranwala,Punjab,2019-08-27,2019,Honda Civic,1800,Luxury,7221831
FSD-2018-6430,45501-1000440-0,I. Siddiqui,"House 291, Street 11, Shah Rukn-e-Alam, Multan",Multan,Punjab,2018-09-23,2018,Toyota Corolla,1300,Imported,4249144
RWP-2020-5082,45501-1000440-0,I. Siddiqui,"House 291, Street 11, Shah Rukn-e-Alam, Multan",Multan,Punjab,2020-04-19,2020,Suzuki Alto,660,Private,1770123
FSD-2020-5344,45501-1000440-0,Chaudhry Imran Siddiqui,"House 291, Street 11, Shah Rukn-e-Alam, Multan",Multan,Punjab,2020-11-30,2020,Honda Civic,1800,Imported,9967271
PES-2022-4739,45501-1000440-0,Imran Siddiqui,"House 291, Street 11, Shah Rukn-e-Alam, Multan",Multan,Punjab,2022-10-03,2022,Suzuki Alto,660,Private,2047377
MUL-2018-1914,42101-1000918-6,Fatima Ali,"House 496, Street 24, Gulberg, Faisalabad",Faisalabad,Punjab,2018-09-10,2018,Honda Civic,1800,Commercial,8691612
PES-2016-1075,61101-1001911-7,Taha Hussain,"House 656, Street 13, Saddar, Peshawar",Peshawar,KPK,2016-04-23,2016,Suzuki Alto,660,Luxury,1959688
ICT-2017-6783,17301-1001570-0,Huma Ghani,"House 393, Street 29, Warsak Road, Peshawar",Peshawar,KPK,2017-04-27,2017,Toyota Corolla,1300,Private,4318448
RWP-2019-3112,35202-1000470-0,Danish Butt,"House 172, Street 12, Satellite Town, Quetta",Quetta,Balochistan,2019-09-16,2019,Toyota Corolla,1300,Imported,4302568
MUL-2018-8358,45501-1001332-4,A. Raza,"House 971, Street 22, Civil Lines, Gujranwala",Gujranwala,Punjab,2018-09-15,2018,Suzuki Mehran,800,Private,910106
ICT-2026-9314,45501-1001332-4,Ali Raza,"House 971, Street 22, Civil Lines, Gujranwala",Gujranwala,Punjab,2026-09-02,2026,Honda Civic,1800,Private,7343368
PES-2023-6325,45501-1001332-4,Ali Raza,"House 971, Street 22, Civil Lines, Gujranwala",Gujranwala,Punjab,2023-07-19,2023,Toyota Corolla,1300,Commercial,4215723
FSD-2018-6266,42101-1001368-6,Hassan Khan,"House 559, Street 7, Jinnah Town, Quetta",Quetta,Balochistan,2018-02-16,2018,Honda Civic,1800,Imported,7132333
RWP-2016-8381,42101-1001238-6,H. Shah,"House 291, Street 16, Gulberg, Faisalabad",Faisalabad,Punjab,2016-01-21,2016,Audi A6,2000,Commercial,40981411
QTA-2017-1763,42101-1001238-6,Hira Shah,"House 291, Street 16, Gulberg, Faisalabad",Faisalabad,Punjab,2017-05-18,2017,Mercedes E Class,2000,Luxury,32687605
FSD-2016-1895,42101-1001238-6,H. Shah,"House 291, Street 16, Gulberg, Faisalabad",Faisalabad,Punjab,2016-01-15,2016,Toyota Prado,2700,Imported,27444849
QTA-2023-5151,42101-1001238-6,Chaudhry Hira Shah,"House 291, Street 16, Gulberg, Faisalabad",Faisalabad,Punjab,2023-07-02,2023,Toyota Prado,2700,Private,32255493
KHI-2025-1656,33100-1001175-5,Imran Siddiqui,"House 914, Street 6, Bahria Town, Rawalpindi",Rawalpindi,Punjab,2025-09-01,2025,Mercedes E Class,2000,Commercial,41312733
ICT-2017-9173,61101-1001336-2,Hamza Sheikh,"House 673, Street 6, Hayatabad, Peshawar",Peshawar,KPK,2017-09-08,2017,Mercedes E Class,2000,Luxury,47350681
LEA-2024-3079,42101-1000207-9,Khalid Malik,"House 715, Street 5, Saddar, Rawalpindi",Rawalpindi,Punjab,2024-04-02,2024,Suzuki Mehran,800,Luxury,836508
ICT-2021-6786,42101-1000207-9,Khalid Malik,"House 715, Street 5, Saddar, Rawalpindi",Rawalpindi,Punjab,2021-10-02,2021,Toyota Prado,2700,Private,31426881
PES-2016-2286,42101-1000207-9,Khalid Malik,"House 715, Street 5, Saddar, Rawalpindi",Rawalpindi,Punjab,2016-11-07,2016,Honda Civic,1800,Private,6884959
FSD-2016-6430,54400-1000917-9,Ayesha Khan Sahib,"House 692, Street 11, PWD, Rawalpindi",Rawalpindi,Punjab,2016-04-07,2016,Audi A6,2000,Commercial,40848350
QTA-2025-5351,54400-1000917-9,Ayesha Khan,"House 692, Street 11, PWD, Rawalpindi",Rawalpindi,Punjab,2025-05-08,2025,Suzuki Mehran,800,Luxury,714586
MUL-2016-5849,45501-1000412-4,Chaudhry Ahmed Baig,"House 597, Street 15, Bahria Town, Lahore",Lahore,Punjab,2016-08-19,2016,Suzuki Alto,660,Private,2053748
FSD-2025-7074,45501-1000412-4,Ahmed Baig,"House 597, Street 15, Bahria Town, Lahore",Lahore,Punjab,2025-10-10,2025,BMW 5 Series,3000,Luxury,43743469
MUL-2020-4018,17301-1000208-6,Shazia Butt,"House 560, Street 32, Auto Bhan, Hyderabad",Hyderabad,Sindh,2020-09-14,2020,BMW 5 Series,3000,Commercial,40204956
LEA-2026-6396,17301-1000208-6,S. Butt,"House 560, Street 32, Auto Bhan, Hyderabad",Hyderabad,Sindh,2026-09-08,2026,Audi A6,2000,Private,40530942
LEA-2026-2558,17301-1000208-6,S. Butt,"House 560, Street 32, Auto Bhan, Hyderabad",Hyderabad,Sindh,2026-01-25,2026,Audi A6,2000,Luxury,34372286
LEA-2024-4357,54400-1001185-5,Chaudhry Huma Ghani,"House 113, Street 1, Civil Lines, Gujranwala",Gujranwala,Punjab,2024-04-19,2024,Honda Civic,1800,Luxury,6535442
LEA-2024-9890,61101-1001302-4,Ayesha Khan,"House 923, Street 31, Saddar, Hyderabad",Hyderabad,Sindh,2024-11-25,2024,Suzuki Mehran,800,Private,1011763
ICT-2026-4890,61101-1001302-4,Ayesha Khan Sahib,"House 923, Street 31, Saddar, Hyderabad",Hyderabad,Sindh,2026-06-16,2026,Honda Civic,1800,Commercial,8932417
MUL-2020-3799,61101-1001855-5,W. Akram,"House 722, Street 17, University Road, Peshawar",Peshawar,KPK,2020-02-04,2020,Suzuki Mehran,800,Private,676721
FSD-2024-9617,61101-1000341-7,Chaudhry Mariam Malik,"House 602, Street 4, Hayatabad, Peshawar",Peshawar,KPK,2024-06-28,2024,Toyota Land Cruiser,4600,Commercial,60085866
LEA-2016-1990,33100-1000100-0,Huma Ghani Sahib,"House 790, Street 20, Civil Lines, Gujranwala",Gujranwala,Punjab,2016-12-28,2016,Audi A6,2000,Luxury,29628123
MUL-2022-3625,33100-1000100-0,Huma Ghani Sahib,"House 790, Street 20, Civil Lines, Gujranwala",Gujranwala,Punjab,2022-10-10,2022,Audi A6,2000,Luxury,45006860
MUL-2026-8830,33100-1000100-0,Huma Ghani Sahib,"House 790, Street 20, Civil Lines, Gujranwala",Gujranwala,Punjab,2026-05-22,2026,BMW 5 Series,3000,Imported,38287336
KHI-2024-2888,33100-1000100-0,H. Ghani,"House 790, Street 20, Civil Lines, Gujranwala",Gujranwala,Punjab,2024-09-15,2024,Honda Civic,1800,Private,7571786
FSD-2017-7673,35202-1000269-3,Chaudhry Laiba Khan,"House 10, Street 3, Cantt, Quetta",Quetta,Balochistan,2017-10-27,2017,Toyota Corolla,1300,Commercial,5241394
KHI-2020-3546,35202-1000269-3,Laiba Khan,"House 10, Street 3, Cantt, Quetta",Quetta,Balochistan,2020-06-15,2020,Suzuki Mehran,800,Commercial,726514
FSD-2018-3509,35202-1000269-3,Laiba Khan Sahib,"House 10, Street 3, Cantt, Quetta",Quetta,Balochistan,2018-03-03,2018,Suzuki Mehran,800,Luxury,1093548
RWP-2021-1058,17301-1001193-1,H. Khan,"House 252, Street 17, Hayatabad, Peshawar",Peshawar,KPK,2021-12-22,2021,Suzuki Alto,660,Luxury,1602486
ICT-2024-6854,35202-1000227-9,Chaudhry Maham Tariq,"House 345, Street 15, Saddar, Peshawar",Peshawar,KPK,2024-08-28,2024,Suzuki Alto,660,Private,2064669
PES-2023-1562,54400-1001509-3,Chaudhry Bilal Ahmed,"House 565, Street 23, Gulberg, Faisalabad",Faisalabad,Punjab,2023-02-26,2023,Suzuki Mehran,800,Imported,788337
FSD-2016-1747,54400-1001509-3,Chaudhry Bilal Ahmed,"House 565, Street 23, Gulberg, Faisalabad",Faisalabad,Punjab,2016-09-23,2016,Toyota Corolla,1300,Commercial,6080306
RWP-2018-4622,42101-1001609-3,A. Chaudhry,"House 401, Street 28, F-10, Islamabad",Islamabad,Islamabad,2018-01-23,2018,Hyundai Tucson,2000,Private,10174102
ICT-2021-5389,35202-1000844-8,Bilal Ahmed,"House 646, Street 11, Wapda Town, Gujranwala",Gujranwala,Punjab,2021-07-22,2021,Audi A6,2000,Luxury,38839338
LEA-2017-2710,42101-1000734-8,Amna Chaudhry Sahib,"House 413, Street 1, Chaklala, Rawalpindi",Rawalpindi,Punjab,2017-03-15,2017,Toyota Prado,2700,Commercial,41827238
FSD-2016-3151,17301-1000617-9,Muneeb Akhtar,"House 334, Street 6, Satellite Town, Gujranwala",Gujranwala,Punjab,2016-02-25,2016,Audi A6,2000,Commercial,44303541
ICT-2021-7253,17301-1000617-9,Muneeb Akhtar,"House 334, Street 6, Satellite Town, Gujranwala",Gujranwala,Punjab,2021-07-21,2021,Kia Sportage,2000,Commercial,11051823
PES-2017-7660,42101-1001385-5,I. Siddiqui,"House 587, Street 34, Civil Lines, Gujranwala",Gujranwala,Punjab,2017-10-19,2017,Audi A6,2000,Commercial,36767093
MUL-2017-3828,42101-1001385-5,I. Siddiqui,"House 587, Street 34, Civil Lines, Gujranwala",Gujranwala,Punjab,2017-05-05,2017,BMW 5 Series,3000,Commercial,33597801
QTA-2022-4685,33100-1001716-2,Muhammad Ahmed Sahib,"House 871, Street 29, Satellite Town, Rawalpindi",Rawalpindi,Punjab,2022-11-05,2022,Toyota Corolla,1300,Imported,6026076
QTA-2017-5674,61101-1001031-7,Fahad Mirza,"House 148, Street 23, Samungli Road, Quetta",Quetta,Balochistan,2017-07-27,2017,Honda Civic,1800,Private,8480744
KHI-2016-3898,61101-1001031-7,Fahad Mirza,"House 148, Street 23, Samungli Road, Quetta",Quetta,Balochistan,2016-06-03,2016,BMW 5 Series,3000,Imported,39341021
LEA-2023-2420,33100-1001715-5,Waseem Akram,"House 264, Street 13, Johar Town, Lahore",Lahore,Punjab,2023-02-06,2023,Toyota Corolla,1300,Imported,6057339
ICT-2020-7715,33100-1001715-5,Chaudhry Waseem Akram,"House 264, Street 13, Johar Town, Lahore",Lahore,Punjab,2020-08-28,2020,Suzuki Mehran,800,Imported,814963
MUL-2016-7673,33100-1001715-5,Waseem Akram,"House 264, Street 13, Johar Town, Lahore",Lahore,Punjab,2016-10-25,2016,Honda Civic,1800,Imported,6584866
MUL-2024-2075,54400-1000972-4,Ahmed Baig,"House 976, Street 14, Saddar, Rawalpindi",Rawalpindi,Punjab,2024-07-08,2024,Suzuki Mehran,800,Imported,852575
RWP-2022-1814,35202-1000763-1,Chaudhry Kamran Qureshi,"House 927, Street 4, Satellite Town, Quetta",Quetta,Balochistan,2022-08-22,2022,Mercedes E Class,2000,Luxury,31464534
KHI-2024-2892,61101-1000372-4,Muneeb Akhtar,"House 339, Street 7, Model Town, Lahore",Lahore,Punjab,2024-09-10,2024,Suzuki Mehran,800,Luxury,790508
ICT-2017-5272,33100-1001196-2,Hamza Sheikh,"House 149, Street 20, Gulberg, Faisalabad",Faisalabad,Punjab,2017-09-28,2017,Suzuki Alto,660,Commercial,1691924
PES-2021-1174,33100-1001196-2,Hamza Sheikh,"House 149, Street 20, Gulberg, Faisalabad",Faisalabad,Punjab,2021-05-24,2021,Suzuki Alto,660,Luxury,1428490
RWP-2019-9725,35202-1000315-5,W. Akram,"House 807, Street 8, Latifabad, Hyderabad",Hyderabad,Sindh,2019-11-28,2019,Suzuki Mehran,800,Private,728288
QTA-2016-9582,35202-1000315-5,Waseem Akram,"House 807, Street 8, Latifabad, Hyderabad",Hyderabad,Sindh,2016-04-14,2016,Suzuki Mehran,800,Luxury,934188
FSD-2016-1728,35202-1001711-7,Naveed Raza Sahib,"House 48, Street 12, Satellite Town, Quetta",Quetta,Balochistan,2016-11-27,2016,Suzuki Alto,660,Luxury,1859689
KHI-2026-8197,45501-1001533-1,Kamran Qureshi Sahib,"House 803, Street 31, G-11, Islamabad",Islamabad,Islamabad,2026-07-28,2026,BMW 5 Series,3000,Private,39516439
KHI-2017-1069,54400-1000042-4,Chaudhry Ayesha Khan,"House 516, Street 22, Rohri, Sukkur",Sukkur,Sindh,2017-01-22,2017,Audi A6,2000,Imported,30653695
FSD-2021-6226,54400-1000480-0,Sara Ahmed,"House 970, Street 19, Chaklala, Rawalpindi",Rawalpindi,Punjab,2021-06-09,2021,Suzuki Alto,660,Private,2166809
ICT-2024-5629,45501-1001446-2,Saad Qureshi,"House 580, Street 26, Bahadurabad, Karachi",Karachi,Sindh,2024-08-06,2024,Honda Civic,1800,Luxury,10390265
PES-2020-6534,35202-1000894-8,Rabia Noor,"House 655, Street 5, Model Town, Gujranwala",Gujranwala,Punjab,2020-11-23,2020,Honda Civic,1800,Luxury,7314763
MUL-2019-5831,54400-1000313-1,S. Butt,"House 941, Street 16, F-10, Islamabad",Islamabad,Islamabad,2019-06-02,2019,Hyundai Tucson,2000,Commercial,15125421
FSD-2018-9628,42101-1000106-2,Muhammad Ahmed,"House 820, Street 26, Gulshan-e-Iqbal, Karachi",Karachi,Sindh,2018-04-24,2018,Suzuki Alto,660,Private,1370214
LEA-2023-8908,61101-1001183-1,Chaudhry Kamran Qureshi,"House 520, Street 13, Military Road, Sukkur",Sukkur,Sindh,2023-09-14,2023,Kia Sportage,2000,Luxury,9081586
LEA-2020-7661,45501-1001209-3,Chaudhry Rabia Noor,"House 581, Street 33, Hussainabad, Hyderabad",Hyderabad,Sindh,2020-09-13,2020,Suzuki Alto,660,Private,2188559
LEA-2019-9173,45501-1001209-3,Rabia Noor,"House 581, Street 33, Hussainabad, Hyderabad",Hyderabad,Sindh,2019-11-23,2019,Honda Civic,1800,Commercial,9038844
RWP-2022-4538,61101-1001371-7,Chaudhry Hamza Sheikh,"House 74, Street 14, Qasimabad, Hyderabad",Hyderabad,Sindh,2022-10-25,2022,Toyota Land Cruiser,4600,Commercial,68207895
ICT-2018-5010,45501-1001015-5,Chaudhry Waseem Akram,"House 512, Street 24, Bahria Enclave, Islamabad",Islamabad,Islamabad,2018-10-05,2018,Honda Civic,1800,Luxury,8209604
ICT-2024-5601,33100-1000825-5,Imran Siddiqui,"House 869, Street 10, Satellite Town, Gujranwala",Gujranwala,Punjab,2024-05-24,2024,BMW 5 Series,3000,Commercial,48633696
MUL-2024-3156,33100-1000825-5,Imran Siddiqui,"House 869, Street 10, Satellite Town, Gujranwala",Gujranwala,Punjab,2024-01-19,2024,Toyota Prado,2700,Imported,34060133
FSD-2026-8757,33100-1000825-5,Imran Siddiqui,"House 869, Street 10, Satellite Town, Gujranwala",Gujranwala,Punjab,2026-08-24,2026,Kia Sportage,2000,Commercial,13751467
ICT-2016-1748,42101-1001730-0,Chaudhry Danish Butt,"House 940, Street 33, Madina Town, Faisalabad",Faisalabad,Punjab,2016-05-07,2016,Audi A6,2000,Private,38808603
FSD-2020-1640,35202-1000462-4,A. Khan,"House 742, Street 31, G-11, Islamabad",Islamabad,Islamabad,2020-07-28,2020,Suzuki Mehran,800,Imported,799880
QTA-2026-5332,17301-1000385-5,Waseem Akram,"House 394, Street 5, Saddar, Rawalpindi",Rawalpindi,Punjab,2026-03-11,2026,Suzuki Mehran,800,Commercial,920839
MUL-2023-6123,35202-1000032-4,Chaudhry Khalid Malik,"House 544, Street 21, Bahadurabad, Karachi",Karachi,Sindh,2023-05-20,2023,Honda Civic,1800,Luxury,9046840
KHI-2016-5525,35202-1000032-4,K. Malik,"House 544, Street 21, Bahadurabad, Karachi",Karachi,Sindh,2016-03-03,2016,Suzuki Mehran,800,Luxury,699970
QTA-2022-9812,42101-1001628-6,Kashif Javed,"House 311, Street 19, Chaklala, Rawalpindi",Rawalpindi,Punjab,2022-12-26,2022,Kia Sportage,2000,Private,12789176
MUL-2018-8783,42101-1001628-6,K. Javed,"House 311, Street 19, Chaklala, Rawalpindi",Rawalpindi,Punjab,2018-05-01,2018,Toyota Corolla,1300,Private,5139355
KHI-2020-1237,42101-1001628-6,Kashif Javed,"House 311, Street 19, Chaklala, Rawalpindi",Rawalpindi,Punjab,2020-06-23,2020,Toyota Prado,2700,Commercial,31154737
FSD-2023-7230,61101-1000999-3,R. Noor,"House 602, Street 22, Jinnah Town, Quetta",Quetta,Balochistan,2023-04-27,2023,Honda Civic,1800,Private,6711604
FSD-2020-8016,17301-1001754-8,Chaudhry Bilal Ahmed,"House 461, Street 31, Bahadurabad, Karachi",Karachi,Sindh,2020-05-30,2020,Suzuki Alto,660,Private,1810771
FSD-2023-7492,54400-1000800-0,Chaudhry Huma Ghani,"House 65, Street 16, Bahria Town, Rawalpindi",Rawalpindi,Punjab,2023-07-07,2023,Suzuki Mehran,800,Commercial,700790
PES-2019-8629,54400-1000800-0,Huma Ghani,"House 65, Street 16, Bahria Town, Rawalpindi",Rawalpindi,Punjab,2019-10-22,2019,Suzuki Alto,660,Private,1369155
MUL-2024-1339,33100-1000691-7,Mariam Malik,"House 15, Street 17, Satellite Town, Gujranwala",Gujranwala,Punjab,2024-03-10,2024,Honda Civic,1800,Commercial,7685525
MUL-2021-7686,33100-1000691-7,M. Malik,"House 15, Street 17, Satellite Town, Gujranwala",Gujranwala,Punjab,2021-02-02,2021,Toyota Corolla,1300,Luxury,6719245
KHI-2024-2086,45501-1000216-2,Hamza Sheikh Sahib,"House 210, Street 20, DHA Phase 2, Islamabad",Islamabad,Islamabad,2024-11-21,2024,Suzuki Alto,660,Imported,1749378
LEA-2026-8490,45501-1000216-2,H. Sheikh,"House 210, Street 20, DHA Phase 2, Islamabad",Islamabad,Islamabad,2026-11-12,2026,Honda Civic,1800,Commercial,9147338
QTA-2017-3045,33100-1001970-0,Chaudhry Zainab Ahmed,"House 476, Street 23, Madina Town, Faisalabad",Faisalabad,Punjab,2017-05-17,2017,Toyota Corolla,1300,Imported,5939623
KHI-2021-4589,33100-1001970-0,Chaudhry Zainab Ahmed,"House 476, Street 23, Madina Town, Faisalabad",Faisalabad,Punjab,2021-10-15,2021,Suzuki Mehran,800,Commercial,837100
LEA-2023-3975,33100-1001970-0,Zainab Ahmed Sahib,"House 476, Street 23, Madina Town, Faisalabad",Faisalabad,Punjab,2023-08-26,2023,Toyota Corolla,1300,Private,6495857
KHI-2019-7822,33100-1001970-0,Z. Ahmed,"House 476, Street 23, Madina Town, Faisalabad",Faisalabad,Punjab,2019-09-08,2019,Toyota Land Cruiser,4600,Commercial,56161509
FSD-2021-1769,33100-1001374-8,S. Iqbal,"House 566, Street 23, Madina Town, Faisalabad",Faisalabad,Punjab,2021-09-16,2021,Suzuki Alto,660,Commercial,1730907
ICT-2016-5093,33100-1001374-8,Sana Iqbal,"House 566, Street 23, Madina Town, Faisalabad",Faisalabad,Punjab,2016-03-03,2016,Kia Sportage,2000,Private,12439818
ICT-2026-3599,35202-1001048-6,Shazia Butt,"House 286, Street 1, New Pind, Sukkur",Sukkur,Sindh,2026-09-29,2026,Honda Civic,1800,Imported,8005683
RWP-2016-8396,35202-1001048-6,Shazia Butt,"House 286, Street 1, New Pind, Sukkur",Sukkur,Sindh,2016-02-12,2016,Suzuki Mehran,800,Private,1074223
PES-2022-1430,61101-1000013-1,Hira Shah,"House 355, Street 26, F-10, Islamabad",Islamabad,Islamabad,2022-12-29,2022,Suzuki Mehran,800,Imported,955472
LEA-2019-3692,35202-1001905-5,D. Butt,"House 549, Street 15, Saddar, Peshawar",Peshawar,KPK,2019-01-05,2019,Suzuki Alto,660,Private,1730033
PES-2019-2374,35202-1000092-4,Chaudhry Muneeb Akhtar,"House 418, Street 5, Latifabad, Hyderabad",Hyderabad,Sindh,2019-11-20,2019,Suzuki Alto,660,Commercial,1625326
MUL-2017-7304,45501-1000921-7,Chaudhry Saad Qureshi,"House 504, Street 9, Satellite Town, Rawalpindi",Rawalpindi,Punjab,2017-05-23,2017,Suzuki Alto,660,Private,1989534
QTA-2020-1486,45501-1000921-7,Saad Qureshi,"House 504, Street 9, Satellite Town, Rawalpindi",Rawalpindi,Punjab,2020-07-29,2020,Audi A6,2000,Imported,29238111
FSD-2024-6063,45501-1000921-7,Saad Qureshi,"House 504, Street 9, Satellite Town, Rawalpindi",Rawalpindi,Punjab,2024-05-10,2024,Audi A6,2000,Private,34391024
QTA-2016-7346,61101-1000142-4,Chaudhry Ali Raza,"House 978, Street 9, Gulshan-e-Iqbal, Karachi",Karachi,Sindh,2016-09-26,2016,Toyota Land Cruiser,4600,Commercial,65526162
ICT-2022-8752,61101-1000142-4,Chaudhry Ali Raza,"House 978, Street 9, Gulshan-e-Iqbal, Karachi",Karachi,Sindh,2022-12-17,2022,Toyota Prado,2700,Luxury,38550954
LEA-2024-8498,42101-1000355-5,Usman Malik Sahib,"House 626, Street 34, Clifton, Karachi",Karachi,Sindh,2024-08-01,2024,Suzuki Mehran,800,Commercial,996109
QTA-2019-2135,42101-1001232-4,A. Khan,"House 23, Street 34, Nazimabad, Karachi",Karachi,Sindh,2019-01-25,2019,Suzuki Alto,660,Commercial,2012481
FSD-2026-4749,35202-1000376-2,M. Malik,"House 679, Street 9, Gulberg, Faisalabad",Faisalabad,Punjab,2026-11-02,2026,Honda Civic,1800,Private,6538678
LEA-2022-9965,42101-1001847-9,Chaudhry Ahmed Baig,"House 474, Street 19, Gulberg, Lahore",Lahore,Punjab,2022-05-16,2022,Honda Civic,1800,Luxury,9608836
FSD-2016-4276,42101-1001847-9,Chaudhry Ahmed Baig,"House 474, Street 19, Gulberg, Lahore",Lahore,Punjab,2016-10-18,2016,Suzuki Mehran,800,Private,685837
LEA-2025-8782,42101-1001847-9,A. Baig,"House 474, Street 19, Gulberg, Lahore",Lahore,Punjab,2025-08-11,2025,Suzuki Alto,660,Imported,1575308
QTA-2016-5889,61101-1001827-9,Ayesha Khan Sahib,"House 962, Street 12, Gulberg, Lahore",Lahore,Punjab,2016-11-28,2016,Audi A6,2000,Commercial,35864669
LEA-2022-1544,33100-1000050-0,D. Butt,"House 459, Street 23, People Colony, Faisalabad",Faisalabad,Punjab,2022-06-08,2022,Honda Civic,1800,Luxury,10206784
LEA-2022-1704,33100-1000050-0,Danish Butt,"House 459, Street 23, People Colony, Faisalabad",Faisalabad,Punjab,2022-06-28,2022,Mercedes E Class,2000,Private,36978516
RWP-2021-6063,33100-1000050-0,Chaudhry Danish Butt,"House 459, Street 23, People Colony, Faisalabad",Faisalabad,Punjab,2021-08-18,2021,Toyota Land Cruiser,4600,Imported,55783736
FSD-2019-6407,17301-1000949-3,Chaudhry Bilal Ahmed,"House 974, Street 24, Clifton, Karachi",Karachi,Sindh,2019-03-05,2019,Honda Civic,1800,Imported,9175795
KHI-2022-8147,17301-1000335-5,Chaudhry Imran Siddiqui,"House 958, Street 22, F-10, Islamabad",Islamabad,Islamabad,2022-02-03,2022,Honda Civic,1800,Luxury,7865699
PES-2017-8777,33100-1000070-0,Waseem Akram,"House 166, Street 30, Bosan Road, Multan",Multan,Punjab,2017-09-19,2017,Honda Civic,1800,Private,7365057
FSD-2023-3914,33100-1000070-0,W. Akram,"House 166, Street 30, Bosan Road, Multan",Multan,Punjab,2023-02-26,2023,Honda Civic,1800,Luxury,9883120
PES-2016-4672,33100-1000070-0,W. Akram,"House 166, Street 30, Bosan Road, Multan",Multan,Punjab,2016-04-12,2016,Honda Civic,1800,Private,7113698
PES-2019-8636,33100-1000070-0,W. Akram,"House 166, Street 30, Bosan Road, Multan",Multan,Punjab,2019-11-20,2019,Toyota Corolla,1300,Private,4673124
FSD-2020-8512,17301-1000883-1,F. Ali,"House 67, Street 33, D Ground, Faisalabad",Faisalabad,Punjab,2020-12-21,2020,BMW 5 Series,3000,Private,41312657
LEA-2020-5153,17301-1000883-1,Chaudhry Fatima Ali,"House 67, Street 33, D Ground, Faisalabad",Faisalabad,Punjab,2020-08-16,2020,Kia Sportage,2000,Commercial,14050889
MUL-2020-8370,54400-1001388-6,A. Iqbal,"House 999, Street 26, DHA Multan, Multan",Multan,Punjab,2020-08-25,2020,Honda Civic,1800,Imported,9982073
MUL-2025-9681,17301-1001382-4,Chaudhry Maham Tariq,"House 223, Street 23, Peoples Colony, Gujranwala",Gujranwala,Punjab,2025-01-30,2025,Suzuki Alto,660,Commercial,1712480
KHI-2026-9963,35202-1000237-9,Ahmed Baig Sahib,"House 178, Street 6, Satellite Town, Rawalpindi",Rawalpindi,Punjab,2026-04-06,2026,Mercedes E Class,2000,Commercial,45545383
PES-2020-5284,45501-1001431-7,Naveed Raza,"House 816, Street 19, Madina Town, Faisalabad",Faisalabad,Punjab,2020-03-07,2020,Suzuki Mehran,800,Commercial,949621
QTA-2019-5712,61101-1000978-6,S. Butt,"House 865, Street 30, Bahadurabad, Karachi",Karachi,Sindh,2019-09-06,2019,Hyundai Tucson,2000,Luxury,12215007
LEA-2023-3188,45501-1001338-6,Fatima Ali Sahib,"House 945, Street 22, Model Town, Gujranwala",Gujranwala,Punjab,2023-03-01,2023,Suzuki Mehran,800,Commercial,832309
LEA-2016-9288,42101-1000064-8,Nida Hussain Sahib,"House 71, Street 28, Satellite Town, Quetta",Quetta,Balochistan,2016-03-30,2016,Honda Civic,1800,Luxury,9196470
QTA-2017-6840,61101-1001089-3,Bilal Ahmed Sahib,"House 574, Street 14, New Pind, Sukkur",Sukkur,Sindh,2017-10-03,2017,Toyota Land Cruiser,4600,Commercial,77604217
ICT-2018-2482,33100-1000211-7,Muhammad Ahmed,"House 316, Street 18, Civil Lines, Gujranwala",Gujranwala,Punjab,2018-01-06,2018,Toyota Corolla,1300,Commercial,4540649
MUL-2022-5925,54400-1000579-3,Rabia Noor,"House 550, Street 31, DHA Multan, Multan",Multan,Punjab,2022-01-09,2022,Honda Civic,1800,Luxury,9194086
ICT-2019-2704,54400-1000579-3,Rabia Noor,"House 550, Street 31, DHA Multan, Multan",Multan,Punjab,2019-02-04,2019,Suzuki Alto,660,Private,2058987
ICT-2024-9192,54400-1000579-3,R. Noor,"House 550, Street 31, DHA Multan, Multan",Multan,Punjab,2024-09-03,2024,Audi A6,2000,Private,38172940
ICT-2016-1440,61101-1000730-0,Huma Ghani,"House 375, Street 16, Warsak Road, Peshawar",Peshawar,KPK,2016-05-28,2016,Suzuki Alto,660,Commercial,2113283
QTA-2025-7245,45501-1001623-1,Hira Shah Sahib,"House 993, Street 25, Brewery Road, Quetta",Quetta,Balochistan,2025-04-25,2025,Suzuki Alto,660,Commercial,1669901
LEA-2016-2615,45501-1001623-1,Hira Shah Sahib,"House 993, Street 25, Brewery Road, Quetta",Quetta,Balochistan,2016-12-05,2016,Toyota Corolla,1300,Commercial,4897711
PES-2020-6091,42101-1000714-8,Nimra Aslam Sahib,"House 325, Street 14, Brewery Road, Quetta",Quetta,Balochistan,2020-01-21,2020,Toyota Prado,2700,Commercial,30403656
QTA-2016-5873,17301-1000631-7,Muhammad Ahmed Sahib,"House 490, Street 35, Jinnah Town, Quetta",Quetta,Balochistan,2016-10-27,2016,Suzuki Mehran,800,Luxury,1040115
PES-2018-6660,42101-1001540-0,Waseem Akram,"House 800, Street 9, Gulberg, Faisalabad",Faisalabad,Punjab,2018-11-15,2018,Honda Civic,1800,Commercial,8023858
QTA-2021-5444,42101-1001540-0,Waseem Akram Sahib,"House 800, Street 9, Gulberg, Faisalabad",Faisalabad,Punjab,2021-01-14,2021,Suzuki Alto,660,Imported,2117204
PES-2023-8732,45501-1001027-9,Umer Farooq,"House 546, Street 9, Bahria Town, Rawalpindi",Rawalpindi,Punjab,2023-06-05,2023,Hyundai Tucson,2000,Imported,9743702
MUL-2022-7844,33100-1000329-3,Nimra Aslam,"House 589, Street 5, Brewery Road, Quetta",Quetta,Balochistan,2022-07-25,2022,Suzuki Alto,660,Imported,1464512
ICT-2023-1497,45501-1000796-2,Mariam Malik,"House 403, Street 29, Gulgasht, Multan",Multan,Punjab,2023-09-23,2023,Suzuki Alto,660,Commercial,1529338
QTA-2016-1896,17301-1000879-3,B. Ahmed,"House 966, Street 32, Military Road, Sukkur",Sukkur,Sindh,2016-03-09,2016,Suzuki Alto,660,Imported,1977384
RWP-2021-2149,17301-1000879-3,Bilal Ahmed,"House 966, Street 32, Military Road, Sukkur",Sukkur,Sindh,2021-05-18,2021,Suzuki Mehran,800,Commercial,1105272
RWP-2017-4701,17301-1000879-3,Bilal Ahmed,"House 966, Street 32, Military Road, Sukkur",Sukkur,Sindh,2017-09-06,2017,Hyundai Tucson,2000,Commercial,14035223
ICT-2016-1812,17301-1000023-1,Asad Iqbal,"House 39, Street 21, Model Town, Gujranwala",Gujranwala,Punjab,2016-11-26,2016,Kia Sportage,2000,Commercial,9148991
PES-2018-5990,17301-1000023-1,A. Iqbal,"House 39, Street 21, Model Town, Gujranwala",Gujranwala,Punjab,2018-08-31,2018,Toyota Corolla,1300,Luxury,6002554
LEA-2026-2909,17301-1000023-1,Chaudhry Asad Iqbal,"House 39, Street 21, Model Town, Gujranwala",Gujranwala,Punjab,2026-07-24,2026,Toyota Land Cruiser,4600,Private,57586870
FSD-2020-8094,17301-1000023-1,Asad Iqbal,"House 39, Street 21, Model Town, Gujranwala",Gujranwala,Punjab,2020-04-02,2020,Mercedes E Class,2000,Imported,38325244
MUL-2023-3718,45501-1001194-8,Bilal Ahmed,"House 557, Street 31, Saddar, Hyderabad",Hyderabad,Sindh,2023-02-19,2023,Toyota Corolla,1300,Imported,5297112
ICT-2017-6317,45501-1001194-8,B. Ahmed,"House 557, Street 31, Saddar, Hyderabad",Hyderabad,Sindh,2017-08-02,2017,Honda Civic,1800,Luxury,7921188
PES-2022-7755,33100-1001444-8,Sana Iqbal Sahib,"House 566, Street 35, Rohri, Sukkur",Sukkur,Sindh,2022-07-11,2022,BMW 5 Series,3000,Imported,33586322
MUL-2026-5753,33100-1001444-8,S. Iqbal,"House 566, Street 35, Rohri, Sukkur",Sukkur,Sindh,2026-12-29,2026,Toyota Land Cruiser,4600,Private,51902370
PES-2024-7640,33100-1001444-8,Sana Iqbal,"House 566, Street 35, Rohri, Sukkur",Sukkur,Sindh,2024-07-08,2024,Kia Sportage,2000,Imported,10570804
RWP-2017-9085,35202-1001215-5,Sara Ahmed,"House 76, Street 21, Saddar, Hyderabad",Hyderabad,Sindh,2017-10-03,2017,Honda Civic,1800,Private,9210408
KHI-2020-7267,35202-1001215-5,Sara Ahmed,"House 76, Street 21, Saddar, Hyderabad",Hyderabad,Sindh,2020-09-25,2020,Suzuki Mehran,800,Imported,1124823
RWP-2022-8704,35202-1001678-6,S. Butt,"House 622, Street 32, University Road, Peshawar",Peshawar,KPK,2022-10-17,2022,Mercedes E Class,2000,Commercial,43081739
KHI-2026-6078,33100-1001317-9,Muneeb Akhtar,"House 585, Street 8, New Pind, Sukkur",Sukkur,Sindh,2026-03-19,2026,Toyota Corolla,1300,Commercial,4676572
PES-2017-9854,33100-1001317-9,Muneeb Akhtar Sahib,"House 585, Street 8, New Pind, Sukkur",Sukkur,Sindh,2017-03-28,2017,Audi A6,2000,Private,37480998
KHI-2020-1276,17301-1001838-6,Chaudhry Kashif Javed,"House 305, Street 32, Gulbahar, Peshawar",Peshawar,KPK,2020-11-23,2020,Suzuki Alto,660,Private,1681264
FSD-2026-5825,17301-1001838-6,Kashif Javed,"House 305, Street 32, Gulbahar, Peshawar",Peshawar,KPK,2026-11-19,2026,Suzuki Mehran,800,Commercial,889201
ICT-2023-5059,61101-1000088-6,K. Javed,"House 389, Street 9, Saddar, Hyderabad",Hyderabad,Sindh,2023-12-30,2023,Suzuki Mehran,800,Commercial,747014
QTA-2026-9935,54400-1001470-0,Waseem Akram,"House 862, Street 21, Gulshan-e-Iqbal, Karachi",Karachi,Sindh,2026-11-01,2026,Suzuki Mehran,800,Commercial,869413
LEA-2023-8197,42101-1000583-1,Asad Iqbal Sahib,"House 553, Street 4, Civil Lines, Gujranwala",Gujranwala,Punjab,2023-04-01,2023,BMW 5 Series,3000,Luxury,40232709
KHI-2022-4666,61101-1001400-0,W. Akram,"House 930, Street 15, Barrage Road, Sukkur",Sukkur,Sindh,2022-10-10,2022,Honda Civic,1800,Imported,9795929
MUL-2020-2940,61101-1001400-0,W. Akram,"House 930, Street 15, Barrage Road, Sukkur",Sukkur,Sindh,2020-05-20,2020,Honda Civic,1800,Imported,8425787
ICT-2024-6219,17301-1001581-7,Hamza Sheikh Sahib,"House 950, Street 19, Barrage Road, Sukkur",Sukkur,Sindh,2024-10-02,2024,BMW 5 Series,3000,Luxury,43870767
RWP-2023-3075,45501-1001601-7,Chaudhry Mariam Malik,"House 366, Street 22, Jinnah Town, Quetta",Quetta,Balochistan,2023-01-15,2023,Toyota Corolla,1300,Luxury,5397879
MUL-2025-9408,61101-1000841-7,M. Ahmed,"House 510, Street 9, DHA Phase 6, Karachi",Karachi,Sindh,2025-12-28,2025,Suzuki Mehran,800,Imported,699371
FSD-2021-6101,61101-1000841-7,Chaudhry Muhammad Ahmed,"House 510, Street 9, DHA Phase 6, Karachi",Karachi,Sindh,2021-02-24,2021,Mercedes E Class,2000,Private,37526073
KHI-2026-6604,42101-1001593-1,Chaudhry Kashif Javed,"House 638, Street 30, Hussainabad, Hyderabad",Hyderabad,Sindh,2026-11-16,2026,BMW 5 Series,3000,Luxury,40452025
PES-2026-9054,54400-1000586-2,Mariam Malik Sahib,"House 812, Street 33, Satellite Town, Gujranwala",Gujranwala,Punjab,2026-02-11,2026,Toyota Prado,2700,Commercial,31036704
QTA-2025-5435,61101-1001888-6,Shazia Butt,"House 188, Street 29, People Colony, Faisalabad",Faisalabad,Punjab,2025-05-07,2025,Toyota Corolla,1300,Luxury,4258960
FSD-2023-6062,17301-1001619-3,Sana Iqbal,"House 619, Street 34, PWD, Rawalpindi",Rawalpindi,Punjab,2023-06-16,2023,Toyota Corolla,1300,Private,5539646
MUL-2017-8844,61101-1000819-3,N. Aslam,"House 638, Street 14, Latifabad, Hyderabad",Hyderabad,Sindh,2017-06-11,2017,Honda Civic,1800,Imported,7088899
LEA-2023-7694,35202-1001272-4,Umer Farooq,"House 326, Street 24, Hayatabad, Peshawar",Peshawar,KPK,2023-11-16,2023,Suzuki Alto,660,Private,1924251
MUL-2019-1336,35202-1001272-4,Umer Farooq,"House 326, Street 24, Hayatabad, Peshawar",Peshawar,KPK,2019-04-28,2019,Toyota Land Cruiser,4600,Imported,72389933
RWP-2026-6347,17301-1000065-5,Huma Ghani Sahib,"House 147, Street 13, G-11, Islamabad",Islamabad,Islamabad,2026-03-19,2026,BMW 5 Series,3000,Commercial,50125757
MUL-2019-9772,17301-1000065-5,H. Ghani,"House 147, Street 13, G-11, Islamabad",Islamabad,Islamabad,2019-12-28,2019,Kia Sportage,2000,Imported,9274096
RWP-2021-5839,61101-1001945-5,Chaudhry Imran Siddiqui,"House 511, Street 9, Rohri, Sukkur",Sukkur,Sindh,2021-07-19,2021,Suzuki Alto,660,Private,1745629
LEA-2019-7056,61101-1001945-5,Imran Siddiqui,"House 511, Street 9, Rohri, Sukkur",Sukkur,Sindh,2019-03-01,2019,Suzuki Mehran,800,Private,884830
MUL-2017-2442,42101-1000555-5,Chaudhry Huma Ghani,"House 486, Street 19, Hayatabad, Peshawar",Peshawar,KPK,2017-12-07,2017,Honda Civic,1800,Imported,7438812
QTA-2020-9389,42101-1000555-5,H. Ghani,"House 486, Street 19, Hayatabad, Peshawar",Peshawar,KPK,2020-10-27,2020,Hyundai Tucson,2000,Luxury,12061832
PES-2026-9318,35202-1001657-9,Umer Farooq,"House 244, Street 15, Warsak Road, Peshawar",Peshawar,KPK,2026-06-30,2026,Toyota Corolla,1300,Commercial,4225271
ICT-2026-7956,42101-1000067-9,Khalid Malik,"House 432, Street 21, Bahadurabad, Karachi",Karachi,Sindh,2026-09-20,2026,Suzuki Mehran,800,Commercial,815033
RWP-2019-1568,45501-1001513-1,Fatima Ali,"House 180, Street 2, People Colony, Faisalabad",Faisalabad,Punjab,2019-07-16,2019,Toyota Land Cruiser,4600,Commercial,51766902
QTA-2016-1296,61101-1001022-4,Ayesha Khan,"House 387, Street 15, DHA Multan, Multan",Multan,Punjab,2016-01-29,2016,Toyota Prado,2700,Private,42967137
QTA-2017-8725,61101-1001696-2,Fahad Mirza,"House 595, Street 26, DHA Multan, Multan",Multan,Punjab,2017-12-17,2017,Suzuki Mehran,800,Commercial,927808
KHI-2026-5620,61101-1000038-6,H. Khan,"House 577, Street 35, Johar Town, Lahore",Lahore,Punjab,2026-11-15,2026,Mercedes E Class,2000,Commercial,30810422
QTA-2025-1137,61101-1000038-6,H. Khan,"House 577, Street 35, Johar Town, Lahore",Lahore,Punjab,2025-02-11,2025,Hyundai Tucson,2000,Commercial,10965974
MUL-2019-3631,33100-1001689-3,S. Iqbal,"House 747, Street 22, Model Town, Gujranwala",Gujranwala,Punjab,2019-06-01,2019,Suzuki Alto,660,Commercial,2030132
QTA-2023-5927,33100-1001689-3,S. Iqbal,"House 747, Street 22, Model Town, Gujranwala",Gujranwala,Punjab,2023-11-19,2023,Suzuki Alto,660,Imported,1956148
MUL-2023-4084,17301-1000814-8,S. Iqbal,"House 107, Street 24, G-11, Islamabad",Islamabad,Islamabad,2023-02-04,2023,Suzuki Mehran,800,Imported,1123275
KHI-2022-1530,17301-1000814-8,Chaudhry Sana Iqbal,"House 107, Street 24, G-11, Islamabad",Islamabad,Islamabad,2022-03-25,2022,Honda Civic,1800,Private,8418073
MUL-2018-7499,17301-1000814-8,S. Iqbal,"House 107, Street 24, G-11, Islamabad",Islamabad,Islamabad,2018-12-29,2018,Honda Civic,1800,Private,8393160
LEA-2024-2101,42101-1000101-7,Naveed Raza Sahib,"House 868, Street 8, Bahadurabad, Karachi",Karachi,Sindh,2024-10-22,2024,Audi A6,2000,Commercial,43754388
FSD-2018-9751,61101-1001081-7,N. Raza,"House 226, Street 33, Cantt, Multan",Multan,Punjab,2018-09-17,2018,Toyota Corolla,1300,Imported,5312574
RWP-2018-2793,35202-1000680-0,Danish Butt,"House 974, Street 17, Bahria Town, Rawalpindi",Rawalpindi,Punjab,2018-02-26,2018,Toyota Land Cruiser,4600,Imported,51474123
PES-2020-4350,45501-1001656-2,Chaudhry Saad Qureshi,"House 956, Street 31, Cantt, Multan",Multan,Punjab,2020-12-23,2020,Honda Civic,1800,Commercial,8280571
ICT-2020-6606,42101-1000740-0,Usman Malik,"House 684, Street 27, Cantt, Multan",Multan,Punjab,2020-11-02,2020,Suzuki Alto,660,Imported,2119056
LEA-2025-9590,42101-1000740-0,U. Malik,"House 684, Street 27, Cantt, Multan",Multan,Punjab,2025-07-12,2025,Honda Civic,1800,Imported,9208865
LEA-2021-6940,33100-1001541-7,M. Ahmed,"House 100, Street 6, DHA Phase 2, Islamabad",Islamabad,Islamabad,2021-03-07,2021,Toyota Corolla,1300,Luxury,5377636
LEA-2025-2467,33100-1001541-7,Muhammad Ahmed,"House 100, Street 6, DHA Phase 2, Islamabad",Islamabad,Islamabad,2025-04-14,2025,Kia Sportage,2000,Luxury,12815505
MUL-2020-2153,33100-1001541-7,Muhammad Ahmed,"House 100, Street 6, DHA Phase 2, Islamabad",Islamabad,Islamabad,2020-08-26,2020,Honda Civic,1800,Private,7216847
KHI-2026-7221,33100-1001541-7,Muhammad Ahmed Sahib,"House 100, Street 6, DHA Phase 2, Islamabad",Islamabad,Islamabad,2026-07-18,2026,Honda Civic,1800,Luxury,9100357
KHI-2017-4753,54400-1001691-7,Saad Qureshi,"House 645, Street 18, Bosan Road, Multan",Multan,Punjab,2017-06-13,2017,Toyota Corolla,1300,Luxury,6544004
LEA-2021-5414,35202-1000846-2,Hamza Sheikh,"House 866, Street 16, Gulberg, Lahore",Lahore,Punjab,2021-10-29,2021,Toyota Corolla,1300,Luxury,6680774
ICT-2022-6959,35202-1000846-2,H. Sheikh,"House 866, Street 16, Gulberg, Lahore",Lahore,Punjab,2022-09-27,2022,Toyota Prado,2700,Commercial,32168041
MUL-2023-9408,35202-1000846-2,Hamza Sheikh,"House 866, Street 16, Gulberg, Lahore",Lahore,Punjab,2023-01-14,2023,Honda Civic,1800,Imported,9987771
KHI-2023-2407,35202-1000846-2,H. Sheikh,"House 866, Street 16, Gulberg, Lahore",Lahore,Punjab,2023-10-16,2023,Suzuki Alto,660,Commercial,1403559
FSD-2023-2815,45501-1001624-8,Nimra Aslam,"House 638, Street 12, Cantt, Quetta",Quetta,Balochistan,2023-06-16,2023,Suzuki Alto,660,Luxury,2032741
QTA-2017-7024,35202-1000761-7,Mariam Malik,"House 857, Street 35, Queens Road, Sukkur",Sukkur,Sindh,2017-08-30,2017,Honda Civic,1800,Commercial,8350291
MUL-2025-8743,35202-1000761-7,Mariam Malik,"House 857, Street 35, Queens Road, Sukkur",Sukkur,Sindh,2025-01-10,2025,Toyota Land Cruiser,4600,Private,75049378
MUL-2024-3559,35202-1000761-7,Mariam Malik Sahib,"House 857, Street 35, Queens Road, Sukkur",Sukkur,Sindh,2024-09-26,2024,Suzuki Alto,660,Private,2095783
MUL-2020-7503,35202-1000761-7,Mariam Malik Sahib,"House 857, Street 35, Queens Road, Sukkur",Sukkur,Sindh,2020-03-23,2020,Suzuki Mehran,800,Imported,916752
PES-2016-3842,61101-1000252-4,Ayesha Khan,"House 183, Street 13, Barrage Road, Sukkur",Sukkur,Sindh,2016-01-12,2016,Honda Civic,1800,Luxury,9056400
FSD-2025-3557,61101-1001608-6,Shazia Butt,"House 507, Street 18, Gulgasht, Multan",Multan,Punjab,2025-12-15,2025,Toyota Corolla,1300,Imported,6204857
FSD-2019-9811,45501-1000867-9,Ahmed Baig,"House 763, Street 14, Rohri, Sukkur",Sukkur,Sindh,2019-04-27,2019,BMW 5 Series,3000,Luxury,40404170
QTA-2021-8269,35202-1001217-9,A. Baig,"House 900, Street 29, Model Town, Gujranwala",Gujranwala,Punjab,2021-06-24,2021,Suzuki Alto,660,Luxury,1980588
QTA-2018-7386,17301-1000356-2,Hamza Sheikh,"House 709, Street 15, Bahria Town, Lahore",Lahore,Punjab,2018-12-02,2018,Suzuki Mehran,800,Imported,1004731
FSD-2020-1121,54400-1000413-1,Kamran Qureshi,"House 788, Street 12, Clifton, Karachi",Karachi,Sindh,2020-10-01,2020,Suzuki Alto,660,Commercial,1547498
KHI-2020-2890,42101-1001324-8,N. Hussain,"House 341, Street 23, Rohri, Sukkur",Sukkur,Sindh,2020-03-29,2020,Suzuki Alto,660,Private,2205544
MUL-2018-6245,35202-1000035-5,Waseem Akram,"House 917, Street 21, Satellite Town, Rawalpindi",Rawalpindi,Punjab,2018-12-14,2018,Suzuki Alto,660,Private,1933394
MUL-2018-3080,35202-1000035-5,W. Akram,"House 917, Street 21, Satellite Town, Rawalpindi",Rawalpindi,Punjab,2018-02-02,2018,Suzuki Mehran,800,Commercial,720351
RWP-2024-4755,42101-1001181-7,Mariam Malik Sahib,"House 683, Street 4, Brewery Road, Quetta",Quetta,Balochistan,2024-09-25,2024,Mercedes E Class,2000,Imported,44081543
RWP-2021-6240,42101-1001181-7,Mariam Malik,"House 683, Street 4, Brewery Road, Quetta",Quetta,Balochistan,2021-07-29,2021,Toyota Prado,2700,Luxury,37143777
FSD-2024-9657,33100-1000212-4,A. Raza,"House 410, Street 21, Latifabad, Hyderabad",Hyderabad,Sindh,2024-07-26,2024,Suzuki Mehran,800,Luxury,1118428
PES-2026-2468,33100-1000212-4,Ali Raza Sahib,"House 410, Street 21, Latifabad, Hyderabad",Hyderabad,Sindh,2026-06-23,2026,Toyota Corolla,1300,Commercial,5638363
KHI-2019-6341,61101-1001809-3,Chaudhry Laiba Khan,"House 836, Street 31, Gulshan-e-Iqbal, Karachi",Karachi,Sindh,2019-12-16,2019,Honda Civic,1800,Commercial,7353333
LEA-2016-1817,61101-1001809-3,L. Khan,"House 836, Street 31, Gulshan-e-Iqbal, Karachi",Karachi,Sindh,2016-11-15,2016,BMW 5 Series,3000,Luxury,40895318
MUL-2022-3468,61101-1001809-3,Laiba Khan,"House 836, Street 31, Gulshan-e-Iqbal, Karachi",Karachi,Sindh,2022-12-01,2022,Toyota Corolla,1300,Commercial,6445912
QTA-2019-6645,45501-1001299-3,B. Ahmed,"House 860, Street 2, Shah Rukn-e-Alam, Multan",Multan,Punjab,2019-06-05,2019,Hyundai Tucson,2000,Luxury,10039962
FSD-2018-7007,45501-1001299-3,B. Ahmed,"House 860, Street 2, Shah Rukn-e-Alam, Multan",Multan,Punjab,2018-02-24,2018,Mercedes E Class,2000,Private,40541692
FSD-2021-1933,45501-1001299-3,Bilal Ahmed Sahib,"House 860, Street 2, Shah Rukn-e-Alam, Multan",Multan,Punjab,2021-11-25,2021,Audi A6,2000,Private,39522166
MUL-2022-4507,45501-1001299-3,B. Ahmed,"House 860, Street 2, Shah Rukn-e-Alam, Multan",Multan,Punjab,2022-08-08,2022,BMW 5 Series,3000,Commercial,37786418
KHI-2026-3107,45501-1000764-8,Chaudhry Nida Hussain,"House 938, Street 21, Civil Lines, Gujranwala",Gujranwala,Punjab,2026-12-22,2026,Honda Civic,1800,Private,8503523
QTA-2025-7362,54400-1001920-0,H. Ghani,"House 777, Street 23, Saddar, Hyderabad",Hyderabad,Sindh,2025-02-25,2025,Honda Civic,1800,Commercial,7306196
KHI-2022-7398,54400-1001920-0,Huma Ghani,"House 777, Street 23, Saddar, Hyderabad",Hyderabad,Sindh,2022-02-18,2022,Suzuki Mehran,800,Luxury,684069
QTA-2019-5284,54400-1001920-0,Huma Ghani,"House 777, Street 23, Saddar, Hyderabad",Hyderabad,Sindh,2019-03-12,2019,Suzuki Alto,660,Luxury,1990855
PES-2022-8666,54400-1001920-0,H. Ghani,"House 777, Street 23, Saddar, Hyderabad",Hyderabad,Sindh,2022-01-27,2022,Honda Civic,1800,Luxury,8734117
ICT-2023-2686,42101-1001651-7,Hamza Sheikh,"House 603, Street 19, F-10, Islamabad",Islamabad,Islamabad,2023-07-14,2023,Toyota Corolla,1300,Private,6152722
LEA-2020-8952,42101-1000785-5,Chaudhry Danish Butt,"House 405, Street 31, Hayatabad, Peshawar",Peshawar,KPK,2020-06-06,2020,Audi A6,2000,Commercial,39980981
QTA-2022-6226,42101-1000785-5,Chaudhry Danish Butt,"House 405, Street 31, Hayatabad, Peshawar",Peshawar,KPK,2022-01-09,2022,Honda Civic,1800,Private,9038247
MUL-2022-3707,17301-1001464-8,Nida Hussain Sahib,"House 34, Street 17, Peoples Colony, Gujranwala",Gujranwala,Punjab,2022-01-05,2022,Suzuki Alto,660,Luxury,1868144
QTA-2016-9566,17301-1001464-8,Nida Hussain,"House 34, Street 17, Peoples Colony, Gujranwala",Gujranwala,Punjab,2016-09-02,2016,Suzuki Mehran,800,Private,899103
PES-2022-3195,17301-1001464-8,Nida Hussain Sahib,"House 34, Street 17, Peoples Colony, Gujranwala",Gujranwala,Punjab,2022-12-23,2022,Kia Sportage,2000,Luxury,14578754
MUL-2025-4759,17301-1001464-8,Nida Hussain,"House 34, Street 17, Peoples Colony, Gujranwala",Gujranwala,Punjab,2025-12-27,2025,Suzuki Alto,660,Commercial,1525579
LEA-2026-9200,42101-1001767-9,Chaudhry Maham Tariq,"House 605, Street 8, Peoples Colony, Gujranwala",Gujranwala,Punjab,2026-12-04,2026,Suzuki Alto,660,Commercial,1717625
RWP-2019-5758,17301-1000481-7,Chaudhry Mariam Malik,"House 517, Street 14, Jinnah Town, Quetta",Quetta,Balochistan,2019-09-02,2019,BMW 5 Series,3000,Commercial,48353323
FSD-2018-9314,17301-1001746-2,Naveed Raza Sahib,"House 625, Street 21, G-11, Islamabad",Islamabad,Islamabad,2018-11-29,2018,Toyota Land Cruiser,4600,Imported,79949087
RWP-2022-6351,17301-1001746-2,Naveed Raza,"House 625, Street 21, G-11, Islamabad",Islamabad,Islamabad,2022-01-10,2022,Kia Sportage,2000,Imported,13814765
QTA-2018-4500,17301-1001746-2,Chaudhry Naveed Raza,"House 625, Street 21, G-11, Islamabad",Islamabad,Islamabad,2018-02-08,2018,Toyota Land Cruiser,4600,Luxury,61786269
PES-2023-4064,17301-1001746-2,Naveed Raza,"House 625, Street 21, G-11, Islamabad",Islamabad,Islamabad,2023-07-28,2023,Audi A6,2000,Imported,43541005
LEA-2020-5808,54400-1000839-3,Amna Chaudhry,"House 499, Street 1, Gulgasht, Multan",Multan,Punjab,2020-01-02,2020,Honda Civic,1800,Imported,7691933
KHI-2024-2628,54400-1000839-3,Chaudhry Amna Chaudhry,"House 499, Street 1, Gulgasht, Multan",Multan,Punjab,2024-02-27,2024,Honda Civic,1800,Private,9859307
RWP-2021-5422,54400-1000839-3,A. Chaudhry,"House 499, Street 1, Gulgasht, Multan",Multan,Punjab,2021-06-20,2021,Suzuki Mehran,800,Imported,688171
PES-2022-5067,45501-1001587-9,Umer Farooq,"House 329, Street 2, Bahadurabad, Karachi",Karachi,Sindh,2022-12-18,2022,Suzuki Mehran,800,Private,815368
QTA-2016-2936,45501-1001587-9,Umer Farooq,"House 329, Street 2, Bahadurabad, Karachi",Karachi,Sindh,2016-02-06,2016,Audi A6,2000,Private,38698337
KHI-2024-5149,45501-1001587-9,Umer Farooq,"House 329, Street 2, Bahadurabad, Karachi",Karachi,Sindh,2024-04-21,2024,Toyota Prado,2700,Commercial,35496987
KHI-2018-4122,35202-1000131-7,Chaudhry Mariam Malik,"House 250, Street 7, Jinnah Town, Quetta",Quetta,Balochistan,2018-01-13,2018,Toyota Land Cruiser,4600,Private,76139160
PES-2026-9875,42101-1001115-5,H. Ghani,"House 651, Street 11, Cantt, Quetta",Quetta,Balochistan,2026-10-18,2026,Honda Civic,1800,Luxury,7222483
KHI-2025-5900,45501-1000955-5,Z. Ahmed,"House 863, Street 17, Bahria Town, Rawalpindi",Rawalpindi,Punjab,2025-11-28,2025,Audi A6,2000,Luxury,32161817
MUL-2018-7206,45501-1000955-5,Zainab Ahmed,"House 863, Street 17, Bahria Town, Rawalpindi",Rawalpindi,Punjab,2018-04-29,2018,Toyota Corolla,1300,Private,5553863
MUL-2023-1669,45501-1001634-8,Laiba Khan,"House 945, Street 1, Saddar, Rawalpindi",Rawalpindi,Punjab,2023-09-05,2023,Suzuki Mehran,800,Luxury,1092344
KHI-2025-9929,45501-1001634-8,Laiba Khan Sahib,"House 945, Street 1, Saddar, Rawalpindi",Rawalpindi,Punjab,2025-04-04,2025,Honda Civic,1800,Commercial,9743509
KHI-2020-8701,17301-1001880-0,Sara Ahmed,"House 55, Street 13, Jinnah Town, Quetta",Quetta,Balochistan,2020-03-14,2020,Mercedes E Class,2000,Private,47150984
ICT-2023-4276,54400-1000145-5,Usman Malik,"House 440, Street 26, Satellite Town, Quetta",Quetta,Balochistan,2023-11-16,2023,Toyota Land Cruiser,4600,Commercial,78739508
KHI-2019-1402,54400-1000900-0,Sara Ahmed,"House 434, Street 26, Civil Lines, Gujranwala",Gujranwala,Punjab,2019-06-20,2019,Mercedes E Class,2000,Private,35443899
QTA-2017-9094,54400-1000900-0,S. Ahmed,"House 434, Street 26, Civil Lines, Gujranwala",Gujranwala,Punjab,2017-01-09,2017,Suzuki Mehran,800,Private,966077
ICT-2024-1000,35202-1000281-7,Muhammad Ahmed,"House 314, Street 32, Nazimabad, Karachi",Karachi,Sindh,2024-03-30,2024,Toyota Corolla,1300,Imported,5966126
MUL-2019-6876,45501-1001462-4,Chaudhry Ahmed Baig,"House 273, Street 29, Jinnah Town, Quetta",Quetta,Balochistan,2019-09-13,2019,Suzuki Mehran,800,Private,870127
QTA-2017-6958,42101-1000595-5,W. Akram,"House 950, Street 7, People Colony, Faisalabad",Faisalabad,Punjab,2017-06-26,2017,Audi A6,2000,Imported,31619908
ICT-2018-7832,33100-1001614-8,Chaudhry Bilal Ahmed,"House 640, Street 22, Brewery Road, Quetta",Quetta,Balochistan,2018-02-01,2018,Honda Civic,1800,Luxury,8111831
LEA-2019-3617,54400-1000122-4,M. Tariq,"House 787, Street 7, DHA Phase 2, Islamabad",Islamabad,Islamabad,2019-12-31,2019,Toyota Land Cruiser,4600,Commercial,67050496
KHI-2025-2015,35202-1001141-7,T. Hussain,"House 670, Street 12, Bahria Town, Lahore",Lahore,Punjab,2025-10-24,2025,Suzuki Mehran,800,Imported,704885
PES-2016-9244,54400-1000473-1,K. Javed,"House 524, Street 33, Bahria Town, Lahore",Lahore,Punjab,2016-04-11,2016,BMW 5 Series,3000,Private,34691312
LEA-2023-9989,45501-1001832-4,Umer Farooq,"House 475, Street 17, New Pind, Sukkur",Sukkur,Sindh,2023-04-09,2023,Suzuki Mehran,800,Private,866611
MUL-2025-6237,54400-1001006-2,Mariam Malik,"House 907, Street 1, Barrage Road, Sukkur",Sukkur,Sindh,2025-12-20,2025,Suzuki Alto,660,Commercial,1646100
MUL-2016-6369,45501-1000422-4,Chaudhry Ali Raza,"House 495, Street 1, Wapda Town, Gujranwala",Gujranwala,Punjab,2016-03-06,2016,Honda Civic,1800,Imported,8229213
FSD-2019-2487,45501-1000422-4,Ali Raza,"House 495, Street 1, Wapda Town, Gujranwala",Gujranwala,Punjab,2019-02-13,2019,Honda Civic,1800,Commercial,7460280
ICT-2020-7851,45501-1000422-4,A. Raza,"House 495, Street 1, Wapda Town, Gujranwala",Gujranwala,Punjab,2020-10-27,2020,Honda Civic,1800,Luxury,8955940
RWP-2020-4627,45501-1000576-2,Fahad Mirza,"House 408, Street 5, Shah Rukn-e-Alam, Multan",Multan,Punjab,2020-09-08,2020,Honda Civic,1800,Luxury,8355004
FSD-2020-2343,33100-1001893-1,H. Khan,"House 706, Street 34, Bahria Town, Rawalpindi",Rawalpindi,Punjab,2020-09-09,2020,Honda Civic,1800,Private,6409289
MUL-2019-4780,33100-1001998-6,Chaudhry Hassan Khan,"House 957, Street 1, DHA Phase 2, Islamabad",Islamabad,Islamabad,2019-05-15,2019,Audi A6,2000,Imported,39529030
PES-2025-2461,33100-1001998-6,Hassan Khan Sahib,"House 957, Street 1, DHA Phase 2, Islamabad",Islamabad,Islamabad,2025-01-02,2025,Toyota Prado,2700,Commercial,28279852
MUL-2018-7661,33100-1001826-2,Chaudhry Hamza Sheikh,"House 938, Street 3, Saddar, Rawalpindi",Rawalpindi,Punjab,2018-06-14,2018,Honda Civic,1800,Private,9268451
LEA-2019-1296,33100-1001107-9,Muneeb Akhtar Sahib,"House 976, Street 3, Johar Town, Lahore",Lahore,Punjab,2019-11-06,2019,Suzuki Mehran,800,Luxury,927524
QTA-2021-8518,33100-1001107-9,Muneeb Akhtar,"House 976, Street 3, Johar Town, Lahore",Lahore,Punjab,2021-12-18,2021,Suzuki Alto,660,Luxury,2240853
QTA-2022-6576,35202-1001808-6,Chaudhry Asad Iqbal,"House 309, Street 10, Gulgasht, Multan",Multan,Punjab,2022-10-06,2022,Toyota Corolla,1300,Luxury,5933870
PES-2018-9306,35202-1001808-6,Asad Iqbal,"House 309, Street 10, Gulgasht, Multan",Multan,Punjab,2018-07-16,2018,Suzuki Mehran,800,Commercial,741976
ICT-2026-4269,54400-1001292-4,Khalid Malik Sahib,"House 373, Street 15, PWD, Rawalpindi",Rawalpindi,Punjab,2026-08-15,2026,Honda Civic,1800,Imported,6436825
RWP-2021-4423,54400-1001687-9,Chaudhry Ayesha Khan,"House 904, Street 5, Gulshan-e-Iqbal, Karachi",Karachi,Sindh,2021-02-14,2021,Suzuki Alto,660,Private,1758249
RWP-2020-4421,54400-1001687-9,Ayesha Khan,"House 904, Street 5, Gulshan-e-Iqbal, Karachi",Karachi,Sindh,2020-06-01,2020,Toyota Corolla,1300,Private,6069790
FSD-2026-6722,54400-1001687-9,Chaudhry Ayesha Khan,"House 904, Street 5, Gulshan-e-Iqbal, Karachi",Karachi,Sindh,2026-02-24,2026,Suzuki Mehran,800,Commercial,730531
KHI-2022-2004,35202-1001887-9,K. Malik,"House 305, Street 31, DHA Phase 6, Karachi",Karachi,Sindh,2022-02-11,2022,Suzuki Mehran,800,Commercial,879188
RWP-2024-8034,35202-1000466-2,S. Qureshi,"House 165, Street 6, Saddar, Rawalpindi",Rawalpindi,Punjab,2024-04-17,2024,Honda Civic,1800,Imported,8310367
FSD-2021-3001,45501-1000610-0,Chaudhry Danish Butt,"House 728, Street 27, People Colony, Faisalabad",Faisalabad,Punjab,2021-12-05,2021,Toyota Corolla,1300,Luxury,4954640
KHI-2017-4154,54400-1000218-6,Fatima Ali Sahib,"House 728, Street 17, Satellite Town, Quetta",Quetta,Balochistan,2017-12-22,2017,Suzuki Mehran,800,Luxury,1006437
ICT-2023-9861,33100-1000158-6,Kashif Javed,"House 348, Street 31, Satellite Town, Quetta",Quetta,Balochistan,2023-01-16,2023,Toyota Corolla,1300,Luxury,4234778
PES-2022-2318,42101-1001669-3,Laiba Khan Sahib,"House 523, Street 3, University Road, Peshawar",Peshawar,KPK,2022-03-02,2022,Suzuki Mehran,800,Private,1048357
FSD-2021-8457,54400-1000946-2,Muhammad Ahmed,"House 815, Street 33, Civil Lines, Gujranwala",Gujranwala,Punjab,2021-05-10,2021,Kia Sportage,2000,Private,14250890
FSD-2019-3760,17301-1000288-6,F. Ali,"House 426, Street 23, Wapda Town, Gujranwala",Gujranwala,Punjab,2019-10-23,2019,Toyota Corolla,1300,Private,6544777
LEA-2024-7972,17301-1000288-6,F. Ali,"House 426, Street 23, Wapda Town, Gujranwala",Gujranwala,Punjab,2024-03-24,2024,Toyota Corolla,1300,Imported,4575352
FSD-2019-4529,17301-1000288-6,F. Ali,"House 426, Street 23, Wapda Town, Gujranwala",Gujranwala,Punjab,2019-02-22,2019,BMW 5 Series,3000,Luxury,40916570
RWP-2021-4177,17301-1000288-6,Chaudhry Fatima Ali,"House 426, Street 23, Wapda Town, Gujranwala",Gujranwala,Punjab,2021-06-22,2021,Honda Civic,1800,Commercial,10063173
FSD-2016-9763,42101-1001310-0,Chaudhry Danish Butt,"House 349, Street 3, Gulberg, Faisalabad",Faisalabad,Punjab,2016-08-30,2016,Audi A6,2000,Private,41805402
MUL-2023-4990,42101-1001310-0,D. Butt,"House 349, Street 3, Gulberg, Faisalabad",Faisalabad,Punjab,2023-06-13,2023,Toyota Prado,2700,Imported,33757397
LEA-2017-3517,61101-1000201-7,Mariam Malik,"House 810, Street 21, University Road, Peshawar",Peshawar,KPK,2017-06-29,2017,Suzuki Mehran,800,Commercial,980718
ICT-2023-5922,45501-1000292-4,U. Farooq,"House 959, Street 7, Barrage Road, Sukkur",Sukkur,Sindh,2023-07-16,2023,Hyundai Tucson,2000,Imported,14301300
PES-2025-4812,45501-1000292-4,U. Farooq,"House 959, Street 7, Barrage Road, Sukkur",Sukkur,Sindh,2025-07-12,2025,Suzuki Alto,660,Luxury,1392333
KHI-2021-4494,54400-1000930-0,Imran Siddiqui Sahib,"House 647, Street 12, Samungli Road, Quetta",Quetta,Balochistan,2021-10-04,2021,Mercedes E Class,2000,Commercial,42095607
KHI-2025-4686,42101-1000707-9,Ayesha Khan,"House 924, Street 12, Gulgasht, Multan",Multan,Punjab,2025-03-27,2025,Honda Civic,1800,Imported,9988996
ICT-2019-4864,45501-1001438-6,Hassan Khan,"House 756, Street 5, People Colony, Faisalabad",Faisalabad,Punjab,2019-12-17,2019,Honda Civic,1800,Private,7767769
PES-2025-7432,54400-1000847-9,A. Khan,"House 487, Street 20, Gulberg, Lahore",Lahore,Punjab,2025-12-28,2025,Toyota Corolla,1300,Imported,4195527
ICT-2022-4632,45501-1000560-0,Waseem Akram Sahib,"House 647, Street 14, Gulbahar, Peshawar",Peshawar,KPK,2022-07-15,2022,Honda Civic,1800,Imported,8763530
ICT-2022-2877,42101-1001889-3,Amna Chaudhry,"House 185, Street 3, Peoples Colony, Gujranwala",Gujranwala,Punjab,2022-04-22,2022,Suzuki Mehran,800,Imported,781001
LEA-2025-6700,35202-1001729-3,Nimra Aslam Sahib,"House 898, Street 12, Cantt, Quetta",Quetta,Balochistan,2025-10-31,2025,Suzuki Alto,660,Commercial,1951928
PES-2022-6967,33100-1000090-0,Chaudhry Imran Siddiqui,"House 12, Street 19, Qasimabad, Hyderabad",Hyderabad,Sindh,2022-03-05,2022,Suzuki Mehran,800,Imported,1107411
MUL-2024-3689,45501-1001205-5,Danish Butt,"House 892, Street 9, F-10, Islamabad",Islamabad,Islamabad,2024-04-28,2024,Suzuki Mehran,800,Commercial,754536
MUL-2019-1661,42101-1001892-4,Chaudhry Ali Raza,"House 508, Street 35, Model Town, Gujranwala",Gujranwala,Punjab,2019-06-13,2019,Toyota Land Cruiser,4600,Luxury,70619950
ICT-2018-5286,42101-1001892-4,Ali Raza,"House 508, Street 35, Model Town, Gujranwala",Gujranwala,Punjab,2018-12-12,2018,Mercedes E Class,2000,Luxury,31950661
KHI-2026-8483,54400-1000828-6,A. Iqbal,"House 966, Street 7, Johar Town, Lahore",Lahore,Punjab,2026-09-26,2026,Suzuki Mehran,800,Luxury,1082467
RWP-2020-7940,54400-1000668-6,Chaudhry Hassan Khan,"House 696, Street 3, Bosan Road, Multan",Multan,Punjab,2020-08-13,2020,Mercedes E Class,2000,Luxury,45621454
PES-2019-7531,61101-1000203-1,Kamran Qureshi,"House 973, Street 30, Warsak Road, Peshawar",Peshawar,KPK,2019-04-14,2019,Toyota Prado,2700,Imported,34752772
RWP-2023-2023,33100-1001814-8,Nida Hussain Sahib,"House 874, Street 26, F-10, Islamabad",Islamabad,Islamabad,2023-07-04,2023,Suzuki Mehran,800,Imported,738578
PES-2025-3449,33100-1001814-8,Nida Hussain,"House 874, Street 26, F-10, Islamabad",Islamabad,Islamabad,2025-07-01,2025,Kia Sportage,2000,Private,13734938
MUL-2022-8908,33100-1001814-8,N. Hussain,"House 874, Street 26, F-10, Islamabad",Islamabad,Islamabad,2022-04-03,2022,Honda Civic,1800,Private,10187582
FSD-2026-8090,17301-1000324-8,Chaudhry Sana Iqbal,"House 505, Street 20, Qasimabad, Hyderabad",Hyderabad,Sindh,2026-06-25,2026,Suzuki Alto,660,Private,1959277
MUL-2025-6273,17301-1000324-8,S. Iqbal,"House 505, Street 20, Qasimabad, Hyderabad",Hyderabad,Sindh,2025-08-13,2025,Honda Civic,1800,Imported,7156201
ICT-2019-8859,33100-1001731-7,Fahad Mirza,"House 354, Street 28, Bosan Road, Multan",Multan,Punjab,2019-11-16,2019,Suzuki Mehran,800,Imported,1123425
RWP-2026-4655,17301-1000986-2,Hamza Sheikh,"House 15, Street 24, Chaklala, Rawalpindi",Rawalpindi,Punjab,2026-02-19,2026,Suzuki Alto,660,Imported,1910825
RWP-2026-7209,33100-1001965-5,U. Malik,"House 437, Street 17, Military Road, Sukkur",Sukkur,Sindh,2026-01-28,2026,Suzuki Mehran,800,Commercial,877718
MUL-2026-2828,33100-1001965-5,U. Malik,"House 437, Street 17, Military Road, Sukkur",Sukkur,Sindh,2026-02-09,2026,Kia Sportage,2000,Commercial,14104782
FSD-2016-4426,33100-1001965-5,Usman Malik Sahib,"House 437, Street 17, Military Road, Sukkur",Sukkur,Sindh,2016-03-17,2016,Honda Civic,1800,Luxury,6376388
RWP-2022-1699,33100-1001965-5,Usman Malik,"House 437, Street 17, Military Road, Sukkur",Sukkur,Sindh,2022-03-03,2022,Toyota Corolla,1300,Imported,4350312
PES-2017-7474,42101-1000510-0,Chaudhry Imran Siddiqui,"House 689, Street 11, Gulberg, Faisalabad",Faisalabad,Punjab,2017-04-28,2017,Suzuki Alto,660,Imported,2128961
MUL-2016-9379,42101-1000510-0,I. Siddiqui,"House 689, Street 11, Gulberg, Faisalabad",Faisalabad,Punjab,2016-12-02,2016,Honda Civic,1800,Imported,9184284
FSD-2024-3253,42101-1000510-0,Imran Siddiqui,"House 689, Street 11, Gulberg, Faisalabad",Faisalabad,Punjab,2024-05-20,2024,Toyota Corolla,1300,Luxury,5259868
FSD-2016-1981,61101-1000439-3,Rabia Noor,"House 809, Street 12, Brewery Road, Quetta",Quetta,Balochistan,2016-11-21,2016,Toyota Corolla,1300,Imported,5066003
LEA-2017-3360,42101-1001697-9,Chaudhry Maham Tariq,"House 926, Street 27, Bosan Road, Multan",Multan,Punjab,2017-12-09,2017,Suzuki Mehran,800,Luxury,754734
FSD-2024-2222,42101-1001697-9,Maham Tariq,"House 926, Street 27, Bosan Road, Multan",Multan,Punjab,2024-11-27,2024,Suzuki Alto,660,Imported,1428001
ICT-2019-8798,42101-1001697-9,Maham Tariq Sahib,"House 926, Street 27, Bosan Road, Multan",Multan,Punjab,2019-05-09,2019,Suzuki Mehran,800,Luxury,950689
FSD-2016-8604,42101-1001697-9,Maham Tariq,"House 926, Street 27, Bosan Road, Multan",Multan,Punjab,2016-12-27,2016,Toyota Corolla,1300,Private,5756701
FSD-2025-7113,54400-1000953-1,Fatima Ali,"House 796, Street 6, Civil Lines, Gujranwala",Gujranwala,Punjab,2025-11-24,2025,Mercedes E Class,2000,Luxury,32638543
FSD-2026-9702,54400-1000953-1,F. Ali,"House 796, Street 6, Civil Lines, Gujranwala",Gujranwala,Punjab,2026-10-08,2026,Toyota Prado,2700,Imported,41610747
MUL-2026-5513,54400-1000953-1,Chaudhry Fatima Ali,"House 796, Street 6, Civil Lines, Gujranwala",Gujranwala,Punjab,2026-08-29,2026,Audi A6,2000,Imported,29713739
LEA-2017-1062,54400-1000953-1,F. Ali,"House 796, Street 6, Civil Lines, Gujranwala",Gujranwala,Punjab,2017-09-05,2017,Honda Civic,1800,Imported,6997477
PES-2017-7893,61101-1000084-8,Nimra Aslam,"House 695, Street 26, Canal Road, Faisalabad",Faisalabad,Punjab,2017-08-05,2017,Toyota Land Cruiser,4600,Private,80564770
RWP-2026-6288,42101-1000760-0,S. Ahmed,"House 731, Street 19, Gulshan-e-Iqbal, Karachi",Karachi,Sindh,2026-12-07,2026,Suzuki Alto,660,Private,1955788
QTA-2018-4429,45501-1001506-2,Muhammad Ahmed,"House 965, Street 34, Jinnah Town, Quetta",Quetta,Balochistan,2018-07-23,2018,Toyota Corolla,1300,Commercial,5810813
KHI-2024-3444,33100-1000427-9,Ayesha Khan,"House 19, Street 21, Bahria Town, Lahore",Lahore,Punjab,2024-01-31,2024,Audi A6,2000,Luxury,35083541
KHI-2016-5148,45501-1001930-0,Usman Malik,"House 308, Street 2, Cantt, Quetta",Quetta,Balochistan,2016-07-13,2016,BMW 5 Series,3000,Luxury,31914416
MUL-2022-6933,45501-1000966-2,Taha Hussain Sahib,"House 237, Street 19, DHA Phase 2, Islamabad",Islamabad,Islamabad,2022-12-01,2022,Audi A6,2000,Luxury,40958297
ICT-2017-6786,54400-1000009-3,S. Iqbal,"House 588, Street 21, Satellite Town, Gujranwala",Gujranwala,Punjab,2017-10-29,2017,Toyota Corolla,1300,Commercial,4320759
PES-2025-5833,45501-1001451-7,Fahad Mirza,"House 496, Street 4, Chaklala, Rawalpindi",Rawalpindi,Punjab,2025-02-10,2025,Audi A6,2000,Private,42685151
QTA-2022-8718,42101-1000897-9,Muneeb Akhtar,"House 853, Street 1, Hussainabad, Hyderabad",Hyderabad,Sindh,2022-05-23,2022,Suzuki Mehran,800,Private,1062555
ICT-2020-2578,17301-1001349-3,Rabia Noor,"House 504, Street 21, University Road, Peshawar",Peshawar,KPK,2020-01-22,2020,Suzuki Mehran,800,Imported,890273
QTA-2023-2350,17301-1001349-3,R. Noor,"House 504, Street 21, University Road, Peshawar",Peshawar,KPK,2023-02-15,2023,Honda Civic,1800,Commercial,9548278
MUL-2018-6219,17301-1001349-3,R. Noor,"House 504, Street 21, University Road, Peshawar",Peshawar,KPK,2018-05-27,2018,Suzuki Mehran,800,Imported,679855
MUL-2019-3735,54400-1001582-4,A. Khan,"House 677, Street 18, Samungli Road, Quetta",Quetta,Balochistan,2019-11-14,2019,Suzuki Mehran,800,Luxury,937704
PES-2016-5889,35202-1001684-8,Bilal Ahmed,"House 379, Street 25, Qasimabad, Hyderabad",Hyderabad,Sindh,2016-03-04,2016,Suzuki Alto,660,Imported,1556557
MUL-2017-1334,45501-1000545-5,Imran Siddiqui,"House 139, Street 9, Madina Town, Faisalabad",Faisalabad,Punjab,2017-03-27,2017,Suzuki Alto,660,Luxury,1636803
RWP-2026-4952,45501-1000545-5,Imran Siddiqui Sahib,"House 139, Street 9, Madina Town, Faisalabad",Faisalabad,Punjab,2026-10-25,2026,Hyundai Tucson,2000,Commercial,10961783
ICT-2016-9325,45501-1000545-5,Chaudhry Imran Siddiqui,"House 139, Street 9, Madina Town, Faisalabad",Faisalabad,Punjab,2016-12-25,2016,Honda Civic,1800,Imported,7152883
FSD-2023-4993,61101-1000830-0,Sara Ahmed,"House 996, Street 21, Wapda Town, Gujranwala",Gujranwala,Punjab,2023-09-12,2023,Honda Civic,1800,Imported,10355309
KHI-2024-1788,33100-1000855-5,Danish Butt,"House 699, Street 7, University Road, Peshawar",Peshawar,KPK,2024-11-22,2024,Suzuki Alto,660,Imported,1376155
LEA-2020-5488,33100-1000855-5,D. Butt,"House 699, Street 7, University Road, Peshawar",Peshawar,KPK,2020-07-06,2020,Toyota Prado,2700,Commercial,40715540
KHI-2019-5830,33100-1000855-5,Danish Butt,"House 699, Street 7, University Road, Peshawar",Peshawar,KPK,2019-05-06,2019,Honda Civic,1800,Luxury,10164318
QTA-2019-2426,17301-1000460-0,U. Malik,"House 31, Street 29, DHA Phase 5, Lahore",Lahore,Punjab,2019-12-05,2019,Toyota Prado,2700,Luxury,41249440
MUL-2021-8683,17301-1000460-0,U. Malik,"House 31, Street 29, DHA Phase 5, Lahore",Lahore,Punjab,2021-07-07,2021,Toyota Land Cruiser,4600,Imported,49120792
PES-2025-6319,17301-1000460-0,Chaudhry Usman Malik,"House 31, Street 29, DHA Phase 5, Lahore",Lahore,Punjab,2025-07-03,2025,Toyota Prado,2700,Imported,30744685
ICT-2021-6077,17301-1000321-7,Hamza Sheikh Sahib,"House 65, Street 4, University Road, Peshawar",Peshawar,KPK,2021-01-04,2021,Toyota Corolla,1300,Luxury,6842445
FSD-2016-5095,42101-1000831-7,Mariam Malik,"House 325, Street 24, Shah Rukn-e-Alam, Multan",Multan,Punjab,2016-11-19,2016,BMW 5 Series,3000,Private,51795111
QTA-2019-3298,61101-1000138-6,Chaudhry Shazia Butt,"House 464, Street 30, DHA Phase 5, Lahore",Lahore,Punjab,2019-09-24,2019,Suzuki Mehran,800,Private,849189
QTA-2022-6026,35202-1001921-7,Naveed Raza,"House 108, Street 16, Gulberg, Lahore",Lahore,Punjab,2022-12-12,2022,Toyota Land Cruiser,4600,Commercial,49527345
FSD-2024-3406,35202-1001921-7,Naveed Raza,"House 108, Street 16, Gulberg, Lahore",Lahore,Punjab,2024-01-03,2024,BMW 5 Series,3000,Luxury,37560032
RWP-2020-4790,35202-1001921-7,Naveed Raza,"House 108, Street 16, Gulberg, Lahore",Lahore,Punjab,2020-12-17,2020,BMW 5 Series,3000,Commercial,35835086
FSD-2019-4479,54400-1000881-7,H. Sheikh,"House 531, Street 26, Queens Road, Sukkur",Sukkur,Sindh,2019-07-08,2019,Audi A6,2000,Commercial,38139835
ICT-2016-1661,54400-1000881-7,Hamza Sheikh,"House 531, Street 26, Queens Road, Sukkur",Sukkur,Sindh,2016-06-28,2016,Toyota Corolla,1300,Commercial,6044668
LEA-2021-1499,61101-1001060-0,Zainab Ahmed,"House 599, Street 32, Qasimabad, Hyderabad",Hyderabad,Sindh,2021-10-24,2021,Toyota Corolla,1300,Luxury,6007647
RWP-2016-2197,17301-1000536-2,Saad Qureshi,"House 573, Street 18, New Pind, Sukkur",Sukkur,Sindh,2016-03-21,2016,Suzuki Mehran,800,Luxury,972864
KHI-2019-8168,17301-1000103-1,Shazia Butt,"House 10, Street 27, G-11, Islamabad",Islamabad,Islamabad,2019-11-21,2019,Suzuki Mehran,800,Imported,839025
RWP-2023-9100,35202-1001534-8,Nida Hussain,"House 62, Street 22, Hayatabad, Peshawar",Peshawar,KPK,2023-04-09,2023,Mercedes E Class,2000,Imported,44647328
PES-2024-9224,35202-1001534-8,Chaudhry Nida Hussain,"House 62, Street 22, Hayatabad, Peshawar",Peshawar,KPK,2024-08-02,2024,Suzuki Alto,660,Private,1414141
QTA-2021-1604,35202-1001534-8,Nida Hussain,"House 62, Street 22, Hayatabad, Peshawar",Peshawar,KPK,2021-07-28,2021,Kia Sportage,2000,Luxury,12649538
FSD-2024-6373,35202-1001534-8,N. Hussain,"House 62, Street 22, Hayatabad, Peshawar",Peshawar,KPK,2024-08-29,2024,Kia Sportage,2000,Luxury,13403123
FSD-2020-8471,17301-1000093-1,Chaudhry Asad Iqbal,"House 806, Street 31, Cantt, Multan",Multan,Punjab,2020-05-29,2020,Suzuki Alto,660,Imported,1548763
ICT-2023-5186,17301-1000093-1,A. Iqbal,"House 806, Street 31, Cantt, Multan",Multan,Punjab,2023-12-06,2023,Suzuki Mehran,800,Imported,1032324
KHI-2020-1992,45501-1001001-7,Taha Hussain Sahib,"House 711, Street 14, Barrage Road, Sukkur",Sukkur,Sindh,2020-01-15,2020,Suzuki Mehran,800,Imported,723178
QTA-2025-5814,45501-1000261-7,Chaudhry Fahad Mirza,"House 65, Street 34, New Pind, Sukkur",Sukkur,Sindh,2025-10-02,2025,Toyota Corolla,1300,Imported,5639850
FSD-2018-3521,45501-1000558-6,S. Butt,"House 819, Street 8, Latifabad, Hyderabad",Hyderabad,Sindh,2018-07-15,2018,Honda Civic,1800,Imported,9503875
RWP-2025-6046,54400-1001560-0,Imran Siddiqui Sahib,"House 541, Street 1, Samungli Road, Quetta",Quetta,Balochistan,2025-10-04,2025,Toyota Corolla,1300,Imported,6102250
RWP-2016-5783,54400-1001560-0,Imran Siddiqui Sahib,"House 541, Street 1, Samungli Road, Quetta",Quetta,Balochistan,2016-04-30,2016,Suzuki Alto,660,Imported,1942440
ICT-2019-2211,33100-1000210-0,Chaudhry Waseem Akram,"House 207, Street 3, PWD, Rawalpindi",Rawalpindi,Punjab,2019-10-19,2019,Honda Civic,1800,Luxury,6823582
LEA-2018-9495,17301-1001352-4,Muneeb Akhtar,"House 506, Street 20, Bosan Road, Multan",Multan,Punjab,2018-10-04,2018,Suzuki Mehran,800,Luxury,1079355
LEA-2023-4892,17301-1001352-4,Muneeb Akhtar,"House 506, Street 20, Bosan Road, Multan",Multan,Punjab,2023-03-05,2023,Toyota Corolla,1300,Luxury,6448367
ICT-2024-9601,17301-1001352-4,Muneeb Akhtar Sahib,"House 506, Street 20, Bosan Road, Multan",Multan,Punjab,2024-04-29,2024,Suzuki Mehran,800,Imported,791659
MUL-2024-7052,17301-1001352-4,Muneeb Akhtar,"House 506, Street 20, Bosan Road, Multan",Multan,Punjab,2024-07-19,2024,Suzuki Mehran,800,Imported,1121326
RWP-2024-9445,54400-1001501-7,Naveed Raza,"House 109, Street 2, Bosan Road, Multan",Multan,Punjab,2024-12-02,2024,Mercedes E Class,2000,Imported,45068616
FSD-2018-6501,42101-1001664-8,Rabia Noor,"House 974, Street 31, Gulshan-e-Iqbal, Karachi",Karachi,Sindh,2018-02-16,2018,Mercedes E Class,2000,Imported,29818097
ICT-2021-5245,42101-1001664-8,Rabia Noor,"House 974, Street 31, Gulshan-e-Iqbal, Karachi",Karachi,Sindh,2021-05-06,2021,Mercedes E Class,2000,Commercial,34053341
PES-2023-2981,35202-1001926-2,Chaudhry Muhammad Ahmed,"House 200, Street 21, Peoples Colony, Gujranwala",Gujranwala,Punjab,2023-01-18,2023,Suzuki Alto,660,Imported,2142575
RWP-2017-5478,35202-1001926-2,Chaudhry Muhammad Ahmed,"House 200, Street 21, Peoples Colony, Gujranwala",Gujranwala,Punjab,2017-04-07,2017,Suzuki Alto,660,Luxury,1893178
PES-2018-8569,35202-1001926-2,Chaudhry Muhammad Ahmed,"House 200, Street 21, Peoples Colony, Gujranwala",Gujranwala,Punjab,2018-10-14,2018,Honda Civic,1800,Imported,9055345
PES-2020-3580,54400-1001153-1,Shazia Butt,"House 160, Street 6, Clifton, Karachi",Karachi,Sindh,2020-01-06,2020,Toyota Corolla,1300,Commercial,6427182
QTA-2024-5732,17301-1001803-1,Chaudhry Kashif Javed,"House 240, Street 31, Saddar, Peshawar",Peshawar,KPK,2024-12-08,2024,Honda Civic,1800,Commercial,9826741
QTA-2022-2511,33100-1001556-2,Fahad Mirza Sahib,"House 159, Street 29, Brewery Road, Quetta",Quetta,Balochistan,2022-12-19,2022,Toyota Corolla,1300,Luxury,6223200
LEA-2023-7321,33100-1001130-0,Chaudhry Zainab Ahmed,"House 449, Street 4, University Road, Peshawar",Peshawar,KPK,2023-12-11,2023,Suzuki Mehran,800,Private,889241
RWP-2019-8582,17301-1001971-7,S. Qureshi,"House 953, Street 22, Samungli Road, Quetta",Quetta,Balochistan,2019-09-02,2019,Suzuki Mehran,800,Private,982272
LEA-2019-5504,17301-1001971-7,Saad Qureshi,"House 953, Street 22, Samungli Road, Quetta",Quetta,Balochistan,2019-04-25,2019,Honda Civic,1800,Private,8658941
LEA-2020-6746,17301-1001971-7,Saad Qureshi,"House 953, Street 22, Samungli Road, Quetta",Quetta,Balochistan,2020-08-08,2020,Suzuki Alto,660,Commercial,1573095
ICT-2021-2848,45501-1000222-4,U. Farooq,"House 243, Street 11, PWD, Rawalpindi",Rawalpindi,Punjab,2021-01-01,2021,Honda Civic,1800,Imported,9869570
ICT-2026-4465,45501-1000222-4,Umer Farooq,"House 243, Street 11, PWD, Rawalpindi",Rawalpindi,Punjab,2026-06-09,2026,Toyota Corolla,1300,Imported,4280843
KHI-2023-7962,61101-1001538-6,Chaudhry Shazia Butt,"House 435, Street 26, Cantt, Multan",Multan,Punjab,2023-06-22,2023,BMW 5 Series,3000,Luxury,46819069
LEA-2019-7195,61101-1000452-4,Chaudhry Khalid Malik,"House 821, Street 33, Bahadurabad, Karachi",Karachi,Sindh,2019-03-26,2019,Hyundai Tucson,2000,Luxury,14970596
QTA-2021-8671,35202-1001917-9,Ahmed Baig Sahib,"House 368, Street 1, Cantt, Quetta",Quetta,Balochistan,2021-09-22,2021,BMW 5 Series,3000,Commercial,50586762
QTA-2023-1207,35202-1001917-9,Chaudhry Ahmed Baig,"House 368, Street 1, Cantt, Quetta",Quetta,Balochistan,2023-07-26,2023,Toyota Corolla,1300,Commercial,6463608
FSD-2017-7963,42101-1000395-5,Chaudhry Zainab Ahmed,"House 736, Street 14, Saddar, Hyderabad",Hyderabad,Sindh,2017-04-18,2017,Kia Sportage,2000,Private,14035853
MUL-2017-4193,35202-1000421-7,Muhammad Ahmed Sahib,"House 670, Street 16, Shah Rukn-e-Alam, Multan",Multan,Punjab,2017-12-17,2017,Honda Civic,1800,Private,10059257
QTA-2025-3068,35202-1000421-7,M. Ahmed,"House 670, Street 16, Shah Rukn-e-Alam, Multan",Multan,Punjab,2025-05-15,2025,Honda Civic,1800,Luxury,9140344
LEA-2020-9024,45501-1001648-6,Hassan Khan,"House 981, Street 34, DHA Phase 2, Islamabad",Islamabad,Islamabad,2020-02-26,2020,Suzuki Mehran,800,Imported,680005
RWP-2021-4272,45501-1001648-6,Chaudhry Hassan Khan,"House 981, Street 34, DHA Phase 2, Islamabad",Islamabad,Islamabad,2021-05-23,2021,Toyota Corolla,1300,Private,6017117
KHI-2022-2845,45501-1001648-6,Hassan Khan Sahib,"House 981, Street 34, DHA Phase 2, Islamabad",Islamabad,Islamabad,2022-07-07,2022,Honda Civic,1800,Luxury,9405002
FSD-2023-2061,42101-1001703-1,A. Iqbal,"House 543, Street 2, DHA Phase 2, Islamabad",Islamabad,Islamabad,2023-06-06,2023,Honda Civic,1800,Imported,8691268
ICT-2026-9561,61101-1001848-6,Kamran Qureshi,"House 170, Street 34, Satellite Town, Rawalpindi",Rawalpindi,Punjab,2026-06-11,2026,Toyota Prado,2700,Luxury,41357726
RWP-2025-3682,61101-1001848-6,K. Qureshi,"House 170, Street 34, Satellite Town, Rawalpindi",Rawalpindi,Punjab,2025-11-27,2025,Mercedes E Class,2000,Imported,34447756
FSD-2019-9865,33100-1000408-6,Asad Iqbal,"House 56, Street 9, Warsak Road, Peshawar",Peshawar,KPK,2019-01-25,2019,Honda Civic,1800,Imported,9100538
PES-2019-5997,35202-1000952-4,Chaudhry Ayesha Khan,"House 37, Street 16, G-11, Islamabad",Islamabad,Islamabad,2019-03-26,2019,Toyota Corolla,1300,Luxury,6816436
KHI-2019-9917,45501-1001817-9,Khalid Malik,"House 739, Street 15, Gulberg, Faisalabad",Faisalabad,Punjab,2019-06-21,2019,Audi A6,2000,Luxury,30572082
QTA-2020-4347,61101-1000981-7,M. Ahmed,"House 131, Street 1, Latifabad, Hyderabad",Hyderabad,Sindh,2020-12-12,2020,Toyota Corolla,1300,Private,5076102
RWP-2018-6909,35202-1000191-7,Chaudhry Fahad Mirza,"House 256, Street 12, E-11, Islamabad",Islamabad,Islamabad,2018-01-02,2018,Suzuki Mehran,800,Commercial,715479
QTA-2025-9881,35202-1000191-7,F. Mirza,"House 256, Street 12, E-11, Islamabad",Islamabad,Islamabad,2025-09-01,2025,Suzuki Mehran,800,Commercial,1005798
FSD-2018-6707,42101-1001500-0,Chaudhry Huma Ghani,"House 307, Street 31, Auto Bhan, Hyderabad",Hyderabad,Sindh,2018-07-05,2018,Suzuki Mehran,800,Private,849305
MUL-2016-2582,35202-1000330-0,Danish Butt,"House 435, Street 27, Nazimabad, Karachi",Karachi,Sindh,2016-01-29,2016,Suzuki Mehran,800,Commercial,734554
LEA-2017-3807,35202-1000330-0,Danish Butt,"House 435, Street 27, Nazimabad, Karachi",Karachi,Sindh,2017-04-09,2017,Toyota Prado,2700,Luxury,28380570
LEA-2022-9888,33100-1001282-4,Muneeb Akhtar,"House 255, Street 27, PWD, Rawalpindi",Rawalpindi,Punjab,2022-09-23,2022,Suzuki Mehran,800,Private,863930
QTA-2022-9079,33100-1001282-4,Muneeb Akhtar Sahib,"House 255, Street 27, PWD, Rawalpindi",Rawalpindi,Punjab,2022-09-27,2022,Suzuki Alto,660,Commercial,1992366
RWP-2017-8921,61101-1001204-8,N. Aslam,"House 965, Street 30, People Colony, Faisalabad",Faisalabad,Punjab,2017-04-29,2017,Suzuki Mehran,800,Private,813739
PES-2021-1314,17301-1001211-7,T. Hussain,"House 778, Street 18, Shah Rukn-e-Alam, Multan",Multan,Punjab,2021-12-25,2021,Toyota Prado,2700,Commercial,35259921
RWP-2019-7697,54400-1001112-4,Ahmed Baig,"House 616, Street 8, Madina Town, Faisalabad",Faisalabad,Punjab,2019-10-19,2019,Toyota Corolla,1300,Private,5994747
ICT-2016-6213,35202-1001719-3,Chaudhry Bilal Ahmed,"House 578, Street 27, Madina Town, Faisalabad",Faisalabad,Punjab,2016-10-03,2016,Suzuki Mehran,800,Private,1003973
FSD-2024-8008,35202-1001719-3,Chaudhry Bilal Ahmed,"House 578, Street 27, Madina Town, Faisalabad",Faisalabad,Punjab,2024-03-16,2024,Toyota Corolla,1300,Commercial,5839919
KHI-2025-7578,35202-1001719-3,Chaudhry Bilal Ahmed,"House 578, Street 27, Madina Town, Faisalabad",Faisalabad,Punjab,2025-03-29,2025,Suzuki Alto,660,Private,1390547
PES-2023-7301,45501-1001795-5,Zainab Ahmed Sahib,"House 268, Street 25, Rohri, Sukkur",Sukkur,Sindh,2023-11-16,2023,Honda Civic,1800,Commercial,10326700
LEA-2026-9925,45501-1001795-5,Chaudhry Zainab Ahmed,"House 268, Street 25, Rohri, Sukkur",Sukkur,Sindh,2026-02-21,2026,BMW 5 Series,3000,Imported,48975152
PES-2021-6411,54400-1001348-6,Kashif Javed,"House 246, Street 3, Military Road, Sukkur",Sukkur,Sindh,2021-08-11,2021,Suzuki Mehran,800,Commercial,830466
QTA-2019-7306,45501-1000863-1,Asad Iqbal,"House 126, Street 30, DHA Multan, Multan",Multan,Punjab,2019-11-27,2019,Suzuki Mehran,800,Private,929464
FSD-2016-9101,45501-1000863-1,Chaudhry Asad Iqbal,"House 126, Street 30, DHA Multan, Multan",Multan,Punjab,2016-10-19,2016,Toyota Corolla,1300,Private,5042070
QTA-2022-7702,42101-1001559-3,Rabia Noor,"House 267, Street 26, Military Road, Sukkur",Sukkur,Sindh,2022-01-31,2022,Honda Civic,1800,Commercial,10270795
RWP-2026-8931,33100-1000861-7,T. Hussain,"House 433, Street 28, Gulgasht, Multan",Multan,Punjab,2026-05-07,2026,Toyota Corolla,1300,Commercial,6107749
LEA-2025-4880,61101-1000516-2,M. Malik,"House 26, Street 30, Madina Town, Faisalabad",Faisalabad,Punjab,2025-07-23,2025,Suzuki Mehran,800,Imported,798621
FSD-2026-6882,35202-1001839-3,R. Noor,"House 873, Street 15, Shah Rukn-e-Alam, Multan",Multan,Punjab,2026-05-07,2026,Toyota Corolla,1300,Imported,5121177
KHI-2026-8139,17301-1000532-4,Ayesha Khan,"House 276, Street 6, Chaklala, Rawalpindi",Rawalpindi,Punjab,2026-11-19,2026,Toyota Prado,2700,Luxury,40131803
ICT-2020-5719,45501-1001105-5,Imran Siddiqui,"House 429, Street 8, DHA Multan, Multan",Multan,Punjab,2020-07-05,2020,Honda Civic,1800,Commercial,7706010
KHI-2023-9456,45501-1001105-5,I. Siddiqui,"House 429, Street 8, DHA Multan, Multan",Multan,Punjab,2023-10-28,2023,Toyota Corolla,1300,Imported,5344115
ICT-2025-6446,45501-1001105-5,Imran Siddiqui,"House 429, Street 8, DHA Multan, Multan",Multan,Punjab,2025-08-01,2025,Suzuki Alto,660,Commercial,1732000
ICT-2022-7326,61101-1000497-9,A. Khan,"House 741, Street 13, Civil Lines, Gujranwala",Gujranwala,Punjab,2022-04-17,2022,Honda Civic,1800,Private,7662313
LEA-2019-6831,45501-1000780-0,Z. Ahmed,"House 276, Street 34, Auto Bhan, Hyderabad",Hyderabad,Sindh,2019-04-06,2019,Suzuki Mehran,800,Private,890840
FSD-2023-5760,35202-1000778-6,Chaudhry Fatima Ali,"House 989, Street 22, E-11, Islamabad",Islamabad,Islamabad,2023-03-12,2023,Kia Sportage,2000,Imported,11353204
QTA-2021-2539,33100-1000632-4,Ali Raza,"House 952, Street 35, Latifabad, Hyderabad",Hyderabad,Sindh,2021-01-03,2021,Honda Civic,1800,Luxury,7649690
LEA-2026-9254,54400-1001140-0,I. Siddiqui,"House 994, Street 9, DHA Phase 6, Karachi",Karachi,Sindh,2026-05-20,2026,Toyota Prado,2700,Commercial,32110915
MUL-2023-8654,54400-1001140-0,Imran Siddiqui,"House 994, Street 9, DHA Phase 6, Karachi",Karachi,Sindh,2023-01-30,2023,Toyota Corolla,1300,Commercial,6858101
KHI-2019-3805,54400-1001034-8,Rabia Noor,"House 221, Street 33, Canal Road, Faisalabad",Faisalabad,Punjab,2019-03-12,2019,Honda Civic,1800,Private,9619244
FSD-2020-1673,42101-1001590-0,Danish Butt,"House 836, Street 26, DHA Phase 5, Lahore",Lahore,Punjab,2020-08-16,2020,Toyota Corolla,1300,Private,5871858
MUL-2026-4917,42101-1001603-1,Kamran Qureshi Sahib,"House 692, Street 13, Civil Lines, Gujranwala",Gujranwala,Punjab,2026-03-08,2026,BMW 5 Series,3000,Commercial,45531998
PES-2021-6837,61101-1001279-3,Chaudhry Rabia Noor,"House 710, Street 25, University Road, Peshawar",Peshawar,KPK,2021-09-30,2021,Mercedes E Class,2000,Commercial,46295207
PES-2017-2494,54400-1000779-3,S. Iqbal,"House 259, Street 25, Model Town, Gujranwala",Gujranwala,Punjab,2017-04-03,2017,Audi A6,2000,Commercial,38728326
RWP-2020-6601,42101-1000238-6,Chaudhry Kamran Qureshi,"House 257, Street 16, Madina Town, Faisalabad",Faisalabad,Punjab,2020-03-29,2020,Mercedes E Class,2000,Private,46638677
MUL-2016-6677,42101-1000238-6,Kamran Qureshi Sahib,"House 257, Street 16, Madina Town, Faisalabad",Faisalabad,Punjab,2016-06-15,2016,BMW 5 Series,3000,Commercial,51900349
FSD-2021-4608,17301-1001744-8,Nida Hussain,"House 33, Street 3, Madina Town, Faisalabad",Faisalabad,Punjab,2021-08-12,2021,Kia Sportage,2000,Private,9466296
RWP-2026-7535,61101-1000544-8,Rabia Noor Sahib,"House 519, Street 7, Samungli Road, Quetta",Quetta,Balochistan,2026-10-04,2026,Toyota Corolla,1300,Imported,5487276
MUL-2025-3522,61101-1000544-8,Rabia Noor Sahib,"House 519, Street 7, Samungli Road, Quetta",Quetta,Balochistan,2025-10-28,2025,Audi A6,2000,Private,33124486
PES-2017-7323,61101-1000544-8,Rabia Noor,"House 519, Street 7, Samungli Road, Quetta",Quetta,Balochistan,2017-03-15,2017,Mercedes E Class,2000,Imported,34407369
KHI-2024-1884,17301-1001912-4,Muneeb Akhtar,"House 19, Street 26, Cantt, Quetta",Quetta,Balochistan,2024-02-26,2024,Suzuki Mehran,800,Imported,1098833
MUL-2020-1310,42101-1000243-1,Shazia Butt,"House 811, Street 4, DHA Phase 6, Karachi",Karachi,Sindh,2020-01-13,2020,Suzuki Mehran,800,Private,710395
ICT-2016-8216,54400-1000425-5,Usman Malik,"House 782, Street 21, Civil Lines, Gujranwala",Gujranwala,Punjab,2016-10-10,2016,Suzuki Mehran,800,Private,1012252
RWP-2024-4148,54400-1000425-5,Usman Malik,"House 782, Street 21, Civil Lines, Gujranwala",Gujranwala,Punjab,2024-03-13,2024,Toyota Land Cruiser,4600,Commercial,51256316
FSD-2020-3711,54400-1000425-5,U. Malik,"House 782, Street 21, Civil Lines, Gujranwala",Gujranwala,Punjab,2020-07-17,2020,Toyota Corolla,1300,Private,6641249
KHI-2026-6798,17301-1000007-9,Chaudhry Ayesha Khan,"House 281, Street 31, Military Road, Sukkur",Sukkur,Sindh,2026-02-26,2026,Suzuki Alto,660,Luxury,2246645
QTA-2025-6980,17301-1000007-9,Ayesha Khan Sahib,"House 281, Street 31, Military Road, Sukkur",Sukkur,Sindh,2025-09-18,2025,BMW 5 Series,3000,Imported,33553574
QTA-2021-3688,17301-1000007-9,Chaudhry Ayesha Khan,"House 281, Street 31, Military Road, Sukkur",Sukkur,Sindh,2021-12-23,2021,Hyundai Tucson,2000,Commercial,11252172
RWP-2017-4836,42101-1001300-0,Usman Malik,"House 122, Street 7, Chaklala, Rawalpindi",Rawalpindi,Punjab,2017-03-17,2017,Hyundai Tucson,2000,Commercial,9990912
KHI-2017-7744,42101-1001300-0,Chaudhry Usman Malik,"House 122, Street 7, Chaklala, Rawalpindi",Rawalpindi,Punjab,2017-05-15,2017,Honda Civic,1800,Luxury,8307957
FSD-2019-9366,33100-1000272-4,Chaudhry Ahmed Baig,"House 571, Street 35, Hussainabad, Hyderabad",Hyderabad,Sindh,2019-07-03,2019,Kia Sportage,2000,Private,12015706
KHI-2021-8935,35202-1001318-6,Asad Iqbal,"House 862, Street 22, Bahadurabad, Karachi",Karachi,Sindh,2021-11-27,2021,Toyota Corolla,1300,Private,5025384
LEA-2019-2807,17301-1000811-7,H. Sheikh,"House 337, Street 18, Barrage Road, Sukkur",Sukkur,Sindh,2019-01-29,2019,Suzuki Mehran,800,Luxury,1098832
KHI-2023-2638,61101-1001261-7,Muhammad Ahmed,"House 971, Street 16, Barrage Road, Sukkur",Sukkur,Sindh,2023-07-17,2023,Suzuki Mehran,800,Private,781581
LEA-2017-5582,17301-1000960-0,Danish Butt,"House 803, Street 10, Queens Road, Sukkur",Sukkur,Sindh,2017-04-26,2017,Toyota Corolla,1300,Imported,6101083
FSD-2018-7257,17301-1000960-0,Danish Butt,"House 803, Street 10, Queens Road, Sukkur",Sukkur,Sindh,2018-01-28,2018,Toyota Land Cruiser,4600,Imported,79132178
FSD-2020-8834,42101-1000098-6,Kamran Qureshi,"House 645, Street 17, Warsak Road, Peshawar",Peshawar,KPK,2020-11-27,2020,BMW 5 Series,3000,Commercial,44921181
FSD-2017-6733,42101-1001136-2,F. Mirza,"House 274, Street 5, Cantt, Quetta",Quetta,Balochistan,2017-09-15,2017,Toyota Corolla,1300,Commercial,5178538
LEA-2023-1096,42101-1001136-2,Fahad Mirza,"House 274, Street 5, Cantt, Quetta",Quetta,Balochistan,2023-08-05,2023,Honda Civic,1800,Commercial,7053166
KHI-2025-1630,45501-1000674-8,Chaudhry Sana Iqbal,"House 422, Street 28, Cantt, Multan",Multan,Punjab,2025-06-04,2025,Honda Civic,1800,Commercial,9151435
RWP-2016-3366,17301-1000696-2,Naveed Raza,"House 765, Street 29, Rohri, Sukkur",Sukkur,Sindh,2016-10-15,2016,Toyota Corolla,1300,Luxury,4285773
LEA-2018-6235,17301-1000696-2,Chaudhry Naveed Raza,"House 765, Street 29, Rohri, Sukkur",Sukkur,Sindh,2018-10-06,2018,Honda Civic,1800,Commercial,8594403
QTA-2017-9737,17301-1001068-6,K. Javed,"House 753, Street 28, Nazimabad, Karachi",Karachi,Sindh,2017-11-17,2017,Honda Civic,1800,Commercial,6802675
MUL-2024-3842,17301-1001068-6,Kashif Javed Sahib,"House 753, Street 28, Nazimabad, Karachi",Karachi,Sindh,2024-02-23,2024,Honda Civic,1800,Imported,8818733
PES-2025-4692,17301-1001068-6,K. Javed,"House 753, Street 28, Nazimabad, Karachi",Karachi,Sindh,2025-03-19,2025,Honda Civic,1800,Luxury,7571215
PES-2026-1728,54400-1000046-2,Chaudhry Saad Qureshi,"House 281, Street 12, Warsak Road, Peshawar",Peshawar,KPK,2026-12-26,2026,Suzuki Mehran,800,Commercial,1119387
FSD-2023-4197,35202-1001742-4,Chaudhry Ahmed Baig,"House 753, Street 8, Bahria Town, Rawalpindi",Rawalpindi,Punjab,2023-01-04,2023,Suzuki Alto,660,Private,2057277
ICT-2018-7425,17301-1000562-4,Ali Raza,"House 482, Street 7, Gulberg, Lahore",Lahore,Punjab,2018-09-24,2018,Toyota Corolla,1300,Imported,4738361
LEA-2019-1107,17301-1000562-4,Chaudhry Ali Raza,"House 482, Street 7, Gulberg, Lahore",Lahore,Punjab,2019-10-23,2019,Toyota Corolla,1300,Private,4560017
RWP-2016-5961,33100-1000484-8,Chaudhry Nida Hussain,"House 289, Street 33, New Pind, Sukkur",Sukkur,Sindh,2016-11-28,2016,Toyota Prado,2700,Private,42912550
ICT-2020-8392,33100-1000484-8,N. Hussain,"House 289, Street 33, New Pind, Sukkur",Sukkur,Sindh,2020-09-30,2020,Toyota Prado,2700,Luxury,31441553
KHI-2020-3288,61101-1000124-8,R. Noor,"House 673, Street 19, Brewery Road, Quetta",Quetta,Balochistan,2020-07-05,2020,Suzuki Mehran,800,Luxury,865667
MUL-2021-4121,61101-1001802-4,Maham Tariq Sahib,"House 805, Street 16, Satellite Town, Gujranwala",Gujranwala,Punjab,2021-04-27,2021,Suzuki Alto,660,Commercial,1672002
MUL-2023-9669,54400-1000334-8,Rabia Noor,"House 963, Street 28, Gulgasht, Multan",Multan,Punjab,2023-06-11,2023,Suzuki Alto,660,Imported,1697938
FSD-2021-8692,35202-1000859-3,R. Noor,"House 262, Street 14, Bahria Town, Lahore",Lahore,Punjab,2021-09-27,2021,Suzuki Alto,660,Luxury,1899731
ICT-2025-6789,35202-1000859-3,Rabia Noor,"House 262, Street 14, Bahria Town, Lahore",Lahore,Punjab,2025-07-05,2025,Toyota Land Cruiser,4600,Commercial,51736907
KHI-2023-4575,35202-1000859-3,R. Noor,"House 262, Street 14, Bahria Town, Lahore",Lahore,Punjab,2023-05-03,2023,Suzuki Alto,660,Imported,2048942
LEA-2023-4034,17301-1000849-3,S. Iqbal,"House 213, Street 14, Civil Lines, Gujranwala",Gujranwala,Punjab,2023-08-29,2023,Audi A6,2000,Imported,31558477
QTA-2023-8327,17301-1000849-3,Sana Iqbal,"House 213, Street 14, Civil Lines, Gujranwala",Gujranwala,Punjab,2023-12-09,2023,Kia Sportage,2000,Private,9423903
RWP-2025-9332,17301-1000849-3,Chaudhry Sana Iqbal,"House 213, Street 14, Civil Lines, Gujranwala",Gujranwala,Punjab,2025-03-10,2025,Hyundai Tucson,2000,Luxury,15418699
PES-2021-2412,33100-1001269-3,Sana Iqbal,"House 595, Street 35, Bahadurabad, Karachi",Karachi,Sindh,2021-06-23,2021,Audi A6,2000,Luxury,28840996
QTA-2024-8331,33100-1001269-3,Sana Iqbal,"House 595, Street 35, Bahadurabad, Karachi",Karachi,Sindh,2024-08-29,2024,Toyota Corolla,1300,Commercial,6788548
MUL-2018-7680,33100-1001269-3,Sana Iqbal Sahib,"House 595, Street 35, Bahadurabad, Karachi",Karachi,Sindh,2018-04-21,2018,Suzuki Alto,660,Commercial,2058037
LEA-2018-1249,35202-1000722-4,Chaudhry Muneeb Akhtar,"House 679, Street 4, Gulgasht, Multan",Multan,Punjab,2018-08-04,2018,Honda Civic,1800,Imported,7545941
PES-2026-3000,35202-1000722-4,Chaudhry Muneeb Akhtar,"House 679, Street 4, Gulgasht, Multan",Multan,Punjab,2026-03-24,2026,Suzuki Mehran,800,Private,748533
KHI-2021-8265,45501-1000447-9,A. Baig,"House 973, Street 33, Model Town, Lahore",Lahore,Punjab,2021-03-25,2021,Toyota Corolla,1300,Imported,4413427
LEA-2025-7328,61101-1000109-3,B. Ahmed,"House 911, Street 13, D Ground, Faisalabad",Faisalabad,Punjab,2025-03-02,2025,Toyota Corolla,1300,Luxury,5915993
PES-2018-9495,42101-1001482-4,U. Farooq,"House 884, Street 20, DHA Phase 5, Lahore",Lahore,Punjab,2018-02-08,2018,Kia Sportage,2000,Commercial,14051039
MUL-2025-6758,45501-1001475-5,Chaudhry Usman Malik,"House 79, Street 28, Madina Town, Faisalabad",Faisalabad,Punjab,2025-02-15,2025,Toyota Corolla,1300,Imported,6022143
MUL-2022-3976,17301-1001996-2,M. Ahmed,"House 905, Street 12, Warsak Road, Peshawar",Peshawar,KPK,2022-09-08,2022,Audi A6,2000,Private,42807987
ICT-2025-7618,17301-1000962-4,M. Tariq,"House 427, Street 4, Bahria Town, Lahore",Lahore,Punjab,2025-05-25,2025,Toyota Land Cruiser,4600,Private,60121060
KHI-2018-9195,17301-1000962-4,M. Tariq,"House 427, Street 4, Bahria Town, Lahore",Lahore,Punjab,2018-08-28,2018,Hyundai Tucson,2000,Private,11955503
ICT-2020-8581,17301-1000962-4,M. Tariq,"House 427, Street 4, Bahria Town, Lahore",Lahore,Punjab,2020-04-23,2020,Toyota Land Cruiser,4600,Imported,75961132
FSD-2021-6322,33100-1000817-9,U. Farooq,"House 350, Street 10, Satellite Town, Quetta",Quetta,Balochistan,2021-12-19,2021,Toyota Corolla,1300,Luxury,6234125
ICT-2025-1462,42101-1001907-9,Maham Tariq,"House 416, Street 17, Brewery Road, Quetta",Quetta,Balochistan,2025-11-03,2025,Suzuki Alto,660,Commercial,2130052
LEA-2019-1750,33100-1001021-7,Chaudhry Hamza Sheikh,"House 682, Street 9, Shah Rukn-e-Alam, Multan",Multan,Punjab,2019-03-30,2019,Honda Civic,1800,Commercial,8433331
RWP-2018-1951,33100-1001021-7,Hamza Sheikh,"House 682, Street 9, Shah Rukn-e-Alam, Multan",Multan,Punjab,2018-05-09,2018,Suzuki Alto,660,Imported,2245704
LEA-2016-5532,54400-1000011-7,Saad Qureshi,"House 694, Street 27, Cantt, Quetta",Quetta,Balochistan,2016-09-22,2016,Suzuki Alto,660,Luxury,2226330
QTA-2019-2257,54400-1000011-7,S. Qureshi,"House 694, Street 27, Cantt, Quetta",Quetta,Balochistan,2019-01-24,2019,Toyota Corolla,1300,Commercial,5048151
RWP-2024-6074,54400-1000011-7,Chaudhry Saad Qureshi,"House 694, Street 27, Cantt, Quetta",Quetta,Balochistan,2024-07-10,2024,Honda Civic,1800,Luxury,7277215
KHI-2017-9233,35202-1001708-6,Kamran Qureshi,"House 726, Street 1, Gulgasht, Multan",Multan,Punjab,2017-12-19,2017,Toyota Land Cruiser,4600,Luxury,62482354
KHI-2025-5359,35202-1001708-6,Chaudhry Kamran Qureshi,"House 726, Street 1, Gulgasht, Multan",Multan,Punjab,2025-03-10,2025,BMW 5 Series,3000,Private,50544201
MUL-2016-1841,35202-1001708-6,Kamran Qureshi,"House 726, Street 1, Gulgasht, Multan",Multan,Punjab,2016-12-26,2016,Suzuki Mehran,800,Private,1108364
QTA-2019-6804,61101-1001735-5,Imran Siddiqui Sahib,"House 484, Street 24, Gulgasht, Multan",Multan,Punjab,2019-04-07,2019,Honda Civic,1800,Private,7822647
MUL-2024-6313,17301-1000862-4,M. Akhtar,"House 133, Street 18, Warsak Road, Peshawar",Peshawar,KPK,2024-08-21,2024,Suzuki Mehran,800,Commercial,893506
LEA-2023-9331,33100-1001242-4,M. Tariq,"House 55, Street 27, Satellite Town, Gujranwala",Gujranwala,Punjab,2023-12-16,2023,Suzuki Mehran,800,Imported,1021641
ICT-2017-6090,61101-1001362-4,Khalid Malik,"House 685, Street 6, G-11, Islamabad",Islamabad,Islamabad,2017-11-09,2017,Toyota Corolla,1300,Luxury,6200920
ICT-2017-9810,61101-1001362-4,Khalid Malik,"House 685, Street 6, G-11, Islamabad",Islamabad,Islamabad,2017-12-06,2017,Kia Sportage,2000,Commercial,9340348
ICT-2016-8119,61101-1001362-4,K. Malik,"House 685, Street 6, G-11, Islamabad",Islamabad,Islamabad,2016-08-28,2016,Toyota Prado,2700,Imported,30753099
QTA-2026-1951,61101-1001362-4,K. Malik,"House 685, Street 6, G-11, Islamabad",Islamabad,Islamabad,2026-05-07,2026,Toyota Prado,2700,Luxury,33359966
RWP-2024-7453,33100-1000351-7,Muhammad Ahmed,"House 914, Street 34, Bosan Road, Multan",Multan,Punjab,2024-11-09,2024,Suzuki Alto,660,Luxury,2140202
KHI-2020-1614,33100-1000351-7,Muhammad Ahmed,"House 914, Street 34, Bosan Road, Multan",Multan,Punjab,2020-06-19,2020,Suzuki Mehran,800,Commercial,968775
LEA-2018-6694,35202-1001271-7,S. Qureshi,"House 348, Street 17, F-10, Islamabad",Islamabad,Islamabad,2018-12-01,2018,Toyota Land Cruiser,4600,Imported,76691807
ICT-2024-2967,35202-1001858-6,H. Khan,"House 242, Street 1, Latifabad, Hyderabad",Hyderabad,Sindh,2024-10-31,2024,Audi A6,2000,Commercial,28503884
LEA-2017-3404,35202-1001858-6,Hassan Khan Sahib,"House 242, Street 1, Latifabad, Hyderabad",Hyderabad,Sindh,2017-01-23,2017,Toyota Land Cruiser,4600,Commercial,74020407
MUL-2023-9891,35202-1001858-6,Hassan Khan,"House 242, Street 1, Latifabad, Hyderabad",Hyderabad,Sindh,2023-08-06,2023,Toyota Corolla,1300,Imported,4340660
KHI-2021-3050,35202-1001516-2,Saad Qureshi,"House 826, Street 2, Satellite Town, Rawalpindi",Rawalpindi,Punjab,2021-12-13,2021,Toyota Corolla,1300,Commercial,5558260
LEA-2026-7192,33100-1000500-0,Z. Ahmed,"House 912, Street 18, Satellite Town, Quetta",Quetta,Balochistan,2026-04-05,2026,Suzuki Alto,660,Luxury,1717171
MUL-2023-9597,17301-1001197-9,Ayesha Khan,"House 503, Street 26, Bahria Town, Lahore",Lahore,Punjab,2023-03-18,2023,Suzuki Alto,660,Imported,2065569
FSD-2019-3895,17301-1001197-9,A. Khan,"House 503, Street 26, Bahria Town, Lahore",Lahore,Punjab,2019-07-10,2019,Suzuki Alto,660,Commercial,1459358
LEA-2023-5710,42101-1000344-8,Nida Hussain Sahib,"House 21, Street 13, People Colony, Faisalabad",Faisalabad,Punjab,2023-01-14,2023,Toyota Corolla,1300,Imported,4566946
FSD-2025-8004,42101-1000344-8,Chaudhry Nida Hussain,"House 21, Street 13, People Colony, Faisalabad",Faisalabad,Punjab,2025-11-10,2025,Toyota Land Cruiser,4600,Luxury,58751677
FSD-2019-7563,54400-1000903-1,Chaudhry Kamran Qureshi,"House 105, Street 9, Satellite Town, Gujranwala",Gujranwala,Punjab,2019-08-27,2019,Honda Civic,1800,Imported,9132932
QTA-2019-2726,54400-1000903-1,Kamran Qureshi,"House 105, Street 9, Satellite Town, Gujranwala",Gujranwala,Punjab,2019-10-02,2019,Toyota Corolla,1300,Luxury,5577386
FSD-2019-5136,54400-1000903-1,Kamran Qureshi Sahib,"House 105, Street 9, Satellite Town, Gujranwala",Gujranwala,Punjab,2019-04-24,2019,Honda Civic,1800,Private,8209080
LEA-2024-3791,42101-1001448-6,Hira Shah Sahib,"House 895, Street 30, G-11, Islamabad",Islamabad,Islamabad,2024-05-16,2024,Suzuki Alto,660,Private,1510769
RWP-2019-9791,42101-1001448-6,Hira Shah,"House 895, Street 30, G-11, Islamabad",Islamabad,Islamabad,2019-08-14,2019,Kia Sportage,2000,Imported,12647327
MUL-2016-4387,42101-1001448-6,Hira Shah,"House 895, Street 30, G-11, Islamabad",Islamabad,Islamabad,2016-04-19,2016,Suzuki Alto,660,Private,1765508
QTA-2022-3370,35202-1000199-3,Laiba Khan,"House 257, Street 34, Peoples Colony, Gujranwala",Gujranwala,Punjab,2022-03-15,2022,Suzuki Mehran,800,Luxury,732421
MUL-2026-1112,33100-1000015-5,Chaudhry Danish Butt,"House 653, Street 24, DHA Phase 5, Lahore",Lahore,Punjab,2026-04-28,2026,Mercedes E Class,2000,Luxury,31201922
RWP-2018-7993,33100-1000015-5,Danish Butt,"House 653, Street 24, DHA Phase 5, Lahore",Lahore,Punjab,2018-06-01,2018,BMW 5 Series,3000,Private,37087002
MUL-2023-6649,33100-1000015-5,Danish Butt,"House 653, Street 24, DHA Phase 5, Lahore",Lahore,Punjab,2023-07-01,2023,Audi A6,2000,Private,44855474
ICT-2023-4523,61101-1001173-1,Kashif Javed,"House 855, Street 16, Gulgasht, Multan",Multan,Punjab,2023-05-04,2023,Honda Civic,1800,Private,6768443
PES-2020-6774,61101-1001173-1,Kashif Javed,"House 855, Street 16, Gulgasht, Multan",Multan,Punjab,2020-05-30,2020,Suzuki Mehran,800,Commercial,1039639
KHI-2016-2804,33100-1000428-6,Chaudhry Fatima Ali,"House 494, Street 17, Bahadurabad, Karachi",Karachi,Sindh,2016-01-07,2016,Toyota Corolla,1300,Imported,6599755
PES-2016-1148,33100-1000428-6,Fatima Ali Sahib,"House 494, Street 17, Bahadurabad, Karachi",Karachi,Sindh,2016-10-14,2016,Suzuki Mehran,800,Imported,710556
LEA-2020-4640,54400-1001432-4,K. Malik,"House 439, Street 1, Chaklala, Rawalpindi",Rawalpindi,Punjab,2020-09-30,2020,Toyota Corolla,1300,Private,4758396
ICT-2024-7992,42101-1000956-2,S. Qureshi,"House 935, Street 9, G-11, Islamabad",Islamabad,Islamabad,2024-10-08,2024,Honda Civic,1800,Commercial,7450410
QTA-2020-8192,42101-1000956-2,Chaudhry Saad Qureshi,"House 935, Street 9, G-11, Islamabad",Islamabad,Islamabad,2020-03-04,2020,Toyota Corolla,1300,Commercial,5564941
KHI-2018-8547,42101-1000956-2,Saad Qureshi,"House 935, Street 9, G-11, Islamabad",Islamabad,Islamabad,2018-01-19,2018,BMW 5 Series,3000,Imported,51066617
KHI-2026-7208,42101-1000956-2,Saad Qureshi,"House 935, Street 9, G-11, Islamabad",Islamabad,Islamabad,2026-11-01,2026,Suzuki Mehran,800,Private,968314
RWP-2026-9885,61101-1000931-7,Taha Hussain Sahib,"House 220, Street 18, Peoples Colony, Gujranwala",Gujranwala,Punjab,2026-09-13,2026,Suzuki Alto,660,Luxury,1621192
KHI-2020-8064,61101-1000931-7,T. Hussain,"House 220, Street 18, Peoples Colony, Gujranwala",Gujranwala,Punjab,2020-09-02,2020,Hyundai Tucson,2000,Luxury,11960522
LEA-2016-3162,42101-1000482-4,A. Baig,"House 646, Street 10, Saddar, Peshawar",Peshawar,KPK,2016-09-12,2016,Honda Civic,1800,Luxury,10101003
RWP-2018-1161,17301-1001604-8,Chaudhry Nida Hussain,"House 923, Street 18, Queens Road, Sukkur",Sukkur,Sindh,2018-08-05,2018,Suzuki Mehran,800,Private,808063
ICT-2024-6690,17301-1001604-8,Chaudhry Nida Hussain,"House 923, Street 18, Queens Road, Sukkur",Sukkur,Sindh,2024-03-07,2024,Hyundai Tucson,2000,Private,9528597
LEA-2019-3304,54400-1001434-8,Amna Chaudhry Sahib,"House 950, Street 22, DHA Phase 2, Islamabad",Islamabad,Islamabad,2019-03-31,2019,Suzuki Mehran,800,Commercial,939165
PES-2026-2261,35202-1001862-4,Ayesha Khan Sahib,"House 80, Street 24, Rohri, Sukkur",Sukkur,Sindh,2026-08-08,2026,Suzuki Mehran,800,Luxury,973272
KHI-2021-4642,45501-1001245-5,I. Siddiqui,"House 383, Street 34, Gulberg, Lahore",Lahore,Punjab,2021-11-14,2021,Honda Civic,1800,Commercial,9004057
KHI-2022-5539,45501-1001245-5,Chaudhry Imran Siddiqui,"House 383, Street 34, Gulberg, Lahore",Lahore,Punjab,2022-07-09,2022,Toyota Corolla,1300,Imported,6842475
FSD-2026-9896,61101-1000925-5,Danish Butt Sahib,"House 667, Street 8, DHA Multan, Multan",Multan,Punjab,2026-06-23,2026,Toyota Prado,2700,Imported,41660040
KHI-2024-7710,42101-1001584-8,Chaudhry Sana Iqbal,"House 788, Street 14, Saddar, Hyderabad",Hyderabad,Sindh,2024-12-12,2024,Honda Civic,1800,Commercial,9237081
FSD-2017-3342,42101-1001584-8,Sana Iqbal,"House 788, Street 14, Saddar, Hyderabad",Hyderabad,Sindh,2017-11-07,2017,Honda Civic,1800,Private,7435031
PES-2020-8702,61101-1000175-5,Waseem Akram,"House 765, Street 26, Military Road, Sukkur",Sukkur,Sindh,2020-12-07,2020,Honda Civic,1800,Commercial,6655365
MUL-2024-8289,17301-1001810-0,Sara Ahmed Sahib,"House 759, Street 6, DHA Phase 2, Islamabad",Islamabad,Islamabad,2024-06-04,2024,Honda Civic,1800,Imported,7184899
LEA-2021-2486,17301-1001810-0,Sara Ahmed,"House 759, Street 6, DHA Phase 2, Islamabad",Islamabad,Islamabad,2021-11-05,2021,Suzuki Mehran,800,Private,758498
MUL-2018-7161,17301-1001810-0,S. Ahmed,"House 759, Street 6, DHA Phase 2, Islamabad",Islamabad,Islamabad,2018-06-12,2018,Honda Civic,1800,Private,10255862
ICT-2016-6635,17301-1001810-0,Sara Ahmed,"House 759, Street 6, DHA Phase 2, Islamabad",Islamabad,Islamabad,2016-08-02,2016,Toyota Corolla,1300,Private,6678612
MUL-2021-4589,54400-1000293-1,Hira Shah,"House 779, Street 18, Shah Rukn-e-Alam, Multan",Multan,Punjab,2021-02-03,2021,Toyota Corolla,1300,Luxury,6772692
LEA-2026-6047,54400-1000293-1,H. Shah,"House 779, Street 18, Shah Rukn-e-Alam, Multan",Multan,Punjab,2026-05-23,2026,Honda Civic,1800,Imported,9215683
LEA-2022-5007,61101-1000120-0,Danish Butt,"House 430, Street 12, Gulberg, Faisalabad",Faisalabad,Punjab,2022-05-25,2022,Suzuki Alto,660,Luxury,1680820
ICT-2026-5199,35202-1001840-0,Imran Siddiqui,"House 278, Street 3, Latifabad, Hyderabad",Hyderabad,Sindh,2026-11-28,2026,Toyota Land Cruiser,4600,Imported,64377463
QTA-2026-7576,61101-1001671-7,M. Malik,"House 152, Street 5, Military Road, Sukkur",Sukkur,Sindh,2026-03-05,2026,Suzuki Mehran,800,Imported,977618
FSD-2016-3164,33100-1001459-3,Laiba Khan,"House 329, Street 14, G-11, Islamabad",Islamabad,Islamabad,2016-09-18,2016,Honda Civic,1800,Luxury,7300494
QTA-2021-5753,54400-1000616-2,Taha Hussain,"House 561, Street 30, Shah Rukn-e-Alam, Multan",Multan,Punjab,2021-07-29,2021,Toyota Land Cruiser,4600,Private,71341180
KHI-2022-5519,54400-1000616-2,T. Hussain,"House 561, Street 30, Shah Rukn-e-Alam, Multan",Multan,Punjab,2022-11-01,2022,Suzuki Mehran,800,Private,695981
ICT-2023-1898,54400-1000616-2,Taha Hussain Sahib,"House 561, Street 30, Shah Rukn-e-Alam, Multan",Multan,Punjab,2023-07-27,2023,Audi A6,2000,Private,31671893
MUL-2020-8027,35202-1000628-6,Shazia Butt,"House 796, Street 29, Nazimabad, Karachi",Karachi,Sindh,2020-05-03,2020,Hyundai Tucson,2000,Luxury,15024163
ICT-2018-4288,42101-1001764-8,Nimra Aslam,"House 104, Street 9, Jinnah Town, Quetta",Quetta,Balochistan,2018-12-02,2018,Honda Civic,1800,Imported,8471113
ICT-2020-2805,33100-1000624-8,Nida Hussain,"House 112, Street 34, Bahria Enclave, Islamabad",Islamabad,Islamabad,2020-07-05,2020,Toyota Corolla,1300,Commercial,4173402
MUL-2021-1874,45501-1000174-8,Amna Chaudhry,"House 324, Street 11, Chaklala, Rawalpindi",Rawalpindi,Punjab,2021-02-20,2021,Honda Civic,1800,Luxury,8496852
PES-2017-4402,45501-1000174-8,Amna Chaudhry,"House 324, Street 11, Chaklala, Rawalpindi",Rawalpindi,Punjab,2017-10-10,2017,Hyundai Tucson,2000,Imported,13561438
QTA-2022-2254,17301-1001793-1,Chaudhry Fatima Ali,"House 319, Street 34, Brewery Road, Quetta",Quetta,Balochistan,2022-03-02,2022,Honda Civic,1800,Luxury,9439170
FSD-2016-7267,17301-1001793-1,Fatima Ali,"House 319, Street 34, Brewery Road, Quetta",Quetta,Balochistan,2016-10-14,2016,Toyota Corolla,1300,Imported,5524632
MUL-2026-9794,17301-1001793-1,Fatima Ali Sahib,"House 319, Street 34, Brewery Road, Quetta",Quetta,Balochistan,2026-03-12,2026,Suzuki Alto,660,Private,1881143
FSD-2022-4383,61101-1001383-1,Kashif Javed,"House 219, Street 12, Cantt, Quetta",Quetta,Balochistan,2022-04-12,2022,Suzuki Alto,660,Luxury,1916604
ICT-2025-8048,61101-1001383-1,Kashif Javed Sahib,"House 219, Street 12, Cantt, Quetta",Quetta,Balochistan,2025-08-30,2025,Honda Civic,1800,Private,9547310
MUL-2025-7819,42101-1000958-6,Hira Shah,"House 713, Street 13, Bahria Town, Lahore",Lahore,Punjab,2025-07-23,2025,Kia Sportage,2000,Luxury,11391493
LEA-2025-1495,42101-1001954-8,N. Hussain,"House 544, Street 17, Cantt, Multan",Multan,Punjab,2025-09-21,2025,Toyota Corolla,1300,Luxury,6142934
FSD-2016-8054,42101-1001954-8,Nida Hussain,"House 544, Street 17, Cantt, Multan",Multan,Punjab,2016-10-31,2016,Toyota Corolla,1300,Luxury,6527644
ICT-2024-2890,42101-1001954-8,N. Hussain,"House 544, Street 17, Cantt, Multan",Multan,Punjab,2024-04-09,2024,Suzuki Alto,660,Imported,1650504
PES-2026-9224,54400-1000236-2,Mariam Malik,"House 556, Street 15, Brewery Road, Quetta",Quetta,Balochistan,2026-09-17,2026,Toyota Corolla,1300,Commercial,5619039
KHI-2016-8452,54400-1000236-2,M. Malik,"House 556, Street 15, Brewery Road, Quetta",Quetta,Balochistan,2016-06-21,2016,Hyundai Tucson,2000,Imported,11340053
LEA-2026-6662,54400-1000236-2,Mariam Malik,"House 556, Street 15, Brewery Road, Quetta",Quetta,Balochistan,2026-11-29,2026,Suzuki Mehran,800,Imported,771446
RWP-2023-9447,42101-1001820-0,Waseem Akram Sahib,"House 786, Street 15, Wapda Town, Gujranwala",Gujranwala,Punjab,2023-06-15,2023,Suzuki Alto,660,Private,1960150
FSD-2021-9391,17301-1000991-7,Saad Qureshi Sahib,"House 755, Street 14, Barrage Road, Sukkur",Sukkur,Sindh,2021-05-13,2021,Hyundai Tucson,2000,Imported,11525648
LEA-2021-8164,17301-1000991-7,S. Qureshi,"House 755, Street 14, Barrage Road, Sukkur",Sukkur,Sindh,2021-08-06,2021,Suzuki Mehran,800,Commercial,988303
MUL-2016-2894,45501-1001890-0,Chaudhry Waseem Akram,"House 818, Street 14, Gulshan-e-Iqbal, Karachi",Karachi,Sindh,2016-02-17,2016,Suzuki Alto,660,Luxury,1819682
PES-2023-6582,45501-1001890-0,Chaudhry Waseem Akram,"House 818, Street 14, Gulshan-e-Iqbal, Karachi",Karachi,Sindh,2023-12-07,2023,Suzuki Mehran,800,Private,904169
ICT-2020-8423,42101-1000171-7,Chaudhry Naveed Raza,"House 365, Street 14, Saddar, Rawalpindi",Rawalpindi,Punjab,2020-09-06,2020,Suzuki Mehran,800,Commercial,849767
QTA-2021-8747,42101-1000171-7,Naveed Raza Sahib,"House 365, Street 14, Saddar, Rawalpindi",Rawalpindi,Punjab,2021-09-26,2021,Honda Civic,1800,Luxury,9672125
FSD-2024-2411,42101-1000171-7,N. Raza,"House 365, Street 14, Saddar, Rawalpindi",Rawalpindi,Punjab,2024-10-19,2024,Kia Sportage,2000,Private,12199240
PES-2023-2825,54400-1000074-8,B. Ahmed,"House 639, Street 2, DHA Multan, Multan",Multan,Punjab,2023-06-25,2023,Audi A6,2000,Imported,43257056
RWP-2025-2733,42101-1001403-1,Hassan Khan,"House 770, Street 31, Gulgasht, Multan",Multan,Punjab,2025-08-15,2025,Toyota Corolla,1300,Luxury,5057830
KHI-2018-1522,35202-1000166-2,Mariam Malik,"House 153, Street 20, New Pind, Sukkur",Sukkur,Sindh,2018-08-31,2018,Toyota Prado,2700,Imported,28042294
LEA-2016-9128,61101-1001672-4,A. Baig,"House 515, Street 24, Auto Bhan, Hyderabad",Hyderabad,Sindh,2016-10-22,2016,Suzuki Mehran,800,Commercial,910907
PES-2026-5646,61101-1001672-4,A. Baig,"House 515, Street 24, Auto Bhan, Hyderabad",Hyderabad,Sindh,2026-07-11,2026,Honda Civic,1800,Private,8620959
RWP-2024-1205,61101-1001672-4,Ahmed Baig,"House 515, Street 24, Auto Bhan, Hyderabad",Hyderabad,Sindh,2024-06-26,2024,Suzuki Alto,660,Commercial,1873010
PES-2017-6646,61101-1001672-4,A. Baig,"House 515, Street 24, Auto Bhan, Hyderabad",Hyderabad,Sindh,2017-04-05,2017,Toyota Land Cruiser,4600,Luxury,71810366
KHI-2021-3225,35202-1001098-6,Hira Shah,"House 716, Street 10, Bosan Road, Multan",Multan,Punjab,2021-10-14,2021,Mercedes E Class,2000,Luxury,46879436
MUL-2021-6209,61101-1000852-4,Chaudhry Umer Farooq,"House 376, Street 30, Barrage Road, Sukkur",Sukkur,Sindh,2021-08-27,2021,Toyota Corolla,1300,Imported,5304553
FSD-2025-9550,61101-1000852-4,Umer Farooq,"House 376, Street 30, Barrage Road, Sukkur",Sukkur,Sindh,2025-02-24,2025,Suzuki Mehran,800,Luxury,1019125
KHI-2021-2354,45501-1000613-1,K. Javed,"House 201, Street 29, People Colony, Faisalabad",Faisalabad,Punjab,2021-11-10,2021,Toyota Prado,2700,Private,29408717
KHI-2024-7925,45501-1001239-3,Nimra Aslam,"House 597, Street 11, Satellite Town, Rawalpindi",Rawalpindi,Punjab,2024-08-05,2024,Honda Civic,1800,Commercial,8939898
QTA-2021-6404,33100-1001948-6,Asad Iqbal,"House 723, Street 32, Wapda Town, Gujranwala",Gujranwala,Punjab,2021-04-24,2021,Suzuki Mehran,800,Luxury,984603
ICT-2022-3806,33100-1001948-6,Asad Iqbal,"House 723, Street 32, Wapda Town, Gujranwala",Gujranwala,Punjab,2022-08-23,2022,Suzuki Mehran,800,Luxury,978696
LEA-2023-4814,33100-1000006-2,Chaudhry Hamza Sheikh,"House 938, Street 2, E-11, Islamabad",Islamabad,Islamabad,2023-08-17,2023,Suzuki Alto,660,Commercial,2242775
PES-2018-9543,35202-1001551-7,Saad Qureshi,"House 561, Street 6, Queens Road, Sukkur",Sukkur,Sindh,2018-12-29,2018,Toyota Corolla,1300,Private,4650175
LEA-2016-3122,33100-1001293-1,Chaudhry Shazia Butt,"House 751, Street 9, Gulberg, Faisalabad",Faisalabad,Punjab,2016-12-01,2016,Suzuki Alto,660,Imported,1659362
LEA-2026-8308,54400-1001135-5,Danish Butt,"House 855, Street 22, New Pind, Sukkur",Sukkur,Sindh,2026-10-28,2026,Mercedes E Class,2000,Luxury,44742997
PES-2025-4598,61101-1001763-1,H. Shah,"House 599, Street 8, Saddar, Hyderabad",Hyderabad,Sindh,2025-01-22,2025,Kia Sportage,2000,Luxury,9836050
RWP-2017-8829,61101-1001763-1,Hira Shah,"House 599, Street 8, Saddar, Hyderabad",Hyderabad,Sindh,2017-06-21,2017,Toyota Corolla,1300,Commercial,4192843
ICT-2018-1469,61101-1001763-1,Hira Shah,"House 599, Street 8, Saddar, Hyderabad",Hyderabad,Sindh,2018-09-28,2018,Toyota Prado,2700,Imported,41022300
ICT-2023-7525,61101-1000075-5,Usman Malik Sahib,"House 228, Street 25, Madina Town, Faisalabad",Faisalabad,Punjab,2023-05-07,2023,Suzuki Mehran,800,Private,805012
KHI-2025-9841,61101-1000075-5,Chaudhry Usman Malik,"House 228, Street 25, Madina Town, Faisalabad",Faisalabad,Punjab,2025-09-06,2025,Honda Civic,1800,Imported,9153262
FSD-2024-7769,61101-1000075-5,U. Malik,"House 228, Street 25, Madina Town, Faisalabad",Faisalabad,Punjab,2024-03-17,2024,Honda Civic,1800,Luxury,10417532
MUL-2021-9658,17301-1000461-7,Chaudhry Hamza Sheikh,"House 69, Street 17, DHA Phase 5, Lahore",Lahore,Punjab,2021-05-05,2021,Toyota Prado,2700,Commercial,39699185
QTA-2024-1846,61101-1001872-4,Chaudhry Maham Tariq,"House 331, Street 3, Cantt, Quetta",Quetta,Balochistan,2024-11-07,2024,Honda Civic,1800,Private,7395916
PES-2020-9049,17301-1001455-5,I. Siddiqui,"House 224, Street 34, Auto Bhan, Hyderabad",Hyderabad,Sindh,2020-05-27,2020,Toyota Corolla,1300,Imported,4941124
LEA-2016-8234,35202-1001902-4,Umer Farooq,"House 987, Street 33, Queens Road, Sukkur",Sukkur,Sindh,2016-02-24,2016,Toyota Corolla,1300,Luxury,5738763
LEA-2026-7491,35202-1001902-4,Umer Farooq,"House 987, Street 33, Queens Road, Sukkur",Sukkur,Sindh,2026-01-01,2026,Toyota Corolla,1300,Commercial,6160598
KHI-2019-6509,35202-1001902-4,Chaudhry Umer Farooq,"House 987, Street 33, Queens Road, Sukkur",Sukkur,Sindh,2019-06-28,2019,Suzuki Mehran,800,Luxury,808197
PES-2026-6069,54400-1001977-9,Maham Tariq,"House 902, Street 26, Gulberg, Faisalabad",Faisalabad,Punjab,2026-12-08,2026,Suzuki Alto,660,Private,1535516
LEA-2021-6483,54400-1001977-9,M. Tariq,"House 902, Street 26, Gulberg, Faisalabad",Faisalabad,Punjab,2021-05-27,2021,Honda Civic,1800,Luxury,10227079
ICT-2025-6835,61101-1000584-8,Laiba Khan Sahib,"House 220, Street 22, Civil Lines, Gujranwala",Gujranwala,Punjab,2025-08-25,2025,Suzuki Mehran,800,Commercial,773431
QTA-2019-6161,45501-1000028-6,K. Qureshi,"House 800, Street 19, DHA Phase 2, Islamabad",Islamabad,Islamabad,2019-08-20,2019,Suzuki Alto,660,Imported,2047723
RWP-2017-1768,45501-1001718-6,H. Khan,"House 486, Street 24, E-11, Islamabad",Islamabad,Islamabad,2017-12-01,2017,Toyota Prado,2700,Imported,32566132
PES-2019-3164,45501-1001718-6,Hassan Khan,"House 486, Street 24, E-11, Islamabad",Islamabad,Islamabad,2019-03-31,2019,Mercedes E Class,2000,Commercial,39371100
RWP-2019-4326,61101-1001670-0,Chaudhry Sara Ahmed,"House 86, Street 33, Auto Bhan, Hyderabad",Hyderabad,Sindh,2019-06-08,2019,Honda Civic,1800,Private,10496013
KHI-2021-7897,61101-1001670-0,Sara Ahmed,"House 86, Street 33, Auto Bhan, Hyderabad",Hyderabad,Sindh,2021-07-23,2021,Honda Civic,1800,Private,8194218
QTA-2026-8807,61101-1001670-0,S. Ahmed,"House 86, Street 33, Auto Bhan, Hyderabad",Hyderabad,Sindh,2026-09-26,2026,Toyota Corolla,1300,Imported,4891346
FSD-2022-7591,61101-1001670-0,Sara Ahmed,"House 86, Street 33, Auto Bhan, Hyderabad",Hyderabad,Sindh,2022-04-14,2022,Toyota Corolla,1300,Commercial,4693408
MUL-2016-7561,42101-1001170-0,Danish Butt,"House 948, Street 30, Satellite Town, Rawalpindi",Rawalpindi,Punjab,2016-02-11,2016,Honda Civic,1800,Imported,6835913
KHI-2018-8814,42101-1000540-0,Danish Butt,"House 248, Street 35, DHA Phase 6, Karachi",Karachi,Sindh,2018-08-23,2018,Suzuki Alto,660,Imported,1650715
PES-2024-2540,54400-1001769-3,Rabia Noor,"House 343, Street 1, Gulberg, Lahore",Lahore,Punjab,2024-03-06,2024,BMW 5 Series,3000,Private,35354904
LEA-2019-5398,54400-1001769-3,Rabia Noor,"House 343, Street 1, Gulberg, Lahore",Lahore,Punjab,2019-05-23,2019,Toyota Prado,2700,Luxury,29652258
MUL-2017-7181,61101-1000919-3,Sana Iqbal,"House 952, Street 21, Brewery Road, Quetta",Quetta,Balochistan,2017-04-01,2017,BMW 5 Series,3000,Private,44625869
LEA-2017-7849,35202-1000611-7,Chaudhry Fahad Mirza,"House 320, Street 24, Hayatabad, Peshawar",Peshawar,KPK,2017-07-10,2017,Suzuki Alto,660,Imported,2039562
PES-2018-4431,35202-1000611-7,Chaudhry Fahad Mirza,"House 320, Street 24, Hayatabad, Peshawar",Peshawar,KPK,2018-03-18,2018,Honda Civic,1800,Imported,7045934
QTA-2019-9869,33100-1001999-3,Bilal Ahmed Sahib,"House 482, Street 28, Shah Rukn-e-Alam, Multan",Multan,Punjab,2019-02-19,2019,Toyota Corolla,1300,Luxury,5957363
KHI-2017-3651,35202-1001331-7,Chaudhry Muhammad Ahmed,"House 839, Street 27, Model Town, Gujranwala",Gujranwala,Punjab,2017-10-17,2017,Audi A6,2000,Private,32685878
QTA-2016-5601,35202-1001331-7,Chaudhry Muhammad Ahmed,"House 839, Street 27, Model Town, Gujranwala",Gujranwala,Punjab,2016-01-25,2016,Hyundai Tucson,2000,Commercial,10101095
QTA-2020-7295,33100-1001406-2,Chaudhry Hamza Sheikh,"House 108, Street 12, DHA Multan, Multan",Multan,Punjab,2020-07-30,2020,Suzuki Mehran,800,Private,785186
ICT-2016-4650,33100-1000102-4,Khalid Malik Sahib,"House 407, Street 23, Samungli Road, Quetta",Quetta,Balochistan,2016-05-27,2016,Honda Civic,1800,Commercial,10277285
LEA-2020-4540,17301-1000866-2,Mariam Malik,"House 451, Street 8, DHA Phase 2, Islamabad",Islamabad,Islamabad,2020-03-02,2020,Mercedes E Class,2000,Imported,35840738
ICT-2024-9759,45501-1000127-9,Muneeb Akhtar,"House 191, Street 7, Warsak Road, Peshawar",Peshawar,KPK,2024-04-30,2024,Suzuki Mehran,800,Luxury,900262
MUL-2024-2368,61101-1001675-5,Chaudhry Huma Ghani,"House 418, Street 23, Satellite Town, Quetta",Quetta,Balochistan,2024-05-22,2024,Suzuki Alto,660,Private,2070525
RWP-2026-7492,61101-1001675-5,Chaudhry Huma Ghani,"House 418, Street 23, Satellite Town, Quetta",Quetta,Balochistan,2026-04-21,2026,Toyota Prado,2700,Commercial,34613638
LEA-2018-3660,61101-1000675-5,Zainab Ahmed,"House 539, Street 14, DHA Multan, Multan",Multan,Punjab,2018-02-25,2018,Suzuki Mehran,800,Imported,996243
LEA-2025-1139,54400-1000228-6,Kashif Javed,"House 707, Street 3, Barrage Road, Sukkur",Sukkur,Sindh,2025-08-31,2025,Kia Sportage,2000,Commercial,12336940
MUL-2018-2770,42101-1001798-6,Hira Shah,"House 586, Street 28, Cantt, Quetta",Quetta,Balochistan,2018-06-27,2018,Toyota Prado,2700,Private,37015652
KHI-2023-2327,42101-1001798-6,Chaudhry Hira Shah,"House 586, Street 28, Cantt, Quetta",Quetta,Balochistan,2023-01-23,2023,BMW 5 Series,3000,Private,36501052
ICT-2023-4209,45501-1001844-8,L. Khan,"House 292, Street 28, Shah Rukn-e-Alam, Multan",Multan,Punjab,2023-06-12,2023,Toyota Corolla,1300,Luxury,4929855
PES-2023-8708,45501-1001844-8,Chaudhry Laiba Khan,"House 292, Street 28, Shah Rukn-e-Alam, Multan",Multan,Punjab,2023-03-15,2023,Kia Sportage,2000,Imported,14280206
MUL-2020-2320,45501-1001844-8,Laiba Khan,"House 292, Street 28, Shah Rukn-e-Alam, Multan",Multan,Punjab,2020-06-08,2020,Honda Civic,1800,Imported,9105703
QTA-2024-7815,35202-1001206-2,Fahad Mirza,"House 957, Street 5, Clifton, Karachi",Karachi,Sindh,2024-01-20,2024,Honda Civic,1800,Private,6808422
MUL-2024-8397,35202-1001943-1,Kashif Javed,"House 595, Street 20, Johar Town, Lahore",Lahore,Punjab,2024-09-26,2024,Toyota Land Cruiser,4600,Luxury,63120347
PES-2020-6647,17301-1000985-5,Usman Malik,"House 725, Street 16, Gulshan-e-Iqbal, Karachi",Karachi,Sindh,2020-06-25,2020,Suzuki Alto,660,Imported,2157243
QTA-2022-7531,17301-1000985-5,Chaudhry Usman Malik,"House 725, Street 16, Gulshan-e-Iqbal, Karachi",Karachi,Sindh,2022-03-13,2022,Suzuki Mehran,800,Private,851875
FSD-2025-6509,61101-1000818-6,Hira Shah,"House 819, Street 6, New Pind, Sukkur",Sukkur,Sindh,2025-11-27,2025,Toyota Corolla,1300,Imported,6531986
MUL-2020-1003,35202-1000231-7,T. Hussain,"House 353, Street 13, Model Town, Lahore",Lahore,Punjab,2020-11-14,2020,Suzuki Mehran,800,Luxury,791988
ICT-2021-4000,17301-1001750-0,W. Akram,"House 798, Street 23, Satellite Town, Quetta",Quetta,Balochistan,2021-05-19,2021,Honda Civic,1800,Luxury,7166425
QTA-2025-1176,17301-1001750-0,Waseem Akram,"House 798, Street 23, Satellite Town, Quetta",Quetta,Balochistan,2025-05-25,2025,Toyota Land Cruiser,4600,Private,69483110
MUL-2018-8527,33100-1001819-3,Amna Chaudhry Sahib,"House 107, Street 7, Warsak Road, Peshawar",Peshawar,KPK,2018-03-18,2018,Suzuki Alto,660,Commercial,1892841
ICT-2020-1495,45501-1001046-2,Chaudhry Naveed Raza,"House 685, Street 2, Gulshan-e-Iqbal, Karachi",Karachi,Sindh,2020-07-02,2020,Suzuki Alto,660,Imported,1992062
ICT-2025-2191,54400-1000989-3,Sana Iqbal,"House 303, Street 22, PWD, Rawalpindi",Rawalpindi,Punjab,2025-02-28,2025,Suzuki Alto,660,Commercial,1778681
LEA-2025-5511,54400-1000989-3,S. Iqbal,"House 303, Street 22, PWD, Rawalpindi",Rawalpindi,Punjab,2025-05-19,2025,Suzuki Alto,660,Commercial,1853847
KHI-2024-5868,54400-1000989-3,Chaudhry Sana Iqbal,"House 303, Street 22, PWD, Rawalpindi",Rawalpindi,Punjab,2024-08-15,2024,Toyota Corolla,1300,Luxury,6842339
LEA-2020-9730,54400-1000938-6,Kamran Qureshi,"House 958, Street 29, Gulberg, Lahore",Lahore,Punjab,2020-03-01,2020,Toyota Corolla,1300,Luxury,4206708
FSD-2022-6478,54400-1000938-6,Kamran Qureshi Sahib,"House 958, Street 29, Gulberg, Lahore",Lahore,Punjab,2022-08-03,2022,Suzuki Alto,660,Private,2178702
PES-2023-8953,33100-1000656-2,Mariam Malik,"House 580, Street 28, University Road, Peshawar",Peshawar,KPK,2023-02-23,2023,Toyota Prado,2700,Private,39685643
MUL-2023-7982,17301-1001369-3,Bilal Ahmed,"House 713, Street 4, Barrage Road, Sukkur",Sukkur,Sindh,2023-07-20,2023,Toyota Land Cruiser,4600,Commercial,55244092
LEA-2026-8803,35202-1001491-7,Taha Hussain Sahib,"House 393, Street 11, Model Town, Lahore",Lahore,Punjab,2026-04-14,2026,Honda Civic,1800,Luxury,7201839
LEA-2021-9551,17301-1001216-2,Mariam Malik,"House 833, Street 4, Bahria Town, Rawalpindi",Rawalpindi,Punjab,2021-07-30,2021,Kia Sportage,2000,Commercial,9839930
LEA-2016-6093,17301-1001216-2,M. Malik,"House 833, Street 4, Bahria Town, Rawalpindi",Rawalpindi,Punjab,2016-02-16,2016,Suzuki Alto,660,Private,1484094
FSD-2017-8742,17301-1001216-2,M. Malik,"House 833, Street 4, Bahria Town, Rawalpindi",Rawalpindi,Punjab,2017-06-23,2017,BMW 5 Series,3000,Imported,40257815
PES-2021-6315,17301-1001216-2,Mariam Malik,"House 833, Street 4, Bahria Town, Rawalpindi",Rawalpindi,Punjab,2021-05-04,2021,Kia Sportage,2000,Commercial,14164342
LEA-2017-9193,33100-1000929-3,R. Noor,"House 170, Street 35, Model Town, Gujranwala",Gujranwala,Punjab,2017-06-05,2017,Toyota Land Cruiser,4600,Luxury,74262674
RWP-2024-4001,33100-1000929-3,Rabia Noor,"House 170, Street 35, Model Town, Gujranwala",Gujranwala,Punjab,2024-06-09,2024,BMW 5 Series,3000,Commercial,47540659
MUL-2026-8504,35202-1000509-3,Chaudhry Rabia Noor,"House 939, Street 20, PWD, Rawalpindi",Rawalpindi,Punjab,2026-06-08,2026,Suzuki Mehran,800,Imported,720494
ICT-2025-6412,17301-1001235-5,Z. Ahmed,"House 671, Street 30, Brewery Road, Quetta",Quetta,Balochistan,2025-03-14,2025,Suzuki Alto,660,Private,1415801
ICT-2022-8666,45501-1000311-7,Naveed Raza,"House 379, Street 5, Peoples Colony, Gujranwala",Gujranwala,Punjab,2022-01-16,2022,Suzuki Alto,660,Imported,1648699
KHI-2018-5981,45501-1000311-7,N. Raza,"House 379, Street 5, Peoples Colony, Gujranwala",Gujranwala,Punjab,2018-09-28,2018,Suzuki Mehran,800,Private,925130
FSD-2017-6967,61101-1001950-0,Sara Ahmed,"House 804, Street 10, Rohri, Sukkur",Sukkur,Sindh,2017-11-27,2017,Suzuki Alto,660,Imported,2244868
PES-2019-5939,35202-1001741-7,Mariam Malik Sahib,"House 909, Street 19, Bahria Town, Lahore",Lahore,Punjab,2019-11-15,2019,Toyota Corolla,1300,Imported,4186274
MUL-2026-2000,17301-1000604-8,S. Iqbal,"House 447, Street 32, Bosan Road, Multan",Multan,Punjab,2026-08-29,2026,Honda Civic,1800,Imported,9346204
QTA-2017-9042,17301-1000604-8,S. Iqbal,"House 447, Street 32, Bosan Road, Multan",Multan,Punjab,2017-01-27,2017,Mercedes E Class,2000,Imported,30916797
ICT-2019-8898,17301-1001117-9,Khalid Malik,"House 887, Street 5, Bahria Town, Lahore",Lahore,Punjab,2019-10-23,2019,Honda Civic,1800,Private,6423568
PES-2026-2368,17301-1001117-9,K. Malik,"House 887, Street 5, Bahria Town, Lahore",Lahore,Punjab,2026-05-13,2026,Honda Civic,1800,Imported,8100783
RWP-2016-5753,33100-1000520-0,H. Ghani,"House 159, Street 26, Canal Road, Faisalabad",Faisalabad,Punjab,2016-12-31,2016,Toyota Corolla,1300,Commercial,5287280
MUL-2018-5805,45501-1000173-1,S. Butt,"House 252, Street 7, New Pind, Sukkur",Sukkur,Sindh,2018-02-05,2018,Honda Civic,1800,Imported,10611830
QTA-2022-6885,45501-1000173-1,Shazia Butt Sahib,"House 252, Street 7, New Pind, Sukkur",Sukkur,Sindh,2022-05-16,2022,Toyota Prado,2700,Luxury,41417095
KHI-2016-6944,33100-1001637-9,Ahmed Baig,"House 29, Street 17, Satellite Town, Gujranwala",Gujranwala,Punjab,2016-05-07,2016,Toyota Corolla,1300,Private,6283362
MUL-2019-9357,33100-1001637-9,Chaudhry Ahmed Baig,"House 29, Street 17, Satellite Town, Gujranwala",Gujranwala,Punjab,2019-09-12,2019,BMW 5 Series,3000,Private,37613743
FSD-2019-3098,54400-1000465-5,Z. Ahmed,"House 757, Street 9, Military Road, Sukkur",Sukkur,Sindh,2019-05-24,2019,Suzuki Mehran,800,Imported,813632
FSD-2018-4629,45501-1000876-2,Muhammad Ahmed,"House 731, Street 32, DHA Multan, Multan",Multan,Punjab,2018-12-17,2018,Toyota Corolla,1300,Commercial,6627251
LEA-2022-4792,45501-1000876-2,Muhammad Ahmed Sahib,"House 731, Street 32, DHA Multan, Multan",Multan,Punjab,2022-02-22,2022,Hyundai Tucson,2000,Commercial,11809698
QTA-2025-8507,45501-1000876-2,M. Ahmed,"House 731, Street 32, DHA Multan, Multan",Multan,Punjab,2025-09-14,2025,Mercedes E Class,2000,Private,32745777
RWP-2022-1737,33100-1001231-7,Hamza Sheikh,"House 363, Street 1, Bahria Town, Lahore",Lahore,Punjab,2022-09-01,2022,BMW 5 Series,3000,Luxury,47342950
FSD-2017-2449,42101-1000547-9,Muneeb Akhtar,"House 227, Street 13, Shah Rukn-e-Alam, Multan",Multan,Punjab,2017-01-17,2017,Toyota Corolla,1300,Private,6610248
LEA-2016-7287,35202-1000155-5,Danish Butt,"House 337, Street 31, Canal Road, Faisalabad",Faisalabad,Punjab,2016-01-29,2016,Toyota Corolla,1300,Imported,6232647
FSD-2016-8820,54400-1001392-4,Chaudhry Ahmed Baig,"House 258, Street 3, Hayatabad, Peshawar",Peshawar,KPK,2016-09-20,2016,Hyundai Tucson,2000,Commercial,11846266
QTA-2025-6872,61101-1000529-3,B. Ahmed,"House 474, Street 7, Bahadurabad, Karachi",Karachi,Sindh,2025-10-06,2025,Suzuki Alto,660,Commercial,2056668
ICT-2023-7724,61101-1000529-3,Chaudhry Bilal Ahmed,"House 474, Street 7, Bahadurabad, Karachi",Karachi,Sindh,2023-09-13,2023,Honda Civic,1800,Luxury,7271185
ICT-2017-5864,61101-1000529-3,Bilal Ahmed Sahib,"House 474, Street 7, Bahadurabad, Karachi",Karachi,Sindh,2017-04-07,2017,Toyota Corolla,1300,Private,4498724
QTA-2024-8040,54400-1000988-6,Chaudhry Fatima Ali,"House 524, Street 24, Model Town, Gujranwala",Gujranwala,Punjab,2024-09-08,2024,Honda Civic,1800,Commercial,6991428
QTA-2023-9730,45501-1001052-4,A. Raza,"House 746, Street 12, DHA Phase 5, Lahore",Lahore,Punjab,2023-11-02,2023,Toyota Prado,2700,Private,42264380
FSD-2026-7943,45501-1001052-4,Ali Raza,"House 746, Street 12, DHA Phase 5, Lahore",Lahore,Punjab,2026-10-01,2026,Audi A6,2000,Imported,40868427
QTA-2017-7281,45501-1001052-4,A. Raza,"House 746, Street 12, DHA Phase 5, Lahore",Lahore,Punjab,2017-09-29,2017,Mercedes E Class,2000,Commercial,36168579
RWP-2016-4963,45501-1001052-4,A. Raza,"House 746, Street 12, DHA Phase 5, Lahore",Lahore,Punjab,2016-03-18,2016,Toyota Land Cruiser,4600,Luxury,73008578
LEA-2026-1688,17301-1000137-9,Chaudhry Khalid Malik,"House 336, Street 4, Satellite Town, Quetta",Quetta,Balochistan,2026-03-19,2026,BMW 5 Series,3000,Commercial,47868524
FSD-2017-9546,17301-1000137-9,Chaudhry Khalid Malik,"House 336, Street 4, Satellite Town, Quetta",Quetta,Balochistan,2017-12-23,2017,Mercedes E Class,2000,Commercial,45867859
MUL-2022-1643,17301-1000137-9,K. Malik,"House 336, Street 4, Satellite Town, Quetta",Quetta,Balochistan,2022-06-23,2022,Toyota Prado,2700,Luxury,29023952
PES-2018-5522,35202-1001876-2,Chaudhry Taha Hussain,"House 153, Street 1, Model Town, Lahore",Lahore,Punjab,2018-11-04,2018,Honda Civic,1800,Commercial,7865687
ICT-2026-4122,54400-1000129-3,Laiba Khan,"House 784, Street 15, Brewery Road, Quetta",Quetta,Balochistan,2026-12-21,2026,Suzuki Alto,660,Luxury,1653601
KHI-2022-2219,54400-1000129-3,Laiba Khan,"House 784, Street 15, Brewery Road, Quetta",Quetta,Balochistan,2022-04-12,2022,Toyota Corolla,1300,Imported,5254138
ICT-2021-6718,54400-1000129-3,L. Khan,"House 784, Street 15, Brewery Road, Quetta",Quetta,Balochistan,2021-06-29,2021,Suzuki Mehran,800,Private,903482
KHI-2026-6615,54400-1000129-3,Laiba Khan,"House 784, Street 15, Brewery Road, Quetta",Quetta,Balochistan,2026-06-13,2026,Suzuki Mehran,800,Private,851011
MUL-2018-3224,42101-1000508-6,Kashif Javed,"House 128, Street 9, Canal Road, Faisalabad",Faisalabad,Punjab,2018-12-11,2018,Toyota Prado,2700,Imported,41258892
QTA-2020-1368,45501-1001544-8,B. Ahmed,"House 748, Street 21, Jinnah Town, Quetta",Quetta,Balochistan,2020-09-11,2020,Suzuki Alto,660,Luxury,2205217
KHI-2019-4995,45501-1001544-8,Bilal Ahmed,"House 748, Street 21, Jinnah Town, Quetta",Quetta,Balochistan,2019-07-10,2019,Suzuki Alto,660,Luxury,1760800
RWP-2018-2246,17301-1000077-9,Chaudhry Ayesha Khan,"House 194, Street 27, Bahria Town, Rawalpindi",Rawalpindi,Punjab,2018-01-15,2018,Toyota Land Cruiser,4600,Private,66013753
KHI-2017-8561,17301-1000077-9,A. Khan,"House 194, Street 27, Bahria Town, Rawalpindi",Rawalpindi,Punjab,2017-12-11,2017,Toyota Prado,2700,Private,41456148
KHI-2022-9657,35202-1001494-8,Chaudhry Laiba Khan,"House 667, Street 26, DHA Phase 2, Islamabad",Islamabad,Islamabad,2022-03-20,2022,Suzuki Mehran,800,Commercial,918705
MUL-2016-1548,35202-1001494-8,Laiba Khan,"House 667, Street 26, DHA Phase 2, Islamabad",Islamabad,Islamabad,2016-11-15,2016,Suzuki Mehran,800,Private,721548
ICT-2025-8242,45501-1000649-3,Chaudhry Rabia Noor,"House 954, Street 23, F-10, Islamabad",Islamabad,Islamabad,2025-02-17,2025,Toyota Corolla,1300,Imported,6131273
MUL-2018-1802,42101-1000147-9,A. Khan,"House 415, Street 5, Cantt, Quetta",Quetta,Balochistan,2018-01-16,2018,Suzuki Alto,660,Imported,1373490
RWP-2022-1382,17301-1000901-7,Mariam Malik Sahib,"House 711, Street 13, Shah Rukn-e-Alam, Multan",Multan,Punjab,2022-02-15,2022,Suzuki Mehran,800,Luxury,880497
RWP-2022-4388,17301-1000901-7,M. Malik,"House 711, Street 13, Shah Rukn-e-Alam, Multan",Multan,Punjab,2022-09-23,2022,Toyota Corolla,1300,Private,5541216
LEA-2023-1489,17301-1000901-7,Mariam Malik Sahib,"House 711, Street 13, Shah Rukn-e-Alam, Multan",Multan,Punjab,2023-02-17,2023,Suzuki Alto,660,Private,1557427
FSD-2024-4245,45501-1000915-5,Usman Malik Sahib,"House 527, Street 33, Bahria Town, Lahore",Lahore,Punjab,2024-02-18,2024,Suzuki Alto,660,Commercial,1489995
FSD-2025-4121,45501-1000915-5,Usman Malik,"House 527, Street 33, Bahria Town, Lahore",Lahore,Punjab,2025-07-08,2025,Honda Civic,1800,Commercial,7412388
FSD-2021-3305,42101-1001736-2,Taha Hussain,"House 449, Street 28, Qasimabad, Hyderabad",Hyderabad,Sindh,2021-01-18,2021,Toyota Prado,2700,Commercial,37612816
MUL-2022-3301,42101-1001736-2,T. Hussain,"House 449, Street 28, Qasimabad, Hyderabad",Hyderabad,Sindh,2022-08-03,2022,Honda Civic,1800,Imported,8899124
LEA-2021-4911,54400-1000705-5,U. Malik,"House 479, Street 21, Satellite Town, Rawalpindi",Rawalpindi,Punjab,2021-08-05,2021,Toyota Prado,2700,Commercial,27268308
QTA-2022-9102,54400-1000705-5,Usman Malik,"House 479, Street 21, Satellite Town, Rawalpindi",Rawalpindi,Punjab,2022-05-16,2022,Suzuki Alto,660,Private,1749066
KHI-2022-9175,61101-1001133-1,H. Shah,"House 687, Street 2, Bahria Enclave, Islamabad",Islamabad,Islamabad,2022-08-28,2022,Kia Sportage,2000,Imported,12152251
FSD-2023-6459,42101-1000572-4,Umer Farooq,"House 45, Street 22, Cantt, Quetta",Quetta,Balochistan,2023-09-15,2023,Suzuki Alto,660,Luxury,1490798
PES-2022-1960,42101-1001589-3,N. Aslam,"House 391, Street 18, Civil Lines, Gujranwala",Gujranwala,Punjab,2022-07-31,2022,Kia Sportage,2000,Luxury,12221248
RWP-2018-8627,33100-1001955-5,Huma Ghani,"House 536, Street 9, Nazimabad, Karachi",Karachi,Sindh,2018-09-20,2018,Toyota Corolla,1300,Private,6126410
QTA-2025-6128,33100-1001955-5,Chaudhry Huma Ghani,"House 536, Street 9, Nazimabad, Karachi",Karachi,Sindh,2025-07-21,2025,Hyundai Tucson,2000,Luxury,12771139
ICT-2026-7445,33100-1001955-5,Huma Ghani,"House 536, Street 9, Nazimabad, Karachi",Karachi,Sindh,2026-01-17,2026,BMW 5 Series,3000,Commercial,44124290
QTA-2024-7157,33100-1000736-2,Chaudhry Muhammad Ahmed,"House 212, Street 5, PWD, Rawalpindi",Rawalpindi,Punjab,2024-03-12,2024,Toyota Corolla,1300,Private,5131066
LEA-2018-4507,35202-1000468-6,Hira Shah,"House 812, Street 35, Satellite Town, Quetta",Quetta,Balochistan,2018-03-18,2018,Honda Civic,1800,Commercial,6629045
MUL-2021-9316,45501-1001700-0,Imran Siddiqui,"House 429, Street 25, Saddar, Hyderabad",Hyderabad,Sindh,2021-06-18,2021,Toyota Corolla,1300,Commercial,6439421
PES-2019-6802,17301-1000383-1,Shazia Butt Sahib,"House 725, Street 7, E-11, Islamabad",Islamabad,Islamabad,2019-04-13,2019,Toyota Corolla,1300,Luxury,5918626
MUL-2020-7217,17301-1000383-1,S. Butt,"House 725, Street 7, E-11, Islamabad",Islamabad,Islamabad,2020-09-27,2020,Honda Civic,1800,Imported,7161667
FSD-2026-6463,17301-1000383-1,S. Butt,"House 725, Street 7, E-11, Islamabad",Islamabad,Islamabad,2026-07-30,2026,Suzuki Alto,660,Luxury,2245098
LEA-2017-8864,54400-1000370-0,I. Siddiqui,"House 647, Street 2, G-11, Islamabad",Islamabad,Islamabad,2017-05-17,2017,Mercedes E Class,2000,Private,44521111
PES-2023-2249,45501-1001020-0,Usman Malik Sahib,"House 431, Street 8, Bahria Town, Rawalpindi",Rawalpindi,Punjab,2023-05-24,2023,Toyota Corolla,1300,Luxury,5888393
PES-2017-6373,45501-1001020-0,Usman Malik,"House 431, Street 8, Bahria Town, Rawalpindi",Rawalpindi,Punjab,2017-06-26,2017,Toyota Corolla,1300,Luxury,5610869
ICT-2018-8865,45501-1001020-0,Usman Malik,"House 431, Street 8, Bahria Town, Rawalpindi",Rawalpindi,Punjab,2018-06-17,2018,Suzuki Mehran,800,Commercial,1012306
LEA-2025-8312,45501-1000802-4,K. Malik,"House 956, Street 19, Brewery Road, Quetta",Quetta,Balochistan,2025-02-17,2025,Toyota Corolla,1300,Luxury,5535407
KHI-2018-4566,35202-1000467-9,Umer Farooq,"House 524, Street 7, Civil Lines, Gujranwala",Gujranwala,Punjab,2018-05-29,2018,Suzuki Alto,660,Commercial,1519368
KHI-2017-9721,45501-1000531-7,H. Sheikh,"House 237, Street 7, Model Town, Lahore",Lahore,Punjab,2017-06-24,2017,Suzuki Mehran,800,Luxury,755577
ICT-2020-9037,17301-1001427-9,Ahmed Baig,"House 987, Street 20, Canal Road, Faisalabad",Faisalabad,Punjab,2020-06-25,2020,Suzuki Mehran,800,Luxury,863713
ICT-2026-9813,45501-1001702-4,Chaudhry Muneeb Akhtar,"House 612, Street 25, Saddar, Hyderabad",Hyderabad,Sindh,2026-04-27,2026,Honda Civic,1800,Private,9747861
KHI-2023-1807,17301-1000002-4,Chaudhry Ali Raza,"House 559, Street 22, Gulshan-e-Iqbal, Karachi",Karachi,Sindh,2023-10-23,2023,Toyota Corolla,1300,Commercial,4943430
ICT-2022-2610,35202-1001419-3,Rabia Noor,"House 873, Street 14, Rohri, Sukkur",Sukkur,Sindh,2022-08-30,2022,Suzuki Alto,660,Luxury,1481508
KHI-2019-4141,35202-1001419-3,Rabia Noor Sahib,"House 873, Street 14, Rohri, Sukkur",Sukkur,Sindh,2019-10-02,2019,Hyundai Tucson,2000,Imported,12991034
MUL-2023-8790,61101-1000249-3,Chaudhry Bilal Ahmed,"House 430, Street 30, Model Town, Lahore",Lahore,Punjab,2023-10-14,2023,Honda Civic,1800,Imported,9039443
MUL-2019-9533,35202-1000489-3,A. Chaudhry,"House 62, Street 26, DHA Multan, Multan",Multan,Punjab,2019-04-26,2019,Suzuki Mehran,800,Imported,737839
MUL-2022-2688,42101-1001305-5,Zainab Ahmed,"House 582, Street 10, Saddar, Rawalpindi",Rawalpindi,Punjab,2022-11-27,2022,Toyota Corolla,1300,Private,6271645
FSD-2026-2295,35202-1001787-9,Ali Raza,"House 638, Street 35, DHA Phase 2, Islamabad",Islamabad,Islamabad,2026-10-01,2026,Honda Civic,1800,Imported,10337836
ICT-2018-1434,45501-1000935-5,S. Ahmed,"House 573, Street 24, Warsak Road, Peshawar",Peshawar,KPK,2018-11-10,2018,BMW 5 Series,3000,Imported,32692553
RWP-2020-3314,45501-1000935-5,Sara Ahmed,"House 573, Street 24, Warsak Road, Peshawar",Peshawar,KPK,2020-11-01,2020,Kia Sportage,2000,Luxury,9565043
FSD-2023-2690,45501-1000969-3,Chaudhry Laiba Khan,"House 163, Street 24, Hayatabad, Peshawar",Peshawar,KPK,2023-07-23,2023,Toyota Prado,2700,Commercial,30583918
RWP-2018-5048,45501-1000677-9,Umer Farooq,"House 270, Street 9, DHA Multan, Multan",Multan,Punjab,2018-05-16,2018,BMW 5 Series,3000,Luxury,41965646
PES-2024-1311,45501-1000677-9,Umer Farooq,"House 270, Street 9, DHA Multan, Multan",Multan,Punjab,2024-10-27,2024,Toyota Prado,2700,Imported,27301228
PES-2026-8222,61101-1000757-9,Muneeb Akhtar,"House 321, Street 12, Bahria Enclave, Islamabad",Islamabad,Islamabad,2026-05-03,2026,Suzuki Mehran,800,Imported,976377
RWP-2021-8565,42101-1001307-9,U. Farooq,"House 330, Street 15, G-11, Islamabad",Islamabad,Islamabad,2021-08-06,2021,Suzuki Mehran,800,Commercial,810801
RWP-2020-4586,42101-1001307-9,Umer Farooq,"House 330, Street 15, G-11, Islamabad",Islamabad,Islamabad,2020-11-25,2020,Toyota Corolla,1300,Commercial,6383637
MUL-2018-5846,61101-1000548-6,Asad Iqbal,"House 159, Street 14, Gulgasht, Multan",Multan,Punjab,2018-07-02,2018,Toyota Corolla,1300,Private,5296265
ICT-2025-6798,54400-1001579-3,Bilal Ahmed,"House 56, Street 29, Model Town, Lahore",Lahore,Punjab,2025-04-26,2025,Toyota Corolla,1300,Private,6106781
FSD-2023-2182,42101-1000748-6,Chaudhry Hira Shah,"House 172, Street 19, Qasimabad, Hyderabad",Hyderabad,Sindh,2023-03-17,2023,Suzuki Mehran,800,Commercial,871339
PES-2017-4079,17301-1001360-0,H. Ghani,"House 209, Street 9, Saddar, Peshawar",Peshawar,KPK,2017-07-27,2017,Honda Civic,1800,Private,10312595
LEA-2019-9326,33100-1001267-9,Chaudhry Ayesha Khan,"House 942, Street 28, DHA Phase 2, Islamabad",Islamabad,Islamabad,2019-06-15,2019,Suzuki Alto,660,Luxury,2107411
KHI-2020-6862,33100-1001267-9,A. Khan,"House 942, Street 28, DHA Phase 2, Islamabad",Islamabad,Islamabad,2020-02-19,2020,Suzuki Mehran,800,Imported,1037701
ICT-2018-2557,33100-1000744-8,Sana Iqbal,"House 100, Street 9, Cantt, Quetta",Quetta,Balochistan,2018-08-02,2018,Suzuki Mehran,800,Private,710132
RWP-2026-2569,33100-1000744-8,S. Iqbal,"House 100, Street 9, Cantt, Quetta",Quetta,Balochistan,2026-12-15,2026,Toyota Land Cruiser,4600,Luxury,53437788
MUL-2020-7075,35202-1000117-9,U. Farooq,"House 668, Street 26, Civil Lines, Gujranwala",Gujranwala,Punjab,2020-02-13,2020,Toyota Corolla,1300,Private,5445663
MUL-2024-4976,45501-1001553-1,H. Shah,"House 422, Street 24, Satellite Town, Gujranwala",Gujranwala,Punjab,2024-04-05,2024,Toyota Corolla,1300,Private,5173394
RWP-2026-8766,45501-1001553-1,Hira Shah Sahib,"House 422, Street 24, Satellite Town, Gujranwala",Gujranwala,Punjab,2026-09-12,2026,Honda Civic,1800,Commercial,7884470
ICT-2019-2041,35202-1001985-5,Sara Ahmed,"House 804, Street 8, Cantt, Multan",Multan,Punjab,2019-01-22,2019,Honda Civic,1800,Luxury,10619199
MUL-2016-5528,35202-1000086-2,Fahad Mirza Sahib,"House 138, Street 1, Gulberg, Faisalabad",Faisalabad,Punjab,2016-12-23,2016,BMW 5 Series,3000,Imported,47999841
KHI-2023-2513,61101-1000788-6,Kashif Javed,"House 788, Street 27, Auto Bhan, Hyderabad",Hyderabad,Sindh,2023-01-31,2023,Suzuki Mehran,800,Private,711921
PES-2021-5676,61101-1000788-6,Kashif Javed,"House 788, Street 27, Auto Bhan, Hyderabad",Hyderabad,Sindh,2021-12-04,2021,Kia Sportage,2000,Private,13615272
ICT-2020-4696,42101-1001208-6,K. Javed,"House 499, Street 23, Gulgasht, Multan",Multan,Punjab,2020-12-06,2020,Toyota Land Cruiser,4600,Imported,71293214
ICT-2025-6614,61101-1000097-9,Ahmed Baig,"House 68, Street 17, Model Town, Lahore",Lahore,Punjab,2025-07-31,2025,Suzuki Alto,660,Imported,1573823
RWP-2020-2908,61101-1000097-9,Chaudhry Ahmed Baig,"House 68, Street 17, Model Town, Lahore",Lahore,Punjab,2020-06-06,2020,Toyota Corolla,1300,Imported,5019724
KHI-2022-1261,35202-1001128-6,F. Ali,"House 961, Street 35, New Pind, Sukkur",Sukkur,Sindh,2022-04-27,2022,Suzuki Mehran,800,Private,1005714
RWP-2019-1543,35202-1001128-6,F. Ali,"House 961, Street 35, New Pind, Sukkur",Sukkur,Sindh,2019-12-25,2019,Honda Civic,1800,Private,8902589
ICT-2023-9697,35202-1001128-6,Fatima Ali Sahib,"House 961, Street 35, New Pind, Sukkur",Sukkur,Sindh,2023-08-14,2023,Toyota Corolla,1300,Private,4562463
FSD-2025-6323,35202-1001882-4,Ahmed Baig Sahib,"House 31, Street 35, Barrage Road, Sukkur",Sukkur,Sindh,2025-10-14,2025,Kia Sportage,2000,Private,9610828
KHI-2026-3353,35202-1001882-4,Ahmed Baig,"House 31, Street 35, Barrage Road, Sukkur",Sukkur,Sindh,2026-01-10,2026,Toyota Corolla,1300,Private,5083345
RWP-2020-4619,54400-1000806-2,Muhammad Ahmed,"House 534, Street 2, G-11, Islamabad",Islamabad,Islamabad,2020-12-17,2020,Suzuki Alto,660,Luxury,2204102
PES-2023-4728,61101-1000132-4,Ahmed Baig Sahib,"House 965, Street 3, G-11, Islamabad",Islamabad,Islamabad,2023-02-13,2023,Toyota Corolla,1300,Luxury,5436322
KHI-2020-1750,42101-1001096-2,Saad Qureshi,"House 792, Street 20, G-11, Islamabad",Islamabad,Islamabad,2020-07-01,2020,Toyota Corolla,1300,Commercial,5559509
LEA-2020-6706,61101-1000590-0,Huma Ghani Sahib,"House 72, Street 14, Brewery Road, Quetta",Quetta,Balochistan,2020-01-02,2020,Honda Civic,1800,Commercial,7383280
PES-2022-9953,61101-1001490-0,Chaudhry Imran Siddiqui,"House 415, Street 24, Bahadurabad, Karachi",Karachi,Sindh,2022-06-14,2022,Suzuki Mehran,800,Commercial,1002176
PES-2020-9738,61101-1001159-3,Bilal Ahmed Sahib,"House 844, Street 25, Brewery Road, Quetta",Quetta,Balochistan,2020-07-11,2020,Suzuki Alto,660,Luxury,1398741
ICT-2022-9923,45501-1000438-6,K. Javed,"House 670, Street 15, Hayatabad, Peshawar",Peshawar,KPK,2022-01-16,2022,Kia Sportage,2000,Imported,13462716
ICT-2017-4208,33100-1000923-1,Chaudhry Hira Shah,"House 179, Street 28, Auto Bhan, Hyderabad",Hyderabad,Sindh,2017-10-19,2017,Toyota Corolla,1300,Private,4451322
MUL-2021-1295,33100-1000923-1,Hira Shah,"House 179, Street 28, Auto Bhan, Hyderabad",Hyderabad,Sindh,2021-04-13,2021,Toyota Corolla,1300,Luxury,4497511
RWP-2019-5064,17301-1001633-1,Asad Iqbal Sahib,"House 766, Street 25, D Ground, Faisalabad",Faisalabad,Punjab,2019-02-22,2019,Suzuki Alto,660,Imported,2132008
PES-2018-8925,17301-1001633-1,A. Iqbal,"House 766, Street 25, D Ground, Faisalabad",Faisalabad,Punjab,2018-05-05,2018,Suzuki Alto,660,Commercial,1404776
RWP-2021-4676,17301-1001633-1,Asad Iqbal Sahib,"House 766, Street 25, D Ground, Faisalabad",Faisalabad,Punjab,2021-02-20,2021,Honda Civic,1800,Private,7259150
ICT-2021-9105,61101-1001202-4,Chaudhry Umer Farooq,"House 899, Street 25, Wapda Town, Gujranwala",Gujranwala,Punjab,2021-12-19,2021,Toyota Corolla,1300,Luxury,6629016
PES-2021-9961,61101-1001202-4,Umer Farooq,"House 899, Street 25, Wapda Town, Gujranwala",Gujranwala,Punjab,2021-03-20,2021,Kia Sportage,2000,Commercial,9060922
KHI-2021-9735,42101-1001663-1,Kashif Javed,"House 413, Street 1, Saddar, Peshawar",Peshawar,KPK,2021-10-05,2021,Suzuki Mehran,800,Imported,835663
ICT-2018-8966,42101-1001663-1,Kashif Javed,"House 413, Street 1, Saddar, Peshawar",Peshawar,KPK,2018-12-18,2018,Suzuki Mehran,800,Commercial,699723
PES-2017-2606,42101-1001663-1,Chaudhry Kashif Javed,"House 413, Street 1, Saddar, Peshawar",Peshawar,KPK,2017-09-16,2017,Suzuki Mehran,800,Private,719781
LEA-2026-3769,61101-1000193-1,Chaudhry Kashif Javed,"House 596, Street 24, DHA Phase 2, Islamabad",Islamabad,Islamabad,2026-08-09,2026,Honda Civic,1800,Imported,9914113
FSD-2017-6233,45501-1001665-5,I. Siddiqui,"House 237, Street 6, New Pind, Sukkur",Sukkur,Sindh,2017-09-27,2017,Suzuki Mehran,800,Luxury,991743
PES-2019-5944,42101-1000783-1,H. Shah,"House 184, Street 3, Latifabad, Hyderabad",Hyderabad,Sindh,2019-07-24,2019,Toyota Prado,2700,Commercial,39109271
MUL-2025-3293,42101-1000783-1,Hira Shah,"House 184, Street 3, Latifabad, Hyderabad",Hyderabad,Sindh,2025-03-23,2025,Hyundai Tucson,2000,Private,12780730
QTA-2024-4019,54400-1001053-1,H. Khan,"House 981, Street 4, Cantt, Multan",Multan,Punjab,2024-09-10,2024,BMW 5 Series,3000,Luxury,43090012
RWP-2022-9344,54400-1000156-2,Fahad Mirza,"House 492, Street 10, Clifton, Karachi",Karachi,Sindh,2022-01-16,2022,Toyota Corolla,1300,Luxury,5512498
FSD-2019-4012,54400-1000718-6,Kashif Javed,"House 863, Street 20, Madina Town, Faisalabad",Faisalabad,Punjab,2019-07-23,2019,Toyota Land Cruiser,4600,Commercial,54885482
KHI-2017-7001,17301-1000636-2,Hamza Sheikh Sahib,"House 443, Street 3, Peoples Colony, Gujranwala",Gujranwala,Punjab,2017-04-02,2017,Suzuki Alto,660,Luxury,1626093
LEA-2026-9799,54400-1000621-7,Mariam Malik,"House 321, Street 34, Cantt, Quetta",Quetta,Balochistan,2026-07-04,2026,Suzuki Mehran,800,Imported,860552
MUL-2018-4542,54400-1000621-7,M. Malik,"House 321, Street 34, Cantt, Quetta",Quetta,Balochistan,2018-11-25,2018,Suzuki Mehran,800,Commercial,797121
LEA-2023-7327,54400-1001615-5,U. Malik,"House 633, Street 34, Qasimabad, Hyderabad",Hyderabad,Sindh,2023-05-14,2023,Suzuki Alto,660,Private,1391078
QTA-2023-4135,33100-1000024-8,L. Khan,"House 585, Street 22, Nazimabad, Karachi",Karachi,Sindh,2023-03-24,2023,BMW 5 Series,3000,Imported,49098037
MUL-2018-4175,61101-1001662-4,Maham Tariq,"House 475, Street 8, DHA Phase 6, Karachi",Karachi,Sindh,2018-09-30,2018,Suzuki Mehran,800,Private,820968
QTA-2019-3679,33100-1000045-5,Chaudhry Zainab Ahmed,"House 195, Street 25, Saddar, Rawalpindi",Rawalpindi,Punjab,2019-11-09,2019,Toyota Corolla,1300,Imported,4945504
LEA-2020-3291,42101-1001588-6,Hira Shah,"House 158, Street 18, Bosan Road, Multan",Multan,Punjab,2020-06-09,2020,Toyota Prado,2700,Luxury,26506927
FSD-2017-8999,42101-1001588-6,Chaudhry Hira Shah,"House 158, Street 18, Bosan Road, Multan",Multan,Punjab,2017-07-11,2017,Suzuki Alto,660,Commercial,2085936
PES-2016-3191,42101-1001588-6,Chaudhry Hira Shah,"House 158, Street 18, Bosan Road, Multan",Multan,Punjab,2016-04-21,2016,BMW 5 Series,3000,Imported,37925242
LEA-2018-9778,42101-1001588-6,Hira Shah,"House 158, Street 18, Bosan Road, Multan",Multan,Punjab,2018-08-20,2018,Toyota Corolla,1300,Commercial,4165600
ICT-2018-4868,33100-1000164-8,L. Khan,"House 764, Street 6, Warsak Road, Peshawar",Peshawar,KPK,2018-05-30,2018,Suzuki Alto,660,Commercial,2232839
MUL-2020-3593,17301-1000608-6,Hira Shah,"House 569, Street 11, Madina Town, Faisalabad",Faisalabad,Punjab,2020-11-16,2020,Toyota Corolla,1300,Private,4488487
FSD-2023-8733,61101-1000829-3,Laiba Khan,"House 533, Street 28, Model Town, Lahore",Lahore,Punjab,2023-03-10,2023,Suzuki Mehran,800,Imported,887146
FSD-2020-7785,45501-1001773-1,Asad Iqbal,"House 716, Street 20, E-11, Islamabad",Islamabad,Islamabad,2020-07-16,2020,Toyota Land Cruiser,4600,Commercial,62197127
RWP-2026-5586,45501-1001773-1,Asad Iqbal,"House 716, Street 20, E-11, Islamabad",Islamabad,Islamabad,2026-08-03,2026,Mercedes E Class,2000,Commercial,45106506
QTA-2020-7998,45501-1001773-1,Asad Iqbal,"House 716, Street 20, E-11, Islamabad",Islamabad,Islamabad,2020-11-29,2020,Mercedes E Class,2000,Commercial,41210645
LEA-2022-6668,45501-1000431-7,S. Qureshi,"House 561, Street 19, Gulgasht, Multan",Multan,Punjab,2022-06-06,2022,Toyota Land Cruiser,4600,Private,77109476
LEA-2024-1701,45501-1000431-7,Saad Qureshi Sahib,"House 561, Street 19, Gulgasht, Multan",Multan,Punjab,2024-04-11,2024,Toyota Prado,2700,Imported,37264841
ICT-2018-4352,45501-1000431-7,Saad Qureshi,"House 561, Street 19, Gulgasht, Multan",Multan,Punjab,2018-07-04,2018,Suzuki Alto,660,Private,1777061
FSD-2025-4879,54400-1000626-2,Naveed Raza,"House 363, Street 2, Satellite Town, Quetta",Quetta,Balochistan,2025-06-22,2025,Suzuki Alto,660,Private,1757420
ICT-2023-8035,54400-1000626-2,Naveed Raza,"House 363, Street 2, Satellite Town, Quetta",Quetta,Balochistan,2023-10-28,2023,Suzuki Alto,660,Private,1708741
PES-2025-9429,61101-1001226-2,M. Ahmed,"House 34, Street 23, Nazimabad, Karachi",Karachi,Sindh,2025-04-14,2025,Suzuki Mehran,800,Private,983292
FSD-2023-7844,17301-1000772-4,Ali Raza,"House 317, Street 23, Bahadurabad, Karachi",Karachi,Sindh,2023-04-22,2023,Toyota Corolla,1300,Imported,5967495
LEA-2022-3808,17301-1000772-4,A. Raza,"House 317, Street 23, Bahadurabad, Karachi",Karachi,Sindh,2022-07-26,2022,BMW 5 Series,3000,Imported,37188087
PES-2017-4183,45501-1001699-3,Rabia Noor,"House 914, Street 21, Hayatabad, Peshawar",Peshawar,KPK,2017-10-30,2017,Suzuki Alto,660,Commercial,1352469
RWP-2021-9457,45501-1001699-3,Rabia Noor,"House 914, Street 21, Hayatabad, Peshawar",Peshawar,KPK,2021-03-15,2021,Suzuki Mehran,800,Private,978453
RWP-2026-6229,35202-1000066-2,Naveed Raza,"House 941, Street 14, DHA Phase 6, Karachi",Karachi,Sindh,2026-05-23,2026,BMW 5 Series,3000,Commercial,36697503
MUL-2022-3066,17301-1001433-1,Shazia Butt Sahib,"House 178, Street 13, Nazimabad, Karachi",Karachi,Sindh,2022-07-20,2022,Suzuki Mehran,800,Imported,1101907
QTA-2026-9781,45501-1001280-0,Imran Siddiqui Sahib,"House 991, Street 17, Saddar, Hyderabad",Hyderabad,Sindh,2026-08-23,2026,Mercedes E Class,2000,Private,39697725
PES-2018-8853,17301-1000442-4,M. Akhtar,"House 913, Street 7, Saddar, Rawalpindi",Rawalpindi,Punjab,2018-04-26,2018,Toyota Land Cruiser,4600,Private,50904301
LEA-2022-5718,17301-1000442-4,M. Akhtar,"House 913, Street 7, Saddar, Rawalpindi",Rawalpindi,Punjab,2022-12-11,2022,Suzuki Alto,660,Private,2170526
LEA-2021-9132,17301-1000442-4,Muneeb Akhtar,"House 913, Street 7, Saddar, Rawalpindi",Rawalpindi,Punjab,2021-12-07,2021,Toyota Land Cruiser,4600,Luxury,66000137
PES-2019-9346,17301-1000998-6,K. Javed,"House 946, Street 33, Nazimabad, Karachi",Karachi,Sindh,2019-06-01,2019,Suzuki Alto,660,Commercial,2053243
RWP-2025-5608,17301-1000998-6,Kashif Javed,"House 946, Street 33, Nazimabad, Karachi",Karachi,Sindh,2025-11-04,2025,Suzuki Alto,660,Private,1731315
FSD-2016-7608,42101-1000392-4,Chaudhry Ayesha Khan,"House 351, Street 25, Military Road, Sukkur",Sukkur,Sindh,2016-08-20,2016,Hyundai Tucson,2000,Luxury,9943627
MUL-2023-8050,42101-1000392-4,Ayesha Khan,"House 351, Street 25, Military Road, Sukkur",Sukkur,Sindh,2023-02-11,2023,Toyota Land Cruiser,4600,Luxury,70615950
KHI-2017-9002,33100-1000869-3,Nida Hussain Sahib,"House 200, Street 2, Satellite Town, Rawalpindi",Rawalpindi,Punjab,2017-02-21,2017,Suzuki Alto,660,Private,1707204
RWP-2020-4418,33100-1000869-3,Nida Hussain Sahib,"House 200, Street 2, Satellite Town, Rawalpindi",Rawalpindi,Punjab,2020-04-14,2020,Suzuki Alto,660,Private,1716807
PES-2018-7248,33100-1000869-3,N. Hussain,"House 200, Street 2, Satellite Town, Rawalpindi",Rawalpindi,Punjab,2018-05-01,2018,Audi A6,2000,Private,31810133
KHI-2021-2345,61101-1000605-5,Z. Ahmed,"House 889, Street 11, DHA Phase 2, Islamabad",Islamabad,Islamabad,2021-06-27,2021,Toyota Prado,2700,Luxury,42871360
FSD-2019-4644,42101-1001070-0,Imran Siddiqui Sahib,"House 904, Street 31, Civil Lines, Gujranwala",Gujranwala,Punjab,2019-08-27,2019,Kia Sportage,2000,Private,13030203
ICT-2017-1764,42101-1001070-0,Imran Siddiqui,"House 904, Street 31, Civil Lines, Gujranwala",Gujranwala,Punjab,2017-09-20,2017,Audi A6,2000,Private,40348572
FSD-2025-2446,42101-1001070-0,Imran Siddiqui Sahib,"House 904, Street 31, Civil Lines, Gujranwala",Gujranwala,Punjab,2025-10-09,2025,Honda Civic,1800,Private,8798281
KHI-2020-2863,35202-1001366-2,Chaudhry Muhammad Ahmed,"House 279, Street 18, Satellite Town, Quetta",Quetta,Balochistan,2020-10-02,2020,Toyota Corolla,1300,Private,6705738
FSD-2024-1164,45501-1001542-4,Ali Raza,"House 90, Street 27, Saddar, Hyderabad",Hyderabad,Sindh,2024-05-10,2024,Honda Civic,1800,Private,8985349
ICT-2026-1573,35202-1000418-6,S. Butt,"House 518, Street 3, Shah Rukn-e-Alam, Multan",Multan,Punjab,2026-08-10,2026,Audi A6,2000,Private,31178474
FSD-2023-2328,35202-1000418-6,Shazia Butt Sahib,"House 518, Street 3, Shah Rukn-e-Alam, Multan",Multan,Punjab,2023-09-16,2023,Toyota Corolla,1300,Luxury,5440359
ICT-2017-2885,17301-1000983-1,Hassan Khan,"House 923, Street 18, Nazimabad, Karachi",Karachi,Sindh,2017-02-24,2017,Toyota Corolla,1300,Imported,6286256
QTA-2016-1151,61101-1001606-2,Chaudhry Naveed Raza,"House 677, Street 23, Cantt, Multan",Multan,Punjab,2016-08-01,2016,Suzuki Mehran,800,Luxury,886754
QTA-2026-2268,61101-1001606-2,Naveed Raza,"House 677, Street 23, Cantt, Multan",Multan,Punjab,2026-05-21,2026,Honda Civic,1800,Luxury,7526363
RWP-2025-3640,35202-1000061-7,Mariam Malik,"House 299, Street 34, Jinnah Town, Quetta",Quetta,Balochistan,2025-01-15,2025,Honda Civic,1800,Private,7699836
LEA-2024-6443,42101-1001084-8,Amna Chaudhry,"House 729, Street 32, Bosan Road, Multan",Multan,Punjab,2024-02-08,2024,Honda Civic,1800,Private,8594984
KHI-2023-8876,35202-1000600-0,Chaudhry Usman Malik,"House 140, Street 25, Auto Bhan, Hyderabad",Hyderabad,Sindh,2023-01-08,2023,Toyota Corolla,1300,Imported,5410584
MUL-2025-1330,33100-1001243-1,K. Javed,"House 836, Street 14, Hussainabad, Hyderabad",Hyderabad,Sindh,2025-08-24,2025,Mercedes E Class,2000,Commercial,30147909
MUL-2016-7207,33100-1001243-1,Chaudhry Kashif Javed,"House 836, Street 14, Hussainabad, Hyderabad",Hyderabad,Sindh,2016-01-07,2016,Toyota Land Cruiser,4600,Commercial,53114953
QTA-2019-5435,33100-1001243-1,Kashif Javed,"House 836, Street 14, Hussainabad, Hyderabad",Hyderabad,Sindh,2019-09-06,2019,Toyota Land Cruiser,4600,Imported,59037605
PES-2023-1589,33100-1001243-1,K. Javed,"House 836, Street 14, Hussainabad, Hyderabad",Hyderabad,Sindh,2023-09-11,2023,Toyota Prado,2700,Luxury,42652541
MUL-2023-6615,33100-1000706-2,H. Sheikh,"House 943, Street 26, People Colony, Faisalabad",Faisalabad,Punjab,2023-01-18,2023,Toyota Prado,2700,Imported,29095777
MUL-2017-8342,33100-1000706-2,Hamza Sheikh Sahib,"House 943, Street 26, People Colony, Faisalabad",Faisalabad,Punjab,2017-10-13,2017,Suzuki Mehran,800,Imported,817082
ICT-2020-4962,33100-1001003-1,Asad Iqbal,"House 55, Street 35, Bosan Road, Multan",Multan,Punjab,2020-12-15,2020,Toyota Corolla,1300,Private,4990793
LEA-2026-1404,33100-1001003-1,Asad Iqbal,"House 55, Street 35, Bosan Road, Multan",Multan,Punjab,2026-01-22,2026,Audi A6,2000,Commercial,42665012
QTA-2024-5567,33100-1001003-1,Chaudhry Asad Iqbal,"House 55, Street 35, Bosan Road, Multan",Multan,Punjab,2024-12-11,2024,BMW 5 Series,3000,Imported,48481854
ICT-2018-2253,33100-1001003-1,Chaudhry Asad Iqbal,"House 55, Street 35, Bosan Road, Multan",Multan,Punjab,2018-06-01,2018,Suzuki Mehran,800,Private,810961
QTA-2024-7470,54400-1001077-9,A. Baig,"House 785, Street 8, D Ground, Faisalabad",Faisalabad,Punjab,2024-01-10,2024,Toyota Prado,2700,Commercial,37133797
RWP-2018-6354,61101-1001949-3,Chaudhry Laiba Khan,"House 55, Street 29, Bahria Enclave, Islamabad",Islamabad,Islamabad,2018-06-16,2018,Audi A6,2000,Commercial,44918778
FSD-2017-4887,35202-1000263-1,Chaudhry Kashif Javed,"House 477, Street 5, Latifabad, Hyderabad",Hyderabad,Sindh,2017-10-03,2017,Honda Civic,1800,Private,7582381
LEA-2026-7305,17301-1001095-5,Zainab Ahmed,"House 113, Street 22, Military Road, Sukkur",Sukkur,Sindh,2026-11-19,2026,Suzuki Alto,660,Private,1625001
ICT-2017-5181,17301-1001425-5,Sara Ahmed,"House 910, Street 31, Queens Road, Sukkur",Sukkur,Sindh,2017-09-22,2017,Suzuki Alto,660,Luxury,1784088
KHI-2021-7158,45501-1001983-1,A. Iqbal,"House 18, Street 11, Bosan Road, Multan",Multan,Punjab,2021-12-28,2021,Suzuki Mehran,800,Imported,903397
ICT-2016-2327,54400-1001831-7,Saad Qureshi,"House 820, Street 4, DHA Multan, Multan",Multan,Punjab,2016-09-21,2016,Suzuki Alto,660,Private,1879549
RWP-2024-4557,33100-1000486-2,Chaudhry Naveed Raza,"House 403, Street 32, Gulbahar, Peshawar",Peshawar,KPK,2024-01-19,2024,Suzuki Mehran,800,Private,782001
MUL-2025-5792,33100-1000486-2,Naveed Raza Sahib,"House 403, Street 32, Gulbahar, Peshawar",Peshawar,KPK,2025-10-17,2025,Honda Civic,1800,Imported,9753431
LEA-2023-9583,35202-1001620-0,Zainab Ahmed,"House 79, Street 25, Satellite Town, Quetta",Quetta,Balochistan,2023-12-04,2023,Honda Civic,1800,Commercial,7811225
KHI-2022-9194,35202-1001620-0,Zainab Ahmed,"House 79, Street 25, Satellite Town, Quetta",Quetta,Balochistan,2022-01-11,2022,Suzuki Alto,660,Private,1982246
MUL-2020-5016,35202-1001620-0,Zainab Ahmed,"House 79, Street 25, Satellite Town, Quetta",Quetta,Balochistan,2020-10-03,2020,Toyota Corolla,1300,Private,5597506
MUL-2022-7312,17301-1001082-4,Khalid Malik,"House 242, Street 22, Gulberg, Lahore",Lahore,Punjab,2022-07-28,2022,Honda Civic,1800,Commercial,9697184
ICT-2021-7808,45501-1000194-8,Chaudhry Rabia Noor,"House 677, Street 1, University Road, Peshawar",Peshawar,KPK,2021-02-17,2021,Suzuki Alto,660,Private,1471577
LEA-2024-4437,17301-1000622-4,Ahmed Baig,"House 815, Street 27, Satellite Town, Gujranwala",Gujranwala,Punjab,2024-05-07,2024,Suzuki Mehran,800,Commercial,1102560
RWP-2022-8824,33100-1001522-4,Chaudhry Maham Tariq,"House 999, Street 6, DHA Phase 2, Islamabad",Islamabad,Islamabad,2022-01-04,2022,Suzuki Mehran,800,Luxury,1013971
PES-2026-4450,45501-1001132-4,U. Farooq,"House 665, Street 29, Satellite Town, Gujranwala",Gujranwala,Punjab,2026-01-29,2026,Suzuki Alto,660,Private,1612716
ICT-2026-1099,45501-1001132-4,U. Farooq,"House 665, Street 29, Satellite Town, Gujranwala",Gujranwala,Punjab,2026-03-18,2026,Mercedes E Class,2000,Commercial,40208440
ICT-2018-6974,17301-1001064-8,Nimra Aslam,"House 889, Street 18, D Ground, Faisalabad",Faisalabad,Punjab,2018-10-07,2018,Hyundai Tucson,2000,Commercial,11143841
MUL-2026-9595,17301-1001064-8,N. Aslam,"House 889, Street 18, D Ground, Faisalabad",Faisalabad,Punjab,2026-05-09,2026,Mercedes E Class,2000,Commercial,31601817
FSD-2026-8578,54400-1000010-0,Z. Ahmed,"House 454, Street 35, Wapda Town, Gujranwala",Gujranwala,Punjab,2026-12-13,2026,Honda Civic,1800,Commercial,7453402
PES-2025-1549,54400-1000010-0,Z. Ahmed,"House 454, Street 35, Wapda Town, Gujranwala",Gujranwala,Punjab,2025-11-26,2025,BMW 5 Series,3000,Commercial,47180917
RWP-2026-9420,54400-1000010-0,Zainab Ahmed Sahib,"House 454, Street 35, Wapda Town, Gujranwala",Gujranwala,Punjab,2026-02-16,2026,Hyundai Tucson,2000,Private,11396927
MUL-2020-3025,61101-1001363-1,Shazia Butt,"House 518, Street 22, DHA Multan, Multan",Multan,Punjab,2020-12-27,2020,BMW 5 Series,3000,Commercial,33702675
LEA-2020-8294,45501-1001616-2,Hamza Sheikh,"House 239, Street 35, Gulshan-e-Iqbal, Karachi",Karachi,Sindh,2020-01-02,2020,Audi A6,2000,Private,40048784
ICT-2021-4914,45501-1001616-2,Hamza Sheikh Sahib,"House 239, Street 35, Gulshan-e-Iqbal, Karachi",Karachi,Sindh,2021-12-23,2021,Toyota Prado,2700,Commercial,41598701
RWP-2023-8383,42101-1001933-1,Fatima Ali Sahib,"House 540, Street 26, Chaklala, Rawalpindi",Rawalpindi,Punjab,2023-06-26,2023,Mercedes E Class,2000,Private,36864762
LEA-2016-2723,42101-1001933-1,F. Ali,"House 540, Street 26, Chaklala, Rawalpindi",Rawalpindi,Punjab,2016-07-21,2016,Toyota Prado,2700,Luxury,43032275
FSD-2020-8304,45501-1000856-2,Chaudhry Fahad Mirza,"House 833, Street 23, Bahria Town, Rawalpindi",Rawalpindi,Punjab,2020-01-30,2020,BMW 5 Series,3000,Imported,46628974
ICT-2020-2967,45501-1001026-2,Saad Qureshi,"House 136, Street 9, Satellite Town, Rawalpindi",Rawalpindi,Punjab,2020-02-12,2020,Toyota Land Cruiser,4600,Luxury,63397939
QTA-2016-9949,61101-1000898-6,A. Iqbal,"House 881, Street 4, Saddar, Peshawar",Peshawar,KPK,2016-05-04,2016,Toyota Prado,2700,Imported,36058747
MUL-2020-9437,61101-1000898-6,A. Iqbal,"House 881, Street 4, Saddar, Peshawar",Peshawar,KPK,2020-03-26,2020,Mercedes E Class,2000,Commercial,46357566
ICT-2024-1256,35202-1000749-3,Nimra Aslam,"House 985, Street 34, Clifton, Karachi",Karachi,Sindh,2024-11-14,2024,Hyundai Tucson,2000,Luxury,11789015
ICT-2024-6306,45501-1000464-8,Sana Iqbal,"House 253, Street 27, Shah Rukn-e-Alam, Multan",Multan,Punjab,2024-09-04,2024,Suzuki Alto,660,Luxury,1846754
LEA-2024-3252,54400-1000476-2,Taha Hussain Sahib,"House 505, Street 1, Satellite Town, Gujranwala",Gujranwala,Punjab,2024-12-20,2024,Audi A6,2000,Imported,45856466
MUL-2021-6512,42101-1000469-3,N. Aslam,"House 40, Street 5, Gulshan-e-Iqbal, Karachi",Karachi,Sindh,2021-02-27,2021,Toyota Land Cruiser,4600,Luxury,72117076
LEA-2018-2710,42101-1001788-6,H. Khan,"House 164, Street 26, D Ground, Faisalabad",Faisalabad,Punjab,2018-01-29,2018,Suzuki Alto,660,Private,1873853
LEA-2021-3385,54400-1001941-7,Chaudhry Fahad Mirza,"House 505, Street 28, Johar Town, Lahore",Lahore,Punjab,2021-02-11,2021,Toyota Prado,2700,Imported,36170879
FSD-2016-7396,45501-1000623-1,Kamran Qureshi Sahib,"House 872, Street 29, People Colony, Faisalabad",Faisalabad,Punjab,2016-09-06,2016,Mercedes E Class,2000,Imported,31741446
KHI-2018-1395,45501-1000623-1,K. Qureshi,"House 872, Street 29, People Colony, Faisalabad",Faisalabad,Punjab,2018-03-17,2018,Suzuki Alto,660,Imported,1387318
KHI-2018-1379,45501-1000623-1,Kamran Qureshi Sahib,"House 872, Street 29, People Colony, Faisalabad",Faisalabad,Punjab,2018-02-13,2018,BMW 5 Series,3000,Commercial,46301074
FSD-2019-3934,45501-1000623-1,Kamran Qureshi,"House 872, Street 29, People Colony, Faisalabad",Faisalabad,Punjab,2019-12-27,2019,Toyota Prado,2700,Commercial,28033305
KHI-2026-6156,33100-1000794-8,Laiba Khan,"House 324, Street 13, Bahria Town, Lahore",Lahore,Punjab,2026-04-10,2026,Suzuki Mehran,800,Private,1043543
RWP-2025-2316,33100-1000650-0,Imran Siddiqui Sahib,"House 548, Street 9, Model Town, Lahore",Lahore,Punjab,2025-05-11,2025,Mercedes E Class,2000,Private,40608716
PES-2026-1990,33100-1000650-0,I. Siddiqui,"House 548, Street 9, Model Town, Lahore",Lahore,Punjab,2026-05-02,2026,Toyota Land Cruiser,4600,Imported,79827568
ICT-2019-1143,33100-1000650-0,Imran Siddiqui,"House 548, Street 9, Model Town, Lahore",Lahore,Punjab,2019-11-04,2019,Mercedes E Class,2000,Commercial,30872462
FSD-2022-4677,42101-1000235-5,Sara Ahmed,"House 685, Street 23, Jinnah Town, Quetta",Quetta,Balochistan,2022-04-26,2022,Hyundai Tucson,2000,Private,10819306
ICT-2026-5465,42101-1000235-5,Sara Ahmed,"House 685, Street 23, Jinnah Town, Quetta",Quetta,Balochistan,2026-07-20,2026,Audi A6,2000,Luxury,41784573
ICT-2018-9458,54400-1000947-9,Ali Raza,"House 65, Street 13, Bosan Road, Multan",Multan,Punjab,2018-04-24,2018,Hyundai Tucson,2000,Luxury,12521855
LEA-2021-4997,42101-1000629-3,Chaudhry Amna Chaudhry,"House 565, Street 33, University Road, Peshawar",Peshawar,KPK,2021-07-13,2021,Suzuki Alto,660,Commercial,1940935
MUL-2025-8953,54400-1000493-1,Hassan Khan,"House 418, Street 20, Madina Town, Faisalabad",Faisalabad,Punjab,2025-03-14,2025,Toyota Corolla,1300,Private,6759832
FSD-2022-6736,42101-1000739-3,Chaudhry Bilal Ahmed,"House 69, Street 22, DHA Phase 2, Islamabad",Islamabad,Islamabad,2022-09-09,2022,Suzuki Mehran,800,Private,779558
KHI-2022-7123,35202-1000111-7,H. Sheikh,"House 929, Street 5, Saddar, Hyderabad",Hyderabad,Sindh,2022-09-23,2022,Suzuki Alto,660,Imported,1699167
KHI-2023-4629,35202-1001290-0,Huma Ghani,"House 498, Street 29, New Pind, Sukkur",Sukkur,Sindh,2023-11-18,2023,Kia Sportage,2000,Imported,12674286
LEA-2023-6676,54400-1001743-1,Kamran Qureshi,"House 939, Street 22, Samungli Road, Quetta",Quetta,Balochistan,2023-11-24,2023,Suzuki Mehran,800,Imported,960187
KHI-2026-4239,54400-1001743-1,K. Qureshi,"House 939, Street 22, Samungli Road, Quetta",Quetta,Balochistan,2026-07-22,2026,Mercedes E Class,2000,Commercial,47931205
RWP-2017-8380,54400-1001743-1,Kamran Qureshi Sahib,"House 939, Street 22, Samungli Road, Quetta",Quetta,Balochistan,2017-04-02,2017,Mercedes E Class,2000,Commercial,40978850
KHI-2023-6323,54400-1001743-1,Chaudhry Kamran Qureshi,"House 939, Street 22, Samungli Road, Quetta",Quetta,Balochistan,2023-05-11,2023,Mercedes E Class,2000,Imported,33975993
FSD-2019-2949,42101-1001236-2,Saad Qureshi,"House 304, Street 20, Bahadurabad, Karachi",Karachi,Sindh,2019-07-03,2019,Suzuki Alto,660,Imported,1510503
LEA-2025-2249,42101-1001007-9,Chaudhry Ahmed Baig,"House 569, Street 15, Barrage Road, Sukkur",Sukkur,Sindh,2025-09-12,2025,Honda Civic,1800,Private,9086811
LEA-2019-2576,42101-1001007-9,Ahmed Baig,"House 569, Street 15, Barrage Road, Sukkur",Sukkur,Sindh,2019-05-02,2019,Toyota Corolla,1300,Private,4130156
RWP-2021-3184,54400-1000603-1,Chaudhry Fatima Ali,"House 573, Street 1, Jinnah Town, Quetta",Quetta,Balochistan,2021-11-19,2021,Mercedes E Class,2000,Imported,30974806
FSD-2021-2185,61101-1001812-4,A. Baig,"House 360, Street 11, Satellite Town, Rawalpindi",Rawalpindi,Punjab,2021-01-25,2021,BMW 5 Series,3000,Luxury,37996326
RWP-2017-9700,61101-1001812-4,Chaudhry Ahmed Baig,"House 360, Street 11, Satellite Town, Rawalpindi",Rawalpindi,Punjab,2017-11-30,2017,Audi A6,2000,Private,41807737
PES-2026-8687,61101-1001812-4,Chaudhry Ahmed Baig,"House 360, Street 11, Satellite Town, Rawalpindi",Rawalpindi,Punjab,2026-12-10,2026,Toyota Land Cruiser,4600,Imported,59125271
PES-2020-4869,61101-1001812-4,Ahmed Baig,"House 360, Street 11, Satellite Town, Rawalpindi",Rawalpindi,Punjab,2020-09-18,2020,BMW 5 Series,3000,Commercial,49325936
FSD-2026-3398,54400-1000732-4,Khalid Malik Sahib,"House 744, Street 24, Bosan Road, Multan",Multan,Punjab,2026-04-19,2026,Suzuki Mehran,800,Private,1047491
ICT-2022-1533,54400-1000732-4,K. Malik,"House 744, Street 24, Bosan Road, Multan",Multan,Punjab,2022-11-02,2022,Kia Sportage,2000,Private,14130421
PES-2021-5775,54400-1000732-4,Khalid Malik,"House 744, Street 24, Bosan Road, Multan",Multan,Punjab,2021-06-24,2021,Toyota Prado,2700,Imported,27351702
FSD-2026-6628,33100-1000810-0,U. Malik,"House 589, Street 2, Hussainabad, Hyderabad",Hyderabad,Sindh,2026-09-17,2026,Honda Civic,1800,Private,9915032
RWP-2023-7442,33100-1000810-0,Usman Malik,"House 589, Street 2, Hussainabad, Hyderabad",Hyderabad,Sindh,2023-05-21,2023,Honda Civic,1800,Imported,8999639
RWP-2018-9648,33100-1001583-1,Fatima Ali,"House 499, Street 13, Qasimabad, Hyderabad",Hyderabad,Sindh,2018-09-02,2018,BMW 5 Series,3000,Private,37773566
KHI-2023-1188,61101-1000380-0,H. Ghani,"House 619, Street 28, Civil Lines, Gujranwala",Gujranwala,Punjab,2023-10-26,2023,Audi A6,2000,Luxury,28460752
LEA-2025-7227,61101-1000380-0,H. Ghani,"House 619, Street 28, Civil Lines, Gujranwala",Gujranwala,Punjab,2025-11-04,2025,Toyota Land Cruiser,4600,Commercial,73123476
KHI-2020-8576,61101-1000380-0,Chaudhry Huma Ghani,"House 619, Street 28, Civil Lines, Gujranwala",Gujranwala,Punjab,2020-01-29,2020,Audi A6,2000,Imported,44325751
RWP-2020-2711,61101-1000380-0,Chaudhry Huma Ghani,"House 619, Street 28, Civil Lines, Gujranwala",Gujranwala,Punjab,2020-10-23,2020,Honda Civic,1800,Imported,9610385
ICT-2019-3161,17301-1001056-2,H. Sheikh,"House 85, Street 35, Gulbahar, Peshawar",Peshawar,KPK,2019-02-07,2019,Mercedes E Class,2000,Imported,30833584
LEA-2022-5301,45501-1000790-0,Imran Siddiqui,"House 42, Street 22, Chaklala, Rawalpindi",Rawalpindi,Punjab,2022-04-20,2022,Toyota Corolla,1300,Luxury,5818007
RWP-2019-4372,45501-1000790-0,Imran Siddiqui,"House 42, Street 22, Chaklala, Rawalpindi",Rawalpindi,Punjab,2019-03-02,2019,Mercedes E Class,2000,Private,40008308
FSD-2018-4823,17301-1001739-3,Laiba Khan,"House 922, Street 2, Model Town, Lahore",Lahore,Punjab,2018-10-05,2018,Honda Civic,1800,Imported,10348867
PES-2025-2062,42101-1000902-4,Ahmed Baig,"House 774, Street 12, Nazimabad, Karachi",Karachi,Sindh,2025-08-18,2025,Honda Civic,1800,Commercial,6976797
KHI-2020-6831,35202-1001794-8,Sana Iqbal Sahib,"House 746, Street 27, DHA Phase 6, Karachi",Karachi,Sindh,2020-10-02,2020,Toyota Corolla,1300,Luxury,4549005
QTA-2024-6306,35202-1001794-8,Sana Iqbal,"House 746, Street 27, DHA Phase 6, Karachi",Karachi,Sindh,2024-07-03,2024,Toyota Corolla,1300,Imported,4389796
KHI-2018-6391,54400-1001218-6,Kamran Qureshi Sahib,"House 988, Street 29, New Pind, Sukkur",Sukkur,Sindh,2018-09-04,2018,Mercedes E Class,2000,Commercial,37788885
ICT-2020-3836,54400-1000708-6,F. Ali,"House 13, Street 28, DHA Phase 2, Islamabad",Islamabad,Islamabad,2020-01-22,2020,Kia Sportage,2000,Private,11035943
KHI-2021-9392,35202-1001155-5,W. Akram,"House 981, Street 28, Saddar, Rawalpindi",Rawalpindi,Punjab,2021-11-16,2021,Suzuki Alto,660,Commercial,1413917
MUL-2017-3272,33100-1001092-4,Ayesha Khan Sahib,"House 79, Street 9, Saddar, Peshawar",Peshawar,KPK,2017-05-30,2017,Honda Civic,1800,Imported,8962353
QTA-2019-7366,33100-1000842-4,Ali Raza,"House 713, Street 3, New Pind, Sukkur",Sukkur,Sindh,2019-05-26,2019,Toyota Corolla,1300,Private,5299217
KHI-2020-1456,33100-1000842-4,A. Raza,"House 713, Street 3, New Pind, Sukkur",Sukkur,Sindh,2020-08-17,2020,Toyota Corolla,1300,Imported,6214884
QTA-2019-7994,33100-1000842-4,Chaudhry Ali Raza,"House 713, Street 3, New Pind, Sukkur",Sukkur,Sindh,2019-10-11,2019,Suzuki Mehran,800,Luxury,964517
FSD-2024-8830,42101-1000711-7,S. Qureshi,"House 451, Street 20, Jinnah Town, Quetta",Quetta,Balochistan,2024-07-08,2024,Mercedes E Class,2000,Imported,40177824
ICT-2021-2768,42101-1000711-7,Saad Qureshi,"House 451, Street 20, Jinnah Town, Quetta",Quetta,Balochistan,2021-03-19,2021,Suzuki Alto,660,Luxury,1820142
FSD-2026-3987,33100-1001467-9,K. Malik,"House 569, Street 29, Model Town, Gujranwala",Gujranwala,Punjab,2026-03-01,2026,Hyundai Tucson,2000,Luxury,15462604
FSD-2019-4860,33100-1001467-9,Khalid Malik Sahib,"House 569, Street 29, Model Town, Gujranwala",Gujranwala,Punjab,2019-11-23,2019,BMW 5 Series,3000,Imported,36340117
RWP-2019-6266,33100-1001467-9,K. Malik,"House 569, Street 29, Model Town, Gujranwala",Gujranwala,Punjab,2019-04-08,2019,Toyota Prado,2700,Imported,41405380
KHI-2025-1628,54400-1000034-8,Amna Chaudhry,"House 358, Street 6, Satellite Town, Rawalpindi",Rawalpindi,Punjab,2025-06-25,2025,Toyota Land Cruiser,4600,Luxury,49738864
RWP-2022-4187,54400-1000034-8,Amna Chaudhry,"House 358, Street 6, Satellite Town, Rawalpindi",Rawalpindi,Punjab,2022-11-14,2022,Mercedes E Class,2000,Luxury,47193278
LEA-2023-2139,35202-1001760-0,Zainab Ahmed,"House 52, Street 32, Canal Road, Faisalabad",Faisalabad,Punjab,2023-12-21,2023,Toyota Corolla,1300,Luxury,5671884
MUL-2018-9618,33100-1001316-2,T. Hussain,"House 558, Street 21, Satellite Town, Rawalpindi",Rawalpindi,Punjab,2018-03-09,2018,Suzuki Mehran,800,Private,1018414
QTA-2021-8442,54400-1000585-5,Sara Ahmed Sahib,"House 802, Street 16, Model Town, Lahore",Lahore,Punjab,2021-05-19,2021,Suzuki Mehran,800,Private,777953
MUL-2026-2870,45501-1001314-8,Chaudhry Rabia Noor,"House 542, Street 21, Warsak Road, Peshawar",Peshawar,KPK,2026-01-25,2026,Suzuki Mehran,800,Luxury,779986
RWP-2016-8958,33100-1000060-0,Sara Ahmed,"House 208, Street 20, Saddar, Hyderabad",Hyderabad,Sindh,2016-03-27,2016,BMW 5 Series,3000,Luxury,32657826
ICT-2019-9994,33100-1000371-7,Taha Hussain,"House 109, Street 31, Cantt, Multan",Multan,Punjab,2019-12-20,2019,Audi A6,2000,Luxury,36152183
FSD-2019-3517,17301-1001397-9,Khalid Malik,"House 907, Street 6, Gulberg, Faisalabad",Faisalabad,Punjab,2019-03-16,2019,Suzuki Mehran,800,Luxury,853708
RWP-2026-1833,35202-1001829-3,Sana Iqbal,"House 140, Street 1, Auto Bhan, Hyderabad",Hyderabad,Sindh,2026-05-10,2026,Suzuki Alto,660,Commercial,1711025
RWP-2016-8509,42101-1000663-1,Shazia Butt Sahib,"House 367, Street 17, Model Town, Lahore",Lahore,Punjab,2016-12-15,2016,Honda Civic,1800,Luxury,6427473
QTA-2024-2903,42101-1000663-1,Shazia Butt,"House 367, Street 17, Model Town, Lahore",Lahore,Punjab,2024-02-25,2024,Toyota Corolla,1300,Imported,5373395
KHI-2019-8794,45501-1000202-4,Ahmed Baig,"House 319, Street 6, Cantt, Quetta",Quetta,Balochistan,2019-12-16,2019,Honda Civic,1800,Luxury,10083063
RWP-2026-8332,54400-1000276-2,Naveed Raza Sahib,"House 29, Street 35, Latifabad, Hyderabad",Hyderabad,Sindh,2026-03-14,2026,Audi A6,2000,Private,29055976
QTA-2021-3377,17301-1001725-5,Zainab Ahmed,"House 344, Street 9, Brewery Road, Quetta",Quetta,Balochistan,2021-04-05,2021,Suzuki Mehran,800,Luxury,834612
QTA-2016-4161,61101-1001854-8,Chaudhry Amna Chaudhry,"House 780, Street 7, Johar Town, Lahore",Lahore,Punjab,2016-11-26,2016,Toyota Land Cruiser,4600,Imported,68112701
ICT-2023-6076,61101-1001854-8,Amna Chaudhry,"House 780, Street 7, Johar Town, Lahore",Lahore,Punjab,2023-07-04,2023,Toyota Prado,2700,Commercial,31931466
ICT-2021-1456,61101-1001854-8,Amna Chaudhry,"House 780, Street 7, Johar Town, Lahore",Lahore,Punjab,2021-03-11,2021,Audi A6,2000,Imported,39286973
MUL-2018-9451,61101-1001854-8,A. Chaudhry,"House 780, Street 7, Johar Town, Lahore",Lahore,Punjab,2018-08-20,2018,Suzuki Mehran,800,Private,937375
PES-2022-1304,35202-1001423-1,A. Iqbal,"House 311, Street 14, Satellite Town, Rawalpindi",Rawalpindi,Punjab,2022-10-11,2022,Toyota Land Cruiser,4600,Private,74392415
MUL-2017-9506,61101-1001640-0,Huma Ghani,"House 48, Street 10, Shah Rukn-e-Alam, Multan",Multan,Punjab,2017-04-09,2017,Toyota Corolla,1300,Luxury,5168740
MUL-2025-4100,45501-1001450-0,Chaudhry Danish Butt,"House 194, Street 29, Saddar, Hyderabad",Hyderabad,Sindh,2025-05-11,2025,Toyota Land Cruiser,4600,Commercial,60751636
FSD-2026-2931,45501-1001450-0,D. Butt,"House 194, Street 29, Saddar, Hyderabad",Hyderabad,Sindh,2026-08-18,2026,Audi A6,2000,Private,43595580
LEA-2018-8047,61101-1001801-7,Fahad Mirza,"House 920, Street 24, Satellite Town, Rawalpindi",Rawalpindi,Punjab,2018-03-25,2018,Suzuki Mehran,800,Commercial,1071167
RWP-2019-5498,17301-1000713-1,Hira Shah,"House 786, Street 5, Satellite Town, Gujranwala",Gujranwala,Punjab,2019-12-18,2019,Honda Civic,1800,Imported,10609755
LEA-2026-8670,17301-1000713-1,Chaudhry Hira Shah,"House 786, Street 5, Satellite Town, Gujranwala",Gujranwala,Punjab,2026-01-13,2026,Suzuki Mehran,800,Commercial,962662
MUL-2021-3080,17301-1000713-1,H. Shah,"House 786, Street 5, Satellite Town, Gujranwala",Gujranwala,Punjab,2021-05-09,2021,Honda Civic,1800,Luxury,6691122
ICT-2021-7229,17301-1001479-3,Sana Iqbal,"House 49, Street 28, G-11, Islamabad",Islamabad,Islamabad,2021-06-04,2021,Toyota Land Cruiser,4600,Imported,51499148
QTA-2023-2078,33100-1000816-2,Chaudhry Saad Qureshi,"House 705, Street 27, Nazimabad, Karachi",Karachi,Sindh,2023-12-15,2023,Suzuki Alto,660,Luxury,1390781
MUL-2023-5620,33100-1001024-8,Sana Iqbal,"House 958, Street 13, Gulgasht, Multan",Multan,Punjab,2023-07-18,2023,Suzuki Alto,660,Luxury,1986595
ICT-2022-8461,42101-1001683-1,Hassan Khan Sahib,"House 950, Street 34, Samungli Road, Quetta",Quetta,Balochistan,2022-12-16,2022,Audi A6,2000,Private,40610070
PES-2018-3949,42101-1001683-1,Hassan Khan,"House 950, Street 34, Samungli Road, Quetta",Quetta,Balochistan,2018-11-06,2018,Toyota Land Cruiser,4600,Luxury,61384916
KHI-2026-2233,42101-1001683-1,H. Khan,"House 950, Street 34, Samungli Road, Quetta",Quetta,Balochistan,2026-12-05,2026,Audi A6,2000,Imported,37614596
FSD-2019-1478,35202-1000183-1,Fatima Ali,"House 204, Street 1, Military Road, Sukkur",Sukkur,Sindh,2019-08-25,2019,Honda Civic,1800,Imported,9938526
RWP-2018-5366,35202-1000183-1,Fatima Ali,"House 204, Street 1, Military Road, Sukkur",Sukkur,Sindh,2018-05-28,2018,Suzuki Mehran,800,Commercial,942438
ICT-2024-1928,35202-1000183-1,F. Ali,"House 204, Street 1, Military Road, Sukkur",Sukkur,Sindh,2024-12-13,2024,Toyota Corolla,1300,Commercial,5350586
MUL-2026-6785,61101-1001969-3,Sana Iqbal,"House 274, Street 29, Clifton, Karachi",Karachi,Sindh,2026-06-02,2026,Hyundai Tucson,2000,Private,14444279
MUL-2024-5144,61101-1001969-3,S. Iqbal,"House 274, Street 29, Clifton, Karachi",Karachi,Sindh,2024-01-11,2024,Mercedes E Class,2000,Luxury,39094369
LEA-2022-7808,45501-1000888-6,H. Shah,"House 297, Street 33, Rohri, Sukkur",Sukkur,Sindh,2022-09-22,2022,Mercedes E Class,2000,Private,33848119
LEA-2023-9254,45501-1000888-6,H. Shah,"House 297, Street 33, Rohri, Sukkur",Sukkur,Sindh,2023-05-20,2023,BMW 5 Series,3000,Luxury,49436865
LEA-2017-5685,45501-1000888-6,H. Shah,"House 297, Street 33, Rohri, Sukkur",Sukkur,Sindh,2017-05-29,2017,Toyota Corolla,1300,Commercial,5650044
MUL-2021-6332,54400-1001233-1,Fatima Ali Sahib,"House 919, Street 16, Gulbahar, Peshawar",Peshawar,KPK,2021-10-16,2021,Toyota Land Cruiser,4600,Commercial,56749581
FSD-2023-9202,54400-1001233-1,Fatima Ali,"House 919, Street 16, Gulbahar, Peshawar",Peshawar,KPK,2023-02-11,2023,BMW 5 Series,3000,Private,42460614
LEA-2023-5712,54400-1001233-1,Fatima Ali,"House 919, Street 16, Gulbahar, Peshawar",Peshawar,KPK,2023-09-02,2023,Toyota Corolla,1300,Commercial,5222638
MUL-2017-1455,35202-1001519-3,Nimra Aslam,"House 196, Street 25, Peoples Colony, Gujranwala",Gujranwala,Punjab,2017-01-08,2017,Suzuki Mehran,800,Imported,912859
KHI-2020-4740,35202-1001519-3,Nimra Aslam,"House 196, Street 25, Peoples Colony, Gujranwala",Gujranwala,Punjab,2020-07-17,2020,Honda Civic,1800,Commercial,9137045
RWP-2021-8587,33100-1001963-1,Hassan Khan,"House 452, Street 1, Bosan Road, Multan",Multan,Punjab,2021-12-31,2021,Hyundai Tucson,2000,Private,13678587
MUL-2017-9343,54400-1001979-3,Chaudhry Rabia Noor,"House 304, Street 5, DHA Multan, Multan",Multan,Punjab,2017-09-18,2017,Suzuki Alto,660,Imported,1989275
MUL-2021-5801,42101-1000304-8,L. Khan,"House 665, Street 12, Gulshan-e-Iqbal, Karachi",Karachi,Sindh,2021-09-01,2021,Suzuki Alto,660,Imported,1646632
FSD-2021-7440,42101-1000304-8,Laiba Khan,"House 665, Street 12, Gulshan-e-Iqbal, Karachi",Karachi,Sindh,2021-04-26,2021,Honda Civic,1800,Commercial,9083037
ICT-2022-5873,42101-1000304-8,L. Khan,"House 665, Street 12, Gulshan-e-Iqbal, Karachi",Karachi,Sindh,2022-06-15,2022,Honda Civic,1800,Luxury,10416674
QTA-2024-8728,35202-1001069-3,Rabia Noor Sahib,"House 848, Street 1, Gulgasht, Multan",Multan,Punjab,2024-07-29,2024,Suzuki Mehran,800,Luxury,1105203
KHI-2016-6764,35202-1000927-9,Maham Tariq,"House 980, Street 23, Madina Town, Faisalabad",Faisalabad,Punjab,2016-08-08,2016,Suzuki Alto,660,Commercial,1711298
RWP-2022-4802,61101-1000359-3,Sana Iqbal,"House 354, Street 3, Hayatabad, Peshawar",Peshawar,KPK,2022-03-30,2022,Mercedes E Class,2000,Imported,47511680
MUL-2019-9254,17301-1001908-6,K. Javed,"House 999, Street 12, Civil Lines, Gujranwala",Gujranwala,Punjab,2019-01-04,2019,Suzuki Mehran,800,Private,1010605
PES-2024-4989,45501-1001134-8,Nimra Aslam,"House 55, Street 6, Saddar, Peshawar",Peshawar,KPK,2024-09-13,2024,Toyota Corolla,1300,Private,5214159
QTA-2016-1757,54400-1001900-0,Chaudhry Zainab Ahmed,"House 210, Street 4, Rohri, Sukkur",Sukkur,Sindh,2016-07-17,2016,BMW 5 Series,3000,Imported,41380174
PES-2019-7926,54400-1001900-0,Zainab Ahmed,"House 210, Street 4, Rohri, Sukkur",Sukkur,Sindh,2019-05-12,2019,Audi A6,2000,Luxury,45102715
RWP-2022-4698,54400-1001900-0,Z. Ahmed,"House 210, Street 4, Rohri, Sukkur",Sukkur,Sindh,2022-07-01,2022,Toyota Land Cruiser,4600,Private,60514551
RWP-2022-9393,54400-1001900-0,Zainab Ahmed Sahib,"House 210, Street 4, Rohri, Sukkur",Sukkur,Sindh,2022-03-31,2022,Mercedes E Class,2000,Luxury,32537957
PES-2025-9726,45501-1000358-6,F. Ali,"House 722, Street 6, PWD, Rawalpindi",Rawalpindi,Punjab,2025-03-18,2025,Kia Sportage,2000,Commercial,10725591
RWP-2019-4723,61101-1001805-5,I. Siddiqui,"House 329, Street 14, Saddar, Peshawar",Peshawar,KPK,2019-07-01,2019,Honda Civic,1800,Private,7715010
PES-2023-5846,42101-1001166-2,S. Qureshi,"House 689, Street 23, Saddar, Hyderabad",Hyderabad,Sindh,2023-01-19,2023,Toyota Corolla,1300,Imported,5596059
QTA-2019-8301,42101-1001166-2,Chaudhry Saad Qureshi,"House 689, Street 23, Saddar, Hyderabad",Hyderabad,Sindh,2019-01-22,2019,Honda Civic,1800,Private,8919950
FSD-2019-5131,35202-1000979-3,Amna Chaudhry,"House 956, Street 1, Clifton, Karachi",Karachi,Sindh,2019-11-20,2019,Kia Sportage,2000,Private,12701546
QTA-2019-9252,35202-1000729-3,Nida Hussain Sahib,"House 684, Street 9, Madina Town, Faisalabad",Faisalabad,Punjab,2019-10-27,2019,Toyota Corolla,1300,Luxury,6830534
PES-2024-4497,35202-1000729-3,N. Hussain,"House 684, Street 9, Madina Town, Faisalabad",Faisalabad,Punjab,2024-04-25,2024,Honda Civic,1800,Luxury,6983753
FSD-2021-4816,17301-1000578-6,K. Javed,"House 770, Street 34, People Colony, Faisalabad",Faisalabad,Punjab,2021-09-18,2021,Toyota Corolla,1300,Commercial,6437754
ICT-2019-2242,54400-1001221-7,Chaudhry Naveed Raza,"House 586, Street 7, Queens Road, Sukkur",Sukkur,Sindh,2019-07-09,2019,Kia Sportage,2000,Imported,10667246
FSD-2022-1701,54400-1001221-7,Naveed Raza,"House 586, Street 7, Queens Road, Sukkur",Sukkur,Sindh,2022-06-17,2022,Mercedes E Class,2000,Commercial,38620255
RWP-2023-5531,45501-1000812-4,Ayesha Khan,"House 381, Street 35, F-10, Islamabad",Islamabad,Islamabad,2023-07-05,2023,BMW 5 Series,3000,Commercial,37497379
KHI-2023-5652,33100-1000198-6,Chaudhry Asad Iqbal,"House 287, Street 12, DHA Phase 2, Islamabad",Islamabad,Islamabad,2023-11-15,2023,Suzuki Alto,660,Private,1934216
KHI-2019-8487,61101-1000498-6,Fatima Ali,"House 41, Street 18, Satellite Town, Gujranwala",Gujranwala,Punjab,2019-08-12,2019,Toyota Corolla,1300,Luxury,6109293
PES-2018-7679,45501-1001256-2,N. Raza,"House 447, Street 29, Latifabad, Hyderabad",Hyderabad,Sindh,2018-10-25,2018,Honda Civic,1800,Commercial,10311915
RWP-2017-1453,35202-1001578-6,Hassan Khan,"House 364, Street 31, Satellite Town, Quetta",Quetta,Balochistan,2017-03-16,2017,Suzuki Alto,660,Luxury,1379048
RWP-2026-9158,45501-1000073-1,Hassan Khan,"House 747, Street 7, Samungli Road, Quetta",Quetta,Balochistan,2026-09-28,2026,Suzuki Mehran,800,Private,849694
LEA-2016-2430,45501-1000073-1,Hassan Khan,"House 747, Street 7, Samungli Road, Quetta",Quetta,Balochistan,2016-01-07,2016,Suzuki Alto,660,Luxury,2207570
MUL-2021-1466,35202-1001940-0,Danish Butt,"House 390, Street 25, DHA Phase 6, Karachi",Karachi,Sindh,2021-09-26,2021,Suzuki Mehran,800,Private,702346
MUL-2018-8954,61101-1000857-9,Chaudhry Maham Tariq,"House 804, Street 26, PWD, Rawalpindi",Rawalpindi,Punjab,2018-05-02,2018,Audi A6,2000,Luxury,35973899
RWP-2018-1353,45501-1000987-9,A. Khan,"House 678, Street 31, Bosan Road, Multan",Multan,Punjab,2018-08-12,2018,Toyota Prado,2700,Luxury,32037386
KHI-2021-8952,45501-1000987-9,Ayesha Khan,"House 678, Street 31, Bosan Road, Multan",Multan,Punjab,2021-03-16,2021,Audi A6,2000,Luxury,28689768
ICT-2021-9863,45501-1000987-9,Ayesha Khan,"House 678, Street 31, Bosan Road, Multan",Multan,Punjab,2021-11-20,2021,Audi A6,2000,Luxury,40323488
MUL-2025-4258,45501-1000987-9,A. Khan,"House 678, Street 31, Bosan Road, Multan",Multan,Punjab,2025-03-07,2025,Toyota Prado,2700,Imported,27995497
QTA-2020-7293,42101-1001212-4,Chaudhry Muneeb Akhtar,"House 430, Street 17, Military Road, Sukkur",Sukkur,Sindh,2020-09-16,2020,Suzuki Alto,660,Imported,1622197
LEA-2022-4811,61101-1001834-8,Nimra Aslam,"House 718, Street 7, Jinnah Town, Quetta",Quetta,Balochistan,2022-10-18,2022,Suzuki Mehran,800,Private,874965
RWP-2022-3613,17301-1000652-4,Muneeb Akhtar,"House 653, Street 22, Hussainabad, Hyderabad",Hyderabad,Sindh,2022-06-03,2022,Audi A6,2000,Imported,42612141
FSD-2021-9351,54400-1000014-8,Nimra Aslam,"House 807, Street 22, Hayatabad, Peshawar",Peshawar,KPK,2021-01-08,2021,Suzuki Mehran,800,Commercial,1106427
LEA-2023-1277,42101-1001991-7,Naveed Raza,"House 555, Street 17, Saddar, Rawalpindi",Rawalpindi,Punjab,2023-03-01,2023,Suzuki Alto,660,Private,1638708
ICT-2016-2841,42101-1001991-7,Chaudhry Naveed Raza,"House 555, Street 17, Saddar, Rawalpindi",Rawalpindi,Punjab,2016-02-13,2016,Toyota Land Cruiser,4600,Private,76483502
LEA-2016-2511,17301-1000244-8,A. Chaudhry,"House 211, Street 34, Brewery Road, Quetta",Quetta,Balochistan,2016-02-06,2016,Suzuki Mehran,800,Luxury,682993
KHI-2022-1242,17301-1000244-8,Chaudhry Amna Chaudhry,"House 211, Street 34, Brewery Road, Quetta",Quetta,Balochistan,2022-10-04,2022,Audi A6,2000,Luxury,39214230
QTA-2024-8005,61101-1001435-5,Waseem Akram,"House 759, Street 26, Chaklala, Rawalpindi",Rawalpindi,Punjab,2024-02-09,2024,Toyota Land Cruiser,4600,Luxury,48786606
PES-2017-6867,42101-1000126-2,T. Hussain,"House 609, Street 7, DHA Multan, Multan",Multan,Punjab,2017-02-13,2017,Kia Sportage,2000,Imported,12874394
LEA-2025-4566,35202-1001330-0,Waseem Akram,"House 55, Street 3, Gulberg, Lahore",Lahore,Punjab,2025-03-15,2025,Toyota Corolla,1300,Luxury,5411582
FSD-2016-5412,33100-1001463-1,K. Qureshi,"House 144, Street 18, Military Road, Sukkur",Sukkur,Sindh,2016-07-18,2016,Honda Civic,1800,Luxury,8953144
FSD-2024-1512,33100-1001463-1,K. Qureshi,"House 144, Street 18, Military Road, Sukkur",Sukkur,Sindh,2024-03-10,2024,Toyota Corolla,1300,Luxury,5192696
PES-2022-2032,33100-1001496-2,Mariam Malik,"House 285, Street 6, DHA Phase 5, Lahore",Lahore,Punjab,2022-04-26,2022,Honda Civic,1800,Imported,9032002
KHI-2021-9237,33100-1001496-2,Chaudhry Mariam Malik,"House 285, Street 6, DHA Phase 5, Lahore",Lahore,Punjab,2021-07-31,2021,Suzuki Alto,660,Commercial,1409071
FSD-2024-7303,33100-1001496-2,Chaudhry Mariam Malik,"House 285, Street 6, DHA Phase 5, Lahore",Lahore,Punjab,2024-03-27,2024,Suzuki Alto,660,Imported,1980936
ICT-2019-9990,33100-1000055-5,Imran Siddiqui,"House 978, Street 19, Rohri, Sukkur",Sukkur,Sindh,2019-04-17,2019,Audi A6,2000,Commercial,30386434
FSD-2016-2768,17301-1001873-1,K. Javed,"House 394, Street 34, DHA Phase 2, Islamabad",Islamabad,Islamabad,2016-12-11,2016,Toyota Prado,2700,Commercial,40406250
RWP-2018-8618,61101-1000056-2,Taha Hussain,"House 757, Street 25, Clifton, Karachi",Karachi,Sindh,2018-10-10,2018,Honda Civic,1800,Private,7763377
PES-2024-1996,61101-1000327-9,Chaudhry Umer Farooq,"House 114, Street 4, DHA Phase 2, Islamabad",Islamabad,Islamabad,2024-02-15,2024,BMW 5 Series,3000,Private,33808256
QTA-2025-4363,45501-1001833-1,H. Shah,"House 28, Street 14, Saddar, Rawalpindi",Rawalpindi,Punjab,2025-09-13,2025,Suzuki Alto,660,Commercial,1524282
FSD-2022-3375,45501-1001833-1,H. Shah,"House 28, Street 14, Saddar, Rawalpindi",Rawalpindi,Punjab,2022-06-06,2022,Toyota Corolla,1300,Imported,5211809
RWP-2023-4151,35202-1000146-2,H. Sheikh,"House 367, Street 15, Satellite Town, Rawalpindi",Rawalpindi,Punjab,2023-04-11,2023,Honda Civic,1800,Commercial,8592249
LEA-2020-6270,61101-1000409-3,L. Khan,"House 615, Street 15, Satellite Town, Quetta",Quetta,Balochistan,2020-04-22,2020,Mercedes E Class,2000,Luxury,46716374
ICT-2016-4619,61101-1000409-3,L. Khan,"House 615, Street 15, Satellite Town, Quetta",Quetta,Balochistan,2016-03-02,2016,Suzuki Mehran,800,Luxury,710740
QTA-2018-1142,61101-1000409-3,Chaudhry Laiba Khan,"House 615, Street 15, Satellite Town, Quetta",Quetta,Balochistan,2018-07-11,2018,Suzuki Alto,660,Luxury,1617597
FSD-2026-9365,33100-1001973-1,Hira Shah,"House 385, Street 10, Bahadurabad, Karachi",Karachi,Sindh,2026-06-20,2026,Toyota Prado,2700,Commercial,27630887
MUL-2018-5442,61101-1001108-6,Asad Iqbal,"House 573, Street 32, Gulgasht, Multan",Multan,Punjab,2018-08-30,2018,Audi A6,2000,Commercial,33472131
QTA-2024-7378,33100-1001429-3,Nida Hussain,"House 395, Street 2, Model Town, Lahore",Lahore,Punjab,2024-06-07,2024,Suzuki Alto,660,Private,1540639
KHI-2024-3439,35202-1001051-7,M. Ahmed,"House 249, Street 18, DHA Multan, Multan",Multan,Punjab,2024-02-02,2024,Toyota Corolla,1300,Luxury,5549232
PES-2026-7546,33100-1000373-1,A. Iqbal,"House 559, Street 18, E-11, Islamabad",Islamabad,Islamabad,2026-01-04,2026,Suzuki Mehran,800,Private,960748
QTA-2016-3685,33100-1000373-1,Chaudhry Asad Iqbal,"House 559, Street 18, E-11, Islamabad",Islamabad,Islamabad,2016-06-08,2016,Suzuki Alto,660,Luxury,1982794
FSD-2023-2786,33100-1000373-1,Asad Iqbal,"House 559, Street 18, E-11, Islamabad",Islamabad,Islamabad,2023-05-07,2023,Mercedes E Class,2000,Imported,44920031
FSD-2017-9165,35202-1001253-1,K. Qureshi,"House 412, Street 32, Gulshan-e-Iqbal, Karachi",Karachi,Sindh,2017-07-22,2017,Suzuki Alto,660,Private,1622223
KHI-2020-1426,35202-1001253-1,Kamran Qureshi Sahib,"House 412, Street 32, Gulshan-e-Iqbal, Karachi",Karachi,Sindh,2020-09-18,2020,Suzuki Mehran,800,Imported,681664
ICT-2019-9942,35202-1001253-1,K. Qureshi,"House 412, Street 32, Gulshan-e-Iqbal, Karachi",Karachi,Sindh,2019-06-19,2019,Suzuki Alto,660,Luxury,2047371
RWP-2025-1853,35202-1001253-1,Kamran Qureshi,"House 412, Street 32, Gulshan-e-Iqbal, Karachi",Karachi,Sindh,2025-04-20,2025,Suzuki Alto,660,Private,1635250
MUL-2018-2639,42101-1001254-8,Chaudhry Nida Hussain,"House 205, Street 20, Satellite Town, Rawalpindi",Rawalpindi,Punjab,2018-05-16,2018,Mercedes E Class,2000,Private,42018967
LEA-2018-3160,42101-1001728-6,H. Shah,"House 844, Street 12, Chaklala, Rawalpindi",Rawalpindi,Punjab,2018-10-04,2018,Audi A6,2000,Commercial,43888557
FSD-2021-3784,33100-1000057-9,Chaudhry Muneeb Akhtar,"House 269, Street 19, Johar Town, Lahore",Lahore,Punjab,2021-12-20,2021,Kia Sportage,2000,Imported,14111956
QTA-2022-1463,17301-1001677-9,Khalid Malik,"House 972, Street 31, DHA Multan, Multan",Multan,Punjab,2022-09-27,2022,Suzuki Alto,660,Imported,1494041
RWP-2018-3408,54400-1000062-4,Ahmed Baig,"House 580, Street 18, Barrage Road, Sukkur",Sukkur,Sindh,2018-11-23,2018,Suzuki Mehran,800,Imported,1059167
ICT-2019-4488,54400-1000062-4,A. Baig,"House 580, Street 18, Barrage Road, Sukkur",Sukkur,Sindh,2019-11-11,2019,Toyota Corolla,1300,Private,4351309
ICT-2017-6784,61101-1000719-3,Chaudhry Rabia Noor,"House 187, Street 26, Gulgasht, Multan",Multan,Punjab,2017-12-09,2017,Toyota Corolla,1300,Luxury,5020417
PES-2021-9305,42101-1001837-9,Maham Tariq,"House 689, Street 26, Brewery Road, Quetta",Quetta,Balochistan,2021-05-05,2021,BMW 5 Series,3000,Imported,43909554
LEA-2018-4430,54400-1001321-7,Mariam Malik,"House 106, Street 22, Bosan Road, Multan",Multan,Punjab,2018-09-22,2018,Toyota Corolla,1300,Imported,5780146
FSD-2024-7811,42101-1001518-6,Chaudhry Hira Shah,"House 432, Street 17, Bahria Town, Lahore",Lahore,Punjab,2024-03-06,2024,Honda Civic,1800,Luxury,9895252
LEA-2026-8935,35202-1001865-5,Chaudhry Zainab Ahmed,"House 101, Street 23, Satellite Town, Quetta",Quetta,Balochistan,2026-02-06,2026,Toyota Corolla,1300,Commercial,5644888
FSD-2021-8475,61101-1000386-2,Muhammad Ahmed,"House 365, Street 26, Military Road, Sukkur",Sukkur,Sindh,2021-08-05,2021,Suzuki Mehran,800,Private,919644
MUL-2020-3259,61101-1000386-2,Chaudhry Muhammad Ahmed,"House 365, Street 26, Military Road, Sukkur",Sukkur,Sindh,2020-07-25,2020,Honda Civic,1800,Imported,8866617
LEA-2023-5622,42101-1001125-5,U. Malik,"House 708, Street 20, Gulberg, Lahore",Lahore,Punjab,2023-07-04,2023,Mercedes E Class,2000,Imported,47617758
LEA-2020-6598,42101-1001125-5,Chaudhry Usman Malik,"House 708, Street 20, Gulberg, Lahore",Lahore,Punjab,2020-07-13,2020,Suzuki Mehran,800,Commercial,684152
KHI-2020-2352,33100-1001044-8,Nida Hussain,"House 240, Street 33, Satellite Town, Rawalpindi",Rawalpindi,Punjab,2020-11-02,2020,Toyota Corolla,1300,Luxury,5704457
MUL-2026-8194,35202-1000399-3,Nimra Aslam,"House 331, Street 5, Model Town, Lahore",Lahore,Punjab,2026-10-26,2026,Suzuki Mehran,800,Private,769658
FSD-2017-3665,61101-1001013-1,Shazia Butt,"House 298, Street 29, Barrage Road, Sukkur",Sukkur,Sindh,2017-08-24,2017,Suzuki Mehran,800,Commercial,976482
RWP-2026-1043,45501-1000765-5,Chaudhry Huma Ghani,"House 202, Street 27, Hayatabad, Peshawar",Peshawar,KPK,2026-12-16,2026,Suzuki Alto,660,Private,1756557
QTA-2024-3120,54400-1001906-2,Chaudhry Fahad Mirza,"House 345, Street 13, Samungli Road, Quetta",Quetta,Balochistan,2024-11-18,2024,Mercedes E Class,2000,Commercial,37098187
MUL-2022-9841,17301-1001717-9,A. Raza,"House 527, Street 21, Clifton, Karachi",Karachi,Sindh,2022-09-10,2022,Toyota Corolla,1300,Imported,6170742
QTA-2023-1428,17301-1001717-9,Ali Raza Sahib,"House 527, Street 21, Clifton, Karachi",Karachi,Sindh,2023-10-20,2023,Suzuki Alto,660,Imported,1817008
ICT-2021-9589,17301-1001717-9,A. Raza,"House 527, Street 21, Clifton, Karachi",Karachi,Sindh,2021-11-08,2021,Honda Civic,1800,Imported,10588784
QTA-2017-4864,33100-1000580-0,Imran Siddiqui,"House 449, Street 4, Military Road, Sukkur",Sukkur,Sindh,2017-03-15,2017,Honda Civic,1800,Commercial,9969854
LEA-2023-3864,33100-1000580-0,Imran Siddiqui,"House 449, Street 4, Military Road, Sukkur",Sukkur,Sindh,2023-07-14,2023,BMW 5 Series,3000,Commercial,41992008
QTA-2017-2727,33100-1000580-0,I. Siddiqui,"House 449, Street 4, Military Road, Sukkur",Sukkur,Sindh,2017-01-18,2017,BMW 5 Series,3000,Commercial,41314832
PES-2022-6542,33100-1000580-0,Chaudhry Imran Siddiqui,"House 449, Street 4, Military Road, Sukkur",Sukkur,Sindh,2022-09-18,2022,Honda Civic,1800,Imported,6929110
RWP-2026-1852,61101-1000337-9,Chaudhry Muneeb Akhtar,"House 660, Street 9, F-10, Islamabad",Islamabad,Islamabad,2026-03-19,2026,Toyota Corolla,1300,Imported,4755284
MUL-2024-7726,61101-1000337-9,Muneeb Akhtar Sahib,"House 660, Street 9, F-10, Islamabad",Islamabad,Islamabad,2024-11-26,2024,Suzuki Alto,660,Luxury,1957920
KHI-2026-6786,61101-1000337-9,Muneeb Akhtar Sahib,"House 660, Street 9, F-10, Islamabad",Islamabad,Islamabad,2026-06-03,2026,Suzuki Mehran,800,Commercial,934755
FSD-2022-8349,61101-1000337-9,Muneeb Akhtar,"House 660, Street 9, F-10, Islamabad",Islamabad,Islamabad,2022-11-15,2022,Toyota Prado,2700,Commercial,30304155
MUL-2016-2144,54400-1001439-3,Bilal Ahmed,"House 105, Street 3, Saddar, Hyderabad",Hyderabad,Sindh,2016-12-31,2016,Toyota Prado,2700,Commercial,33713261
FSD-2018-8369,35202-1001644-8,Amna Chaudhry,"House 150, Street 16, PWD, Rawalpindi",Rawalpindi,Punjab,2018-08-20,2018,Suzuki Alto,660,Luxury,1605523
MUL-2017-3350,17301-1000533-1,Chaudhry Fatima Ali,"House 800, Street 7, Chaklala, Rawalpindi",Rawalpindi,Punjab,2017-08-02,2017,Toyota Corolla,1300,Imported,5408750
QTA-2025-4849,17301-1000533-1,Fatima Ali,"House 800, Street 7, Chaklala, Rawalpindi",Rawalpindi,Punjab,2025-12-10,2025,Suzuki Alto,660,Luxury,1485235
ICT-2018-7789,61101-1000942-4,Khalid Malik,"House 81, Street 6, Gulberg, Lahore",Lahore,Punjab,2018-01-11,2018,Toyota Corolla,1300,Private,6855889
LEA-2021-7748,61101-1000942-4,Chaudhry Khalid Malik,"House 81, Street 6, Gulberg, Lahore",Lahore,Punjab,2021-12-07,2021,Honda Civic,1800,Imported,9822464
RWP-2020-1456,35202-1001705-5,Sara Ahmed Sahib,"House 918, Street 2, Warsak Road, Peshawar",Peshawar,KPK,2020-07-18,2020,Honda Civic,1800,Imported,9847731
LEA-2024-1832,61101-1000673-1,Chaudhry Fatima Ali,"House 529, Street 31, Saddar, Hyderabad",Hyderabad,Sindh,2024-03-26,2024,Honda Civic,1800,Private,8970489
ICT-2022-3995,33100-1000699-3,A. Chaudhry,"House 246, Street 4, University Road, Peshawar",Peshawar,KPK,2022-12-18,2022,Honda Civic,1800,Luxury,7829968
FSD-2023-2997,33100-1000699-3,Amna Chaudhry,"House 246, Street 4, University Road, Peshawar",Peshawar,KPK,2023-09-09,2023,Suzuki Alto,660,Luxury,2041015
LEA-2026-7200,33100-1000699-3,A. Chaudhry,"House 246, Street 4, University Road, Peshawar",Peshawar,KPK,2026-12-08,2026,Suzuki Mehran,800,Imported,919001
PES-2023-6513,33100-1000699-3,Amna Chaudhry,"House 246, Street 4, University Road, Peshawar",Peshawar,KPK,2023-02-22,2023,Suzuki Alto,660,Commercial,1949606
QTA-2021-6314,54400-1001393-1,Kamran Qureshi,"House 797, Street 7, Nazimabad, Karachi",Karachi,Sindh,2021-11-28,2021,Toyota Land Cruiser,4600,Imported,80920127
LEA-2016-4488,17301-1000031-7,Naveed Raza Sahib,"House 901, Street 29, Cantt, Multan",Multan,Punjab,2016-08-14,2016,Suzuki Mehran,800,Luxury,985074
QTA-2017-2417,33100-1000709-3,S. Iqbal,"House 986, Street 10, Gulberg, Faisalabad",Faisalabad,Punjab,2017-04-23,2017,Toyota Corolla,1300,Imported,6224621
MUL-2019-4471,33100-1000709-3,S. Iqbal,"House 986, Street 10, Gulberg, Faisalabad",Faisalabad,Punjab,2019-06-25,2019,Toyota Prado,2700,Imported,32540985
MUL-2017-8447,33100-1000709-3,S. Iqbal,"House 986, Street 10, Gulberg, Faisalabad",Faisalabad,Punjab,2017-03-31,2017,Honda Civic,1800,Private,7042992
FSD-2017-2882,33100-1000709-3,S. Iqbal,"House 986, Street 10, Gulberg, Faisalabad",Faisalabad,Punjab,2017-08-02,2017,Toyota Corolla,1300,Luxury,6589975
PES-2026-4602,45501-1000647-9,M. Tariq,"House 955, Street 19, Brewery Road, Quetta",Quetta,Balochistan,2026-11-17,2026,Audi A6,2000,Commercial,36944483
QTA-2023-2707,45501-1000647-9,Maham Tariq Sahib,"House 955, Street 19, Brewery Road, Quetta",Quetta,Balochistan,2023-01-11,2023,Suzuki Alto,660,Imported,1720695
PES-2025-2125,33100-1001342-4,U. Farooq,"House 429, Street 6, Gulberg, Lahore",Lahore,Punjab,2025-12-20,2025,Suzuki Alto,660,Private,1541267
ICT-2021-8711,35202-1001489-3,R. Noor,"House 563, Street 9, Satellite Town, Gujranwala",Gujranwala,Punjab,2021-07-10,2021,Honda Civic,1800,Private,7716803
LEA-2017-9580,54400-1001201-7,Saad Qureshi Sahib,"House 104, Street 24, Rohri, Sukkur",Sukkur,Sindh,2017-08-31,2017,Hyundai Tucson,2000,Luxury,11199679
RWP-2020-6173,61101-1001378-6,Hira Shah,"House 918, Street 31, Satellite Town, Quetta",Quetta,Balochistan,2020-07-07,2020,Suzuki Alto,660,Private,1651685
QTA-2026-8595,61101-1001558-6,Chaudhry Kashif Javed,"House 413, Street 30, Gulshan-e-Iqbal, Karachi",Karachi,Sindh,2026-12-07,2026,Toyota Corolla,1300,Luxury,6871339
QTA-2016-8253,61101-1001558-6,Kashif Javed,"House 413, Street 30, Gulshan-e-Iqbal, Karachi",Karachi,Sindh,2016-11-27,2016,Kia Sportage,2000,Private,9174461
ICT-2017-4621,61101-1001558-6,Chaudhry Kashif Javed,"House 413, Street 30, Gulshan-e-Iqbal, Karachi",Karachi,Sindh,2017-05-04,2017,Suzuki Alto,660,Private,1887547
FSD-2022-8581,61101-1001558-6,K. Javed,"House 413, Street 30, Gulshan-e-Iqbal, Karachi",Karachi,Sindh,2022-05-29,2022,Suzuki Alto,660,Luxury,1350952
ICT-2017-6881,45501-1001851-7,Chaudhry Naveed Raza,"House 82, Street 5, Gulberg, Lahore",Lahore,Punjab,2017-07-01,2017,Audi A6,2000,Private,30750638
LEA-2023-3242,54400-1000884-8,Chaudhry Sana Iqbal,"House 954, Street 24, Madina Town, Faisalabad",Faisalabad,Punjab,2023-09-08,2023,Suzuki Alto,660,Imported,1403022
LEA-2023-7838,35202-1000850-0,Z. Ahmed,"House 93, Street 23, Hayatabad, Peshawar",Peshawar,KPK,2023-03-06,2023,Suzuki Alto,660,Commercial,2102070
RWP-2022-8310,42101-1001037-9,Muneeb Akhtar,"House 640, Street 35, Wapda Town, Gujranwala",Gujranwala,Punjab,2022-06-30,2022,Toyota Corolla,1300,Commercial,6404162
ICT-2016-5534,33100-1001497-9,A. Baig,"House 152, Street 22, Bahria Enclave, Islamabad",Islamabad,Islamabad,2016-05-25,2016,Honda Civic,1800,Luxury,8605574
MUL-2023-1153,35202-1001404-8,B. Ahmed,"House 352, Street 34, Brewery Road, Quetta",Quetta,Balochistan,2023-01-13,2023,Kia Sportage,2000,Luxury,12234033
MUL-2023-6442,35202-1001404-8,Chaudhry Bilal Ahmed,"House 352, Street 34, Brewery Road, Quetta",Quetta,Balochistan,2023-02-19,2023,Suzuki Alto,660,Commercial,1662100
ICT-2023-9452,45501-1000247-9,Chaudhry Ali Raza,"House 319, Street 17, Satellite Town, Gujranwala",Gujranwala,Punjab,2023-12-15,2023,Kia Sportage,2000,Luxury,12793150
LEA-2026-5225,45501-1000247-9,Chaudhry Ali Raza,"House 319, Street 17, Satellite Town, Gujranwala",Gujranwala,Punjab,2026-02-07,2026,BMW 5 Series,3000,Commercial,38448515
ICT-2020-3497,33100-1001340-0,Chaudhry Zainab Ahmed,"House 542, Street 7, Jinnah Town, Quetta",Quetta,Balochistan,2020-07-30,2020,BMW 5 Series,3000,Private,36904223
FSD-2021-9821,33100-1001340-0,Zainab Ahmed,"House 542, Street 7, Jinnah Town, Quetta",Quetta,Balochistan,2021-06-02,2021,Suzuki Mehran,800,Private,830303
QTA-2022-3001,33100-1001340-0,Zainab Ahmed,"House 542, Street 7, Jinnah Town, Quetta",Quetta,Balochistan,2022-12-17,2022,Mercedes E Class,2000,Imported,40915077
PES-2017-6586,42101-1001176-2,Taha Hussain,"House 769, Street 18, Brewery Road, Quetta",Quetta,Balochistan,2017-11-05,2017,Suzuki Mehran,800,Commercial,1053215
FSD-2021-8631,35202-1001571-7,Naveed Raza Sahib,"House 543, Street 6, Satellite Town, Rawalpindi",Rawalpindi,Punjab,2021-02-28,2021,Suzuki Alto,660,Commercial,1790039
RWP-2026-3724,42101-1000820-0,Danish Butt,"House 695, Street 33, Gulbahar, Peshawar",Peshawar,KPK,2026-09-14,2026,Toyota Corolla,1300,Imported,6600295
PES-2020-6230,42101-1000820-0,Danish Butt Sahib,"House 695, Street 33, Gulbahar, Peshawar",Peshawar,KPK,2020-08-21,2020,Toyota Corolla,1300,Luxury,5916130
ICT-2018-6638,17301-1000197-9,Chaudhry Muneeb Akhtar,"House 694, Street 4, Bosan Road, Multan",Multan,Punjab,2018-12-06,2018,Suzuki Mehran,800,Private,964714
ICT-2021-3896,33100-1000809-3,Chaudhry Bilal Ahmed,"House 466, Street 24, Clifton, Karachi",Karachi,Sindh,2021-11-24,2021,Honda Civic,1800,Commercial,10457354
PES-2016-6963,33100-1000319-3,Bilal Ahmed,"House 659, Street 35, DHA Phase 5, Lahore",Lahore,Punjab,2016-03-20,2016,Suzuki Mehran,800,Imported,1048988
PES-2018-6431,33100-1000319-3,Bilal Ahmed,"House 659, Street 35, DHA Phase 5, Lahore",Lahore,Punjab,2018-06-02,2018,Audi A6,2000,Luxury,38227923
LEA-2023-2134,33100-1000319-3,B. Ahmed,"House 659, Street 35, DHA Phase 5, Lahore",Lahore,Punjab,2023-08-04,2023,Suzuki Alto,660,Luxury,1438104
MUL-2018-2395,45501-1000123-1,Chaudhry Kashif Javed,"House 827, Street 31, Saddar, Rawalpindi",Rawalpindi,Punjab,2018-10-02,2018,Toyota Corolla,1300,Luxury,4944168
PES-2019-5515,42101-1001611-7,Muhammad Ahmed,"House 33, Street 18, Jinnah Town, Quetta",Quetta,Balochistan,2019-02-21,2019,Toyota Land Cruiser,4600,Luxury,75076647
RWP-2022-8406,61101-1001712-4,K. Malik,"House 719, Street 26, F-10, Islamabad",Islamabad,Islamabad,2022-01-20,2022,Toyota Land Cruiser,4600,Imported,49918500
QTA-2025-6707,61101-1001667-9,M. Akhtar,"House 364, Street 1, F-10, Islamabad",Islamabad,Islamabad,2025-10-21,2025,Toyota Corolla,1300,Imported,5865052
ICT-2020-5757,45501-1001042-4,Ahmed Baig,"House 480, Street 18, PWD, Rawalpindi",Rawalpindi,Punjab,2020-08-16,2020,Suzuki Mehran,800,Luxury,811053
QTA-2020-5474,61101-1000139-3,Amna Chaudhry Sahib,"House 338, Street 16, Shah Rukn-e-Alam, Multan",Multan,Punjab,2020-11-17,2020,Audi A6,2000,Imported,42211575
QTA-2025-3953,42101-1000684-8,Rabia Noor Sahib,"House 728, Street 1, Clifton, Karachi",Karachi,Sindh,2025-10-14,2025,Mercedes E Class,2000,Commercial,35769277
PES-2020-2129,42101-1000684-8,Rabia Noor,"House 728, Street 1, Clifton, Karachi",Karachi,Sindh,2020-09-12,2020,Kia Sportage,2000,Luxury,14654094
MUL-2017-4466,54400-1001347-9,Chaudhry Maham Tariq,"House 234, Street 10, Wapda Town, Gujranwala",Gujranwala,Punjab,2017-11-04,2017,Suzuki Alto,660,Private,1576218
MUL-2022-1654,54400-1001276-2,F. Mirza,"House 81, Street 17, Rohri, Sukkur",Sukkur,Sindh,2022-06-09,2022,Honda Civic,1800,Luxury,9894774
FSD-2016-6960,54400-1001276-2,Fahad Mirza,"House 81, Street 17, Rohri, Sukkur",Sukkur,Sindh,2016-04-01,2016,Suzuki Mehran,800,Luxury,817757
LEA-2026-7607,54400-1001276-2,F. Mirza,"House 81, Street 17, Rohri, Sukkur",Sukkur,Sindh,2026-10-13,2026,Kia Sportage,2000,Luxury,10682840
QTA-2020-1843,35202-1000845-5,Chaudhry Usman Malik,"House 478, Street 10, Queens Road, Sukkur",Sukkur,Sindh,2020-05-06,2020,Audi A6,2000,Luxury,43260813
QTA-2023-5141,35202-1000845-5,Chaudhry Usman Malik,"House 478, Street 10, Queens Road, Sukkur",Sukkur,Sindh,2023-10-08,2023,Toyota Prado,2700,Luxury,30150670
ICT-2026-5257,33100-1000738-6,Hassan Khan,"House 899, Street 3, New Pind, Sukkur",Sukkur,Sindh,2026-12-18,2026,Suzuki Alto,660,Imported,1351019
KHI-2023-6418,61101-1001751-7,Muhammad Ahmed,"House 80, Street 5, Bahria Town, Lahore",Lahore,Punjab,2023-09-18,2023,Suzuki Mehran,800,Private,846398
MUL-2023-3233,61101-1001751-7,Muhammad Ahmed Sahib,"House 80, Street 5, Bahria Town, Lahore",Lahore,Punjab,2023-07-30,2023,Suzuki Alto,660,Imported,2025444
PES-2016-9006,61101-1001751-7,Muhammad Ahmed,"House 80, Street 5, Bahria Town, Lahore",Lahore,Punjab,2016-07-06,2016,Toyota Corolla,1300,Luxury,4890533
LEA-2018-9288,54400-1000692-4,Ahmed Baig Sahib,"House 732, Street 25, Johar Town, Lahore",Lahore,Punjab,2018-06-06,2018,Suzuki Mehran,800,Imported,953944
PES-2018-6731,17301-1001860-0,Usman Malik,"House 18, Street 23, Wapda Town, Gujranwala",Gujranwala,Punjab,2018-12-15,2018,Suzuki Alto,660,Commercial,1436656
ICT-2020-5578,33100-1000113-1,Fatima Ali,"House 893, Street 14, DHA Phase 5, Lahore",Lahore,Punjab,2020-10-16,2020,Suzuki Alto,660,Luxury,2172604
LEA-2020-5762,33100-1000113-1,Chaudhry Fatima Ali,"House 893, Street 14, DHA Phase 5, Lahore",Lahore,Punjab,2020-06-24,2020,Suzuki Mehran,800,Luxury,914139
ICT-2018-3517,17301-1000242-4,K. Malik,"House 890, Street 14, Shah Rukn-e-Alam, Multan",Multan,Punjab,2018-07-30,2018,Toyota Corolla,1300,Luxury,5650686
MUL-2018-9649,17301-1000242-4,Chaudhry Khalid Malik,"House 890, Street 14, Shah Rukn-e-Alam, Multan",Multan,Punjab,2018-03-28,2018,Suzuki Mehran,800,Luxury,1057051
LEA-2026-8970,17301-1000365-5,Chaudhry Danish Butt,"House 659, Street 33, Peoples Colony, Gujranwala",Gujranwala,Punjab,2026-05-28,2026,Toyota Corolla,1300,Imported,4778793
LEA-2024-3275,45501-1001465-5,Huma Ghani Sahib,"House 513, Street 14, DHA Phase 5, Lahore",Lahore,Punjab,2024-03-21,2024,Toyota Corolla,1300,Imported,4506702
KHI-2021-5703,45501-1001465-5,Huma Ghani Sahib,"House 513, Street 14, DHA Phase 5, Lahore",Lahore,Punjab,2021-08-26,2021,Toyota Corolla,1300,Luxury,6292375
FSD-2018-9135,45501-1001465-5,Huma Ghani,"House 513, Street 14, DHA Phase 5, Lahore",Lahore,Punjab,2018-06-28,2018,Honda Civic,1800,Imported,7301939
PES-2025-3520,61101-1001852-4,Khalid Malik,"House 872, Street 6, D Ground, Faisalabad",Faisalabad,Punjab,2025-04-03,2025,Toyota Prado,2700,Luxury,40898679
PES-2024-5660,33100-1000854-8,N. Aslam,"House 496, Street 4, Gulbahar, Peshawar",Peshawar,KPK,2024-09-03,2024,Mercedes E Class,2000,Imported,46344083
ICT-2024-2710,33100-1000854-8,Nimra Aslam,"House 496, Street 4, Gulbahar, Peshawar",Peshawar,KPK,2024-09-16,2024,Honda Civic,1800,Private,10046254
MUL-2025-8718,33100-1000854-8,Nimra Aslam,"House 496, Street 4, Gulbahar, Peshawar",Peshawar,KPK,2025-04-22,2025,Suzuki Mehran,800,Commercial,1032262
