cnic,fbr_id,full_name,declared_income_pkr,tax_paid_pkr,filer_status,reported_address,phone_number
52445-3530829-7,FBR-100000,Jeffrey Miller,1923970,109861,Filer,"House 75, Johar Town, Lahore",03271829726
57931-1973060-9,FBR-100001,M. Taylor,2610571,117153,Filer,"Plot 39, DHA, Rawalpindi",03511530592
64810-2171979-4,FBR-100002,Chaudhry Crystal Herrera,2034603,63655,Filer,"House 565, Gulberg, Lahore",03328928112
84115-3077052-4,FBR-100003,Eric Kaiser,3722857,194592,Filer,"House 591, Johar Town, Rawalpindi",03706338966
16499-4709137-1,FBR-100004,Mr. John Villarreal Jr.,1085561,42561,Filer,"Plot 297, Gulberg, Karachi",03770322774
80868-2976225-5,FBR-100005,N. Farmer,921976,6033,Non-Filer,"Plot 106, Johar Town, Karachi",03397470358
58810-2634613-9,FBR-100006,Valerie Baker,2533604,132323,Filer,"House 578, DHA, Karachi",03923703597
75066-9920785-7,FBR-100007,Chaudhry Mrs. Taylor Evans,6506776,262857,Filer,"Flat 477, Johar Town, Rawalpindi",03101628249
57393-6029255-4,FBR-100008,M. Michael Nichols,4297325,183759,Filer,"Plot 716, Bahria Town, Lahore",03525566735
85290-6037344-9,FBR-100009,Chaudhry Joel Miller,1262086,65880,Filer,"Kothi 897, Model Town, Rawalpindi",03864148107
47740-2228106-2,FBR-100010,D. Cortez,6391774,298870,Filer,"Kothi 169, Model Town, Karachi",03258337850
74089-8074924-1,FBR-100011,Jonathan A. MD,6172217,423583,Filer,"House 783, Johar Town, Islamabad",03686387740
54580-6875018-8,FBR-100012,R. Bailey,2774166,260627,Filer,"Kothi 71, DHA, Islamabad",03852604486
72141-2090518-1,FBR-100013,Mr. Brandon Cruz,3356184,232929,Filer,"Flat 663, Johar Town, Rawalpindi",03554991041
47302-7472506-6,FBR-100014,Erin Mccall,1748299,136398,Filer,"House 964, Gulberg, Islamabad",03839136069
32026-2964541-8,FBR-100015,B. Bean,2862905,106341,Filer,"House 224, Model Town, Karachi",03882103234
42455-7675615-7,FBR-100016,Mr. Joshua King,971317,13563,Non-Filer,"Kothi 83, Bahria Town, Rawalpindi",03624738975
62644-5661367-3,FBR-100017,J. Russo,4693714,377489,Filer,"Kothi 885, Johar Town, Islamabad",03840695179
64433-7019181-7,FBR-100018,James Wheeler,1360913,49160,Filer,"Plot 155, DHA, Karachi",03397054826
29830-4891590-4,FBR-100019,Thomas Lopez,4626637,213190,Filer,"House 497, Johar Town, Karachi",03797644331
44438-5730012-1,FBR-100020,Chaudhry Jacqueline Ward,4440138,147287,Filer,"Plot 430, Johar Town, Islamabad",03707748811
89929-6345416-3,FBR-100021,J. Stafford,1082872,38454,Filer,"House 468, Johar Town, Rawalpindi",03180415824
62175-7693754-7,FBR-100022,Chaudhry James Jones,3470043,317428,Filer,"House 494, Gulberg, Lahore",03038825370
34983-2129905-4,FBR-100023,David A. Cannon,2487948,91191,Filer,"Kothi 167, DHA, Islamabad",03282767673
88738-1882072-2,FBR-100024,O. Sutton,3023117,356027,Filer,"House 581, Bahria Town, Lahore",03129134258
57659-1427833-2,FBR-100025,Mr. Madeline Brown,4325457,328958,Filer,"Plot 629, Gulberg, Karachi",03674461537
93153-5232182-6,FBR-100026,Mr. Christopher Craig,5923468,602877,Filer,"Flat 486, DHA, Lahore",03532920233
73972-8818005-8,FBR-100027,Mr. Terry Hughes,4325770,516513,Filer,"Kothi 320, DHA, Karachi",03323370629
23393-6748475-5,FBR-100028,John Prince,2269967,32831,Filer,"Kothi 849, Bahria Town, Lahore",03638862062
36897-9862688-6,FBR-100029,Matthew A. Robinson,1803818,21000,Filer,"Plot 707, Johar Town, Lahore",03207058937
79220-6001115-2,FBR-100030,Jeanne Rodriguez,2484236,235941,Filer,"Flat 531, Model Town, Karachi",03811153556
56621-4737842-9,FBR-100031,Michelle Bradley,6104606,630016,Filer,"Flat 652, Bahria Town, Karachi",03369806357
41377-7722368-4,FBR-100032,S. Porter,5372470,470186,Filer,"Plot 531, Gulberg, Islamabad",03747460935
13798-1468706-5,FBR-100033,Bruce Peterson II,5434759,635898,Filer,"Kothi 266, Bahria Town, Islamabad",03896309128
68619-6863966-6,FBR-100034,Mary Smith,4863734,160253,Filer,"House 226, DHA, Karachi",03484608424
71614-4300181-6,FBR-100035,Chaudhry Christina Williams,2142663,222964,Filer,"Plot 495, Johar Town, Lahore",03467980011
72845-6771478-2,FBR-100036,Chaudhry Heather Kidd,6500923,366072,Filer,"House 932, Gulberg, Karachi",03901388186
72656-3995097-7,FBR-100037,Mr. Heather Banks,3558990,317608,Filer,"Flat 89, Gulberg, Rawalpindi",03112009090
62610-2424708-3,FBR-100038,Julie A. Christensen,2171317,13637,Non-Filer,"Plot 131, DHA, Karachi",03208169661
87438-8807342-3,FBR-100039,J. Rogers,1120174,56314,Filer,"Kothi 674, Model Town, Karachi",03291494103
81913-3197544-1,FBR-100040,Logan Schroeder,2371772,194189,Filer,"House 819, DHA, Karachi",03967987503
66860-4268292-4,FBR-100041,Joseph A. Adkins,6840247,687933,Filer,"House 258, Bahria Town, Islamabad",03072936042
75688-5035581-6,FBR-100042,L. Holt,3595150,258512,Filer,"Flat 558, Gulberg, Karachi",03245586752
17982-6935510-8,FBR-100043,Christine Barton,2006160,62582,Filer,"Kothi 847, Johar Town, Karachi",03016077648
79707-3547391-9,FBR-100044,Chaudhry Madeline Torres,1583122,29403,Filer,"House 894, Gulberg, Karachi",03738498295
89764-1065976-3,FBR-100045,Chaudhry Shannon Holland,1709240,202413,Filer,"Plot 145, Gulberg, Lahore",03363974027
82938-2036081-6,FBR-100046,Chaudhry Christopher Thomas,1678258,20307,Filer,"Kothi 804, DHA, Lahore",03231782031
42570-4209584-5,FBR-100047,N. Baker,4856353,538588,Filer,"House 791, DHA, Rawalpindi",03166804279
83626-1467509-2,FBR-100048,V. Chaney,6152225,416701,Filer,"Kothi 334, Johar Town, Karachi",03669813075
46331-8589103-9,FBR-100049,A. Carter,3134728,244774,Filer,"Kothi 520, Bahria Town, Islamabad",03361865418
83336-4398871-8,FBR-100050,Chaudhry Stephanie Moody,1850711,63188,Filer,"Plot 427, DHA, Rawalpindi",03402474536
67949-6301261-2,FBR-100051,Mr. Adam Prince,4706572,243599,Filer,"Plot 439, DHA, Karachi",03850721129
97749-6079806-2,FBR-100052,Lindsay A. Welch,4863777,393468,Filer,"Plot 963, Model Town, Karachi",03205404689
43175-3302750-8,FBR-100053,Chaudhry Michael Austin,2277727,246510,Filer,"Plot 765, DHA, Rawalpindi",03883301977
73866-3731249-4,FBR-100054,Michael A. Murray,5523163,557427,Filer,"Plot 724, Gulberg, Rawalpindi",03882370207
54448-8067846-4,FBR-100055,Chaudhry Sharon Preston,6179868,458495,Filer,"Flat 327, DHA, Islamabad",03706464439
12553-6670358-9,FBR-100056,Chaudhry Jacob Mcconnell,1998962,94397,Filer,"Kothi 452, DHA, Rawalpindi",03772436501
53450-9681099-5,FBR-100057,Rodney Woods,1304694,53954,Filer,"House 116, Bahria Town, Lahore",03439378494
21018-5455429-5,FBR-100058,Jordan Paul,1653333,151486,Filer,"House 928, Bahria Town, Islamabad",03225629435
26981-8084249-5,FBR-100059,John A. Goodman,1382130,65822,Filer,"Kothi 153, Johar Town, Rawalpindi",03112999725
52866-2500926-5,FBR-100060,Chaudhry Heidi Brown,1847477,177563,Filer,"House 819, Bahria Town, Rawalpindi",03471027149
19491-5511786-1,FBR-100061,Mr. Michael Fowler,810772,9827,Non-Filer,"House 821, Model Town, Lahore",03279830973
89715-4731386-2,FBR-100062,J. Gonzalez,847018,215,Non-Filer,"Flat 884, DHA, Rawalpindi",03567823696
11513-6690022-9,FBR-100063,Chaudhry Melissa Mccoy,3895472,224589,Filer,"Kothi 949, Model Town, Karachi",03552985602
15663-9840167-4,FBR-100064,T. Richardson,1884520,64113,Filer,"House 993, Bahria Town, Islamabad",03153570369
16603-4039125-4,FBR-100065,Mr. Zachary Rich,2042915,29040,Filer,"Flat 644, Model Town, Karachi",03285462492
48005-8477384-9,FBR-100066,A. Brown,1775865,33760,Filer,"Plot 278, Model Town, Lahore",03843376218
42826-1619907-1,FBR-100067,Jonathan A. Burgess,6701502,349024,Filer,"House 751, Johar Town, Karachi",03468192230
77401-8965161-4,FBR-100068,Chaudhry Karen Wilson,1959908,46461,Filer,"Kothi 109, Gulberg, Rawalpindi",03111843696
81553-7594889-9,FBR-100069,Sherri A. Anderson,3619052,193792,Filer,"Flat 705, Bahria Town, Karachi",03658651410
54918-4332365-3,FBR-100070,Jeffrey A. Carroll,6494955,346484,Filer,"Kothi 356, DHA, Karachi",03466996384
11868-2186531-5,FBR-100071,Chaudhry Stephen Stewart,987470,12092,Non-Filer,"Kothi 168, DHA, Lahore",03427931939
97192-7390135-9,FBR-100072,Justin Silva,6577373,205770,Filer,"Flat 614, Bahria Town, Islamabad",03536623025
15929-8708341-3,FBR-100073,Mr. David Jensen,939955,12523,Non-Filer,"Plot 276, Gulberg, Lahore",03102842035
44503-7109278-6,FBR-100074,Russell Haynes,2223050,252001,Filer,"Flat 251, DHA, Islamabad",03248776260
38556-6982485-3,FBR-100075,Brandon Johnson,5248557,493656,Filer,"House 344, Gulberg, Lahore",03166298417
72212-5679649-9,FBR-100076,Kevin Robertson,5498416,185083,Filer,"Plot 255, Johar Town, Lahore",03997189251
21908-5432015-2,FBR-100077,Donna A. Diaz,2159543,250223,Filer,"Plot 410, Johar Town, Lahore",03060457644
61639-1377389-5,FBR-100078,A. Miller,1686820,61394,Filer,"Flat 645, Bahria Town, Lahore",03521088633
86753-9878327-3,FBR-100079,S. Woodward,938218,60864,Filer,"Kothi 783, Model Town, Rawalpindi",03693764786
29590-5767691-3,FBR-100080,Chaudhry Derek Cunningham,595133,9665,Non-Filer,"House 845, Johar Town, Rawalpindi",03778536861
76262-3337193-9,FBR-100081,M. Griffin,1989282,70951,Filer,"House 847, Johar Town, Karachi",03098962938
21153-1522786-1,FBR-100082,B. Henderson,1994070,62778,Filer,"Plot 653, Model Town, Lahore",03018914203
59364-8573003-9,FBR-100083,Betty A. Wilson,3174563,120480,Filer,"House 643, DHA, Karachi",03583534271
74132-5425710-1,FBR-100084,P. Pope,624647,7960,Non-Filer,"Kothi 817, DHA, Lahore",03360350500
96415-9824650-2,FBR-100085,H. Austin,5169074,486635,Filer,"Kothi 259, DHA, Islamabad",03062619381
40773-4442978-4,FBR-100086,N. Gardner,4049208,384980,Filer,"Kothi 506, Gulberg, Lahore",03347266699
72784-5820415-1,FBR-100087,Scott A. Soto,688580,9624,Non-Filer,"Plot 80, Johar Town, Karachi",03441367794
53486-5260410-5,FBR-100088,Diane Ross,5667411,430260,Filer,"Plot 13, Gulberg, Lahore",03590154738
73674-5509258-2,FBR-100089,Chaudhry Benjamin Arias,5278547,394767,Filer,"Plot 692, Gulberg, Islamabad",03498791579
77703-5790625-8,FBR-100090,Chaudhry Brianna Yoder,2147776,26237,Filer,"Kothi 478, DHA, Karachi",03851750435
50851-2440395-8,FBR-100091,Chaudhry Kevin Randall,3494009,347184,Filer,"House 297, Gulberg, Lahore",03789183297
76403-8540535-5,FBR-100092,Mr. John Forbes,4987499,517346,Filer,"Kothi 215, Bahria Town, Lahore",03046676574
86214-2515034-3,FBR-100093,Larry A. Jimenez,1759081,16621,Non-Filer,"Flat 976, Model Town, Karachi",03444591862
89084-9535313-5,FBR-100094,David A. Clark,2262525,64411,Filer,"House 721, Model Town, Karachi",03880966178
75259-9156086-7,FBR-100095,Chaudhry Thomas Thomas,2487285,46149,Filer,"House 163, DHA, Rawalpindi",03614842808
99337-8562502-7,FBR-100096,Thomas Ingram,1849319,162175,Filer,"Flat 745, Bahria Town, Rawalpindi",03186825510
55083-7310014-6,FBR-100097,M. Gardner,5584356,422371,Filer,"House 861, Model Town, Lahore",03968609267
52539-6675272-7,FBR-100098,J. Smith,3700350,336020,Filer,"House 963, Bahria Town, Lahore",03244404651
47988-5248196-6,FBR-100099,Chaudhry Donald Combs,1799749,168900,Filer,"House 403, Gulberg, Lahore",03887087149
57278-8181533-5,FBR-100100,Kathy A. Adams,1730380,14418,Non-Filer,"House 288, DHA, Lahore",03531690594
96766-5791961-3,FBR-100101,Mr. Claudia Barker MD,1534526,98997,Filer,"Plot 995, Model Town, Rawalpindi",03200103615
76972-6294912-4,FBR-100102,Elizabeth Williams,5806489,593836,Filer,"Flat 804, Gulberg, Lahore",03449922235
92692-7711585-9,FBR-100103,Mr. Gregory Medina,2091359,94806,Filer,"Plot 737, DHA, Lahore",03809423253
63855-8564182-3,FBR-100104,Jennifer A. Lopez,6525038,553926,Filer,"Flat 498, DHA, Karachi",03001176961
32382-8921934-7,FBR-100105,M. Lane,1995886,112530,Filer,"Flat 289, Model Town, Islamabad",03745341371
95566-5364912-7,FBR-100106,Charles A. Stephens,1196995,60665,Filer,"Plot 309, Gulberg, Rawalpindi",03040870927
25694-3807372-3,FBR-100107,A. Rodriguez,3846604,259995,Filer,"House 213, Johar Town, Rawalpindi",03207542563
82140-4691411-8,FBR-100108,D. Nelson,4187423,342057,Filer,"Flat 778, Gulberg, Rawalpindi",03735336553
28297-4228055-4,FBR-100109,T. Anderson,3637973,308758,Filer,"House 179, Model Town, Lahore",03147358587
51849-5011878-6,FBR-100110,Mr. Dylan Ramirez,1614050,31571,Filer,"Flat 829, Johar Town, Karachi",03777203685
12632-7925327-7,FBR-100111,Alice A. Harris,5841736,639987,Filer,"Kothi 764, Johar Town, Karachi",03252710499
59396-5533872-6,FBR-100112,Rachel Jones,2421630,65828,Filer,"House 511, Model Town, Islamabad",03451709823
26498-9445579-9,FBR-100113,C. Marquez,2175683,62553,Filer,"Plot 95, Model Town, Karachi",03885578065
60405-7706811-8,FBR-100114,Mr. Brian Hood,1922724,64530,Filer,"Kothi 977, Model Town, Lahore",03583166999
26678-1540956-7,FBR-100115,Chaudhry Catherine Cameron,4464341,193536,Filer,"Kothi 992, Johar Town, Rawalpindi",03589328512
10023-2227050-7,FBR-100116,D. Joseph Wood PhD,2371960,19243,Non-Filer,"Kothi 996, Gulberg, Karachi",03021258056
24292-4754747-3,FBR-100117,Chaudhry Katrina Mahoney,6273332,333374,Filer,"Plot 535, DHA, Rawalpindi",03967358228
21141-1663476-1,FBR-100118,Chaudhry Juan Rosario,855785,13483,Non-Filer,"Plot 239, Johar Town, Lahore",03549484057
94607-6096620-3,FBR-100119,Mr. Michelle Heath,1588997,39147,Filer,"Flat 541, Gulberg, Lahore",03299866580
23034-2180309-5,FBR-100120,E. Gibson,1183663,54204,Filer,"Plot 398, Model Town, Karachi",03776241314
88782-1019327-1,FBR-100121,Mr. Steven Singh,6603634,596989,Filer,"Flat 472, Model Town, Islamabad",03735385267
94485-5066085-8,FBR-100122,Mr. Elizabeth George,2268569,207732,Filer,"Plot 561, Bahria Town, Lahore",03127640344
63976-6157279-1,FBR-100123,Laura Thomas,812651,12111,Non-Filer,"House 199, Gulberg, Rawalpindi",03665582378
20628-5316041-4,FBR-100124,Chaudhry Danielle Sherman,5926073,705360,Filer,"Kothi 948, Model Town, Karachi",03458788985
74611-1572059-6,FBR-100125,Mr. Kimberly Kim,4312846,314572,Filer,"Kothi 372, Gulberg, Karachi",03984100189
10885-5900812-9,FBR-100126,Mr. Jose Knight,1888927,174926,Filer,"House 211, Gulberg, Karachi",03643615285
50857-4253660-4,FBR-100127,Chaudhry Jillian Jones,2319001,13929,Non-Filer,"Kothi 227, Model Town, Islamabad",03222258947
24287-9317551-3,FBR-100128,Mr. Jeffrey Clark,2479769,23911,Filer,"Plot 497, Gulberg, Lahore",03906437714
87961-3455900-7,FBR-100129,William A. Phillips,3908161,158164,Filer,"House 219, DHA, Karachi",03551609566
64445-1869739-1,FBR-100130,N. Lewis,1796828,94193,Filer,"Plot 403, Gulberg, Islamabad",03457360429
24838-2331459-3,FBR-100131,Mr. Kathryn Wagner,1506390,61594,Filer,"Flat 196, Bahria Town, Rawalpindi",03751715830
14180-6231591-7,FBR-100132,Chaudhry Rachel Scott,1374355,59790,Filer,"Flat 340, Gulberg, Karachi",03507389277
24281-1048162-2,FBR-100133,Charles Carter,2408074,221683,Filer,"Flat 83, Model Town, Rawalpindi",03270407245
26214-4479635-7,FBR-100134,C. Oneill,6728418,561338,Filer,"Flat 788, Model Town, Rawalpindi",03625982599
21502-1826400-8,FBR-100135,Chaudhry Caitlin Mccoy,4718245,347264,Filer,"Plot 382, Johar Town, Rawalpindi",03702739532
35300-6424228-6,FBR-100136,Matthew Williams,1510315,33393,Filer,"Kothi 32, Gulberg, Karachi",03086027795
91973-7790957-1,FBR-100137,Jerry Dixon,1455306,66865,Filer,"Kothi 36, Gulberg, Lahore",03611252563
18126-5312012-4,FBR-100138,J. Johnson MD,1761327,170259,Filer,"House 921, Johar Town, Islamabad",03589232921
57575-5568681-6,FBR-100139,Joshua A. Mitchell,1544169,13062,Non-Filer,"House 269, Model Town, Islamabad",03043588936
48981-1063277-2,FBR-100140,Chaudhry Joshua Lawson,1721021,61339,Filer,"House 846, Bahria Town, Lahore",03081369173
72283-8813886-7,FBR-100141,Mr. Melissa Jensen,862336,1820,Non-Filer,"Flat 936, Gulberg, Rawalpindi",03467475467
27394-9330569-3,FBR-100142,Patricia Williams,4058398,428528,Filer,"House 822, Model Town, Karachi",03534643743
89594-4961813-6,FBR-100143,Mr. Anthony Johnson,1654012,56296,Filer,"Flat 472, Model Town, Lahore",03692694066
77093-4310342-7,FBR-100144,Paul A. Phillips,1968439,37124,Filer,"Plot 254, Gulberg, Lahore",03389634215
95137-1568138-8,FBR-100145,Chaudhry Michael Chapman,2838872,217079,Filer,"Flat 165, Gulberg, Lahore",03427063169
19458-5444138-2,FBR-100146,Kelly Davis,4216349,463505,Filer,"Plot 99, Gulberg, Rawalpindi",03887023269
68584-3905677-4,FBR-100147,Gina Peters,921831,5559,Non-Filer,"Plot 427, Gulberg, Karachi",03726464208
80590-3032806-5,FBR-100148,Mr. Hannah Green,3283302,366059,Filer,"Flat 287, Johar Town, Islamabad",03041097410
58886-5262360-5,FBR-100149,Chaudhry Matthew Harris,2181228,154848,Filer,"Plot 450, Bahria Town, Karachi",03168792087
42157-4951101-3,FBR-100150,A. George,894724,10427,Non-Filer,"Flat 906, Johar Town, Karachi",03253095246
52773-2087232-7,FBR-100151,Amanda Ramirez,5486451,367823,Filer,"Flat 252, Johar Town, Karachi",03629304802
95149-2686822-8,FBR-100152,Mr. Ryan Fuller,1361490,51117,Filer,"House 105, DHA, Rawalpindi",03285167492
40292-8521178-6,FBR-100153,Ashley A. Taylor,4103603,370754,Filer,"House 898, Model Town, Karachi",03841519484
25625-1845423-4,FBR-100154,C. Griffith,3441623,184342,Filer,"Plot 953, DHA, Islamabad",03707331987
77196-3982301-8,FBR-100155,N. Daniels,3816524,120498,Filer,"Flat 794, DHA, Lahore",03328907891
93552-6866986-4,FBR-100156,Chaudhry Michelle Lambert,1180201,12007,Non-Filer,"House 378, Model Town, Karachi",03827813432
15788-4422156-5,FBR-100157,Kristina Reid,6532191,724656,Filer,"House 614, Bahria Town, Lahore",03646333076
52893-7861795-6,FBR-100158,Tara Davis,2132672,65446,Filer,"Plot 636, Model Town, Lahore",03985297893
36661-1527921-8,FBR-100159,Chaudhry Alicia Jones,4016861,257621,Filer,"Kothi 65, Gulberg, Lahore",03124085036
61812-3592955-9,FBR-100160,Mr. Denise Stafford,5936717,601387,Filer,"House 669, Bahria Town, Rawalpindi",03764868276
45542-7875117-5,FBR-100161,Mr. Nancy Allen,1295467,36859,Filer,"Flat 428, DHA, Islamabad",03532394649
84254-6992514-7,FBR-100162,Mark A. Walker,1230967,11611,Non-Filer,"Kothi 19, Model Town, Karachi",03580582903
61213-7794326-4,FBR-100163,Kristen Wilson,1894671,227271,Filer,"House 445, Bahria Town, Rawalpindi",03078392515
24881-2518137-7,FBR-100164,Mary A. Arias,1617957,161283,Filer,"Flat 472, Bahria Town, Karachi",03649071881
11944-1867304-9,FBR-100165,F. Lopez,3501111,341007,Filer,"Plot 657, Gulberg, Lahore",03668109522
85086-7221723-9,FBR-100166,Mr. Samuel Anderson,1130148,14225,Non-Filer,"Plot 150, Model Town, Islamabad",03158584203
31209-9743595-3,FBR-100167,A. Diaz,3694143,424722,Filer,"House 112, Gulberg, Rawalpindi",03269459518
35865-6060264-3,FBR-100168,Chaudhry Robert Fritz,4935786,461045,Filer,"House 999, Gulberg, Islamabad",03720849599
16995-7507801-2,FBR-100169,Chaudhry Kimberly White,5324257,381993,Filer,"Plot 656, Bahria Town, Rawalpindi",03488562371
90573-4290229-8,FBR-100170,J. Wiley,4287455,481413,Filer,"Plot 579, Bahria Town, Lahore",03890943617
62395-9688794-3,FBR-100171,Mr. Steven Perry,3277497,111188,Filer,"Kothi 368, DHA, Karachi",03479084721
42382-4231219-1,FBR-100172,Chaudhry Mario Hernandez,1728017,61177,Filer,"House 684, Model Town, Lahore",03997113287
61096-8645939-9,FBR-100173,T. Frost,2093184,244042,Filer,"Flat 665, Gulberg, Islamabad",03943641614
86365-5181869-7,FBR-100174,Abigail A. MD,3743505,147502,Filer,"Kothi 675, Model Town, Rawalpindi",03120619555
76005-8354336-3,FBR-100175,Mr. Gabriella Foster,2641695,82270,Filer,"House 4, Johar Town, Rawalpindi",03256675175
70984-4946855-8,FBR-100176,Rachel Wilkinson,598985,10900,Non-Filer,"Kothi 857, Bahria Town, Rawalpindi",03204741853
62473-2796438-2,FBR-100177,Robert A. Henry,2188683,37720,Filer,"Plot 368, Gulberg, Islamabad",03491483381
22021-8414978-9,FBR-100178,J. Austin,1877040,186922,Filer,"House 42, Bahria Town, Lahore",03661598414
51120-9581239-2,FBR-100179,Mr. Jason Jackson,3116817,368850,Filer,"House 771, Johar Town, Rawalpindi",03434306345
95556-3284817-1,FBR-100180,David A. Smith,5639265,524909,Filer,"House 629, DHA, Karachi",03231557778
27251-9252208-5,FBR-100181,Emily Cox,1714876,82743,Filer,"Plot 703, Bahria Town, Lahore",03471828456
55992-5231562-3,FBR-100182,Daniel A. Cox,1375904,14122,Non-Filer,"Flat 919, Johar Town, Islamabad",03649264074
69821-3408743-5,FBR-100183,Elizabeth Barajas,4548315,398866,Filer,"Kothi 214, Johar Town, Islamabad",03390470698
90722-9489388-4,FBR-100184,C. Williams,4381943,508386,Filer,"Flat 382, DHA, Karachi",03862419208
33867-7769027-3,FBR-100185,James A. Powell,2515672,274682,Filer,"Flat 696, Model Town, Rawalpindi",03360846361
32117-5434903-2,FBR-100186,Mr. Peter Ruiz,1183792,41695,Filer,"House 652, Model Town, Rawalpindi",03811047855
82768-9748521-2,FBR-100187,Kristen A. Davis,5948966,503429,Filer,"Flat 549, Gulberg, Islamabad",03628187896
44701-7303867-6,FBR-100188,Mike A. Valenzuela,3478469,105865,Filer,"Plot 369, Model Town, Lahore",03030535661
67970-4859553-3,FBR-100189,Katie A. Hayes,4120412,265950,Filer,"House 304, Johar Town, Islamabad",03178507306
50641-6245376-1,FBR-100190,C. Frost,1068507,31713,Filer,"House 227, Bahria Town, Islamabad",03507198719
90747-8251664-7,FBR-100191,Diane Morgan,4809382,399130,Filer,"Flat 918, DHA, Karachi",03801875212
74014-4812784-1,FBR-100192,Z. Curtis,1186951,24660,Filer,"House 56, DHA, Islamabad",03363953762
49811-2784469-9,FBR-100193,Timothy Smith,3439153,377915,Filer,"Flat 547, Bahria Town, Rawalpindi",03578393388
86492-6052542-3,FBR-100194,Chaudhry Jordan Dalton,3661093,240706,Filer,"Plot 376, Johar Town, Rawalpindi",03140315935
30791-3260708-1,FBR-100195,Amber A. DDS,5885074,441026,Filer,"Plot 725, Bahria Town, Rawalpindi",03985603908
22557-2068182-3,FBR-100196,Katherine Estrada,5354563,485088,Filer,"Flat 412, Model Town, Lahore",03394067141
17357-6877607-8,FBR-100197,A. Melton,3366019,151989,Filer,"Kothi 255, Bahria Town, Lahore",03088960306
15767-2032277-9,FBR-100198,Gabriel A. Martin,5282161,389282,Filer,"House 416, Bahria Town, Karachi",03962858522
30868-1979440-2,FBR-100199,Mr. Antonio Medina,1318171,11052,Non-Filer,"House 628, Johar Town, Karachi",03657575369
28647-7931981-4,FBR-100200,Mr. James Miller,2492006,226852,Filer,"Kothi 833, Johar Town, Karachi",03480942714
76660-6190576-2,FBR-100201,John A. Tate,1886458,139769,Filer,"Flat 641, DHA, Rawalpindi",03281401396
80569-1106525-7,FBR-100202,Mr. Jamie Hale,6233973,325879,Filer,"Kothi 764, Gulberg, Lahore",03785561256
95921-8591476-3,FBR-100203,D. Erika Travis,2488953,51873,Filer,"Plot 108, Model Town, Karachi",03188505777
94412-1651250-2,FBR-100204,M. Walker,3618056,208501,Filer,"Flat 913, Model Town, Lahore",03541365194
44863-8315750-9,FBR-100205,Chaudhry Michele Mclaughlin,6826161,271789,Filer,"Flat 303, Bahria Town, Lahore",03087580473
76509-1255478-3,FBR-100206,D. Jackson,5834209,511050,Filer,"Flat 927, Bahria Town, Karachi",03237533644
30864-6483992-4,FBR-100207,Mr. James Mercer,4696221,372698,Filer,"Kothi 337, Johar Town, Karachi",03802332131
59735-9998559-8,FBR-100208,Dana A. Peters,1591975,48586,Filer,"Kothi 860, Johar Town, Lahore",03579724476
13475-8335233-4,FBR-100209,C. Rodriguez,2662585,90639,Filer,"Flat 809, Bahria Town, Rawalpindi",03376282183
91608-2305306-3,FBR-100210,A. Moss,5872001,498215,Filer,"Plot 34, DHA, Lahore",03787528134
23982-3714742-6,FBR-100211,Justin Riggs,5670779,326905,Filer,"Plot 718, DHA, Lahore",03604957441
15459-3322003-1,FBR-100212,A. Avery,6300810,537477,Filer,"House 755, DHA, Lahore",03864831223
87394-7096942-4,FBR-100213,Noah Murillo,2007545,37450,Filer,"House 901, Gulberg, Lahore",03370599094
42319-4451466-4,FBR-100214,Ann Jimenez,3879894,121071,Filer,"House 35, DHA, Lahore",03876447027
92776-5821186-8,FBR-100215,Mr. Phyllis Bailey,4247248,293794,Filer,"House 136, DHA, Karachi",03893908354
48595-6354261-6,FBR-100216,Mr. Douglas Lewis,5242938,596392,Filer,"Kothi 268, DHA, Islamabad",03544222507
43646-5741127-1,FBR-100217,V. Mcclain,4020662,301283,Filer,"Flat 933, Model Town, Rawalpindi",03665023855
47702-1519780-7,FBR-100218,Mr. Larry Smith,6196752,699568,Filer,"House 447, Johar Town, Lahore",03102080060
55453-8867535-1,FBR-100219,Mr. James Gregory,2727435,130409,Filer,"Plot 732, DHA, Islamabad",03559987758
32330-8315830-1,FBR-100220,Paul A. Smith,5316121,598926,Filer,"Plot 296, DHA, Lahore",03513647171
55587-9234643-2,FBR-100221,D. Green,6414426,455576,Filer,"Kothi 712, Bahria Town, Rawalpindi",03287243937
87667-6824809-9,FBR-100222,Mr. Roger Peters,1836103,21374,Filer,"Flat 592, Bahria Town, Islamabad",03290706980
38143-4884387-8,FBR-100223,W. Vega,5231337,434217,Filer,"Plot 113, DHA, Rawalpindi",03359019411
83564-2754190-6,FBR-100224,Julia Mason PhD,961040,45118,Filer,"Flat 98, Gulberg, Rawalpindi",03161276404
21294-8082166-1,FBR-100225,Mr. Michael Thomas,1233116,26665,Filer,"Flat 212, Model Town, Islamabad",03658380313
66106-9408575-3,FBR-100226,Beth A. Burton,2629876,243069,Filer,"Kothi 906, Bahria Town, Rawalpindi",03388268271
26630-9917838-1,FBR-100227,Mr. Stacy Hopkins,1232254,65211,Filer,"Flat 596, Model Town, Karachi",03983262915
69022-6424642-3,FBR-100228,Chaudhry Christina Collins,6744775,709263,Filer,"Kothi 450, Model Town, Karachi",03005815088
26522-6604491-8,FBR-100229,Mr. Melissa Jennings,6662968,201135,Filer,"Plot 520, Bahria Town, Islamabad",03232353965
49519-3593662-3,FBR-100230,D. Guerrero,3520814,358446,Filer,"Plot 741, Model Town, Islamabad",03468628278
31092-4962997-6,FBR-100231,Edward A. Sanchez,5157483,509350,Filer,"Plot 265, DHA, Karachi",03468896769
96232-2705202-4,FBR-100232,Megan A. Brown,2902474,294028,Filer,"Kothi 155, Bahria Town, Islamabad",03248795893
48981-8296797-5,FBR-100233,E. Brady,672283,11080,Non-Filer,"Plot 112, DHA, Islamabad",03678348510
37059-7515284-8,FBR-100234,Chaudhry Karen Rodriguez,5945995,214611,Filer,"House 13, Gulberg, Rawalpindi",03483256876
39157-9396771-5,FBR-100235,J. Gonzales,4339640,175583,Filer,"Kothi 23, Bahria Town, Islamabad",03883387405
89129-7789963-1,FBR-100236,Kayla A. Pena,573836,6563,Non-Filer,"Plot 930, Gulberg, Rawalpindi",03043769522
39958-4835374-3,FBR-100237,Karen A. Manning,6950001,290305,Filer,"House 465, Gulberg, Islamabad",03910834846
44053-2641932-7,FBR-100238,Mr. Kyle Graham,655211,11675,Non-Filer,"Plot 802, Gulberg, Karachi",03565374801
42775-8106490-8,FBR-100239,Chaudhry Kelli Taylor,3041772,99340,Filer,"Kothi 21, Johar Town, Rawalpindi",03083075899
77928-4071271-6,FBR-100240,Jeremy A. Diaz,1445585,49139,Filer,"House 399, Gulberg, Lahore",03148932777
14999-5214824-9,FBR-100241,Mr. Nicholas Adams,1084103,59425,Filer,"Plot 165, Bahria Town, Islamabad",03174422817
23249-8663575-9,FBR-100242,Jasmine Daniels,3971043,207980,Filer,"Plot 735, Gulberg, Lahore",03242095662
93789-7206125-9,FBR-100243,Jeffrey Adams,3503660,380565,Filer,"Flat 421, Gulberg, Karachi",03129626596
99700-4083696-7,FBR-100244,Chaudhry Tyler Mack MD,6429398,298650,Filer,"House 747, Johar Town, Islamabad",03304381522
93567-1949897-5,FBR-100245,Mr. Autumn Durham,2519394,211133,Filer,"Flat 392, Gulberg, Lahore",03546576272
11744-2261394-7,FBR-100246,Herbert Vang,5377352,540929,Filer,"Kothi 644, Model Town, Islamabad",03142161121
24320-4765265-5,FBR-100247,Mr. Carly Johnson,1588028,15376,Non-Filer,"Kothi 963, Johar Town, Karachi",03196744196
61375-8753029-4,FBR-100248,Chaudhry James Yang,6300896,376579,Filer,"Plot 133, DHA, Karachi",03214989647
71493-4791429-3,FBR-100249,K. Hansen,4331890,182675,Filer,"Flat 683, Gulberg, Rawalpindi",03897596758
48580-3099938-8,FBR-100250,Brittany A. Morales,4689496,230650,Filer,"Flat 803, Bahria Town, Islamabad",03838540255
59302-5253848-7,FBR-100251,Geoffrey Andrews,1022220,17321,Non-Filer,"Plot 494, DHA, Islamabad",03823236831
56920-5109868-5,FBR-100252,R. Webster,4586129,154605,Filer,"Flat 492, Gulberg, Rawalpindi",03729907859
91705-2433135-6,FBR-100253,Megan Jacobs,4380886,435851,Filer,"Plot 952, Model Town, Rawalpindi",03375089254
17479-2430759-6,FBR-100254,Mr. Michael Rivas,1673218,174449,Filer,"Plot 544, Model Town, Lahore",03213332726
96154-1192586-4,FBR-100255,Steven Smith,2302423,138689,Filer,"House 672, Model Town, Islamabad",03205330861
89718-2703087-3,FBR-100256,Ashley Adams,6833716,364358,Filer,"Plot 191, Gulberg, Islamabad",03528838008
30011-4498735-7,FBR-100257,Jason A. Salazar,2553198,126249,Filer,"Plot 625, Johar Town, Lahore",03649121150
97616-5983567-4,FBR-100258,Mr. Christian Gonzalez,3868515,156679,Filer,"Kothi 710, Bahria Town, Lahore",03889916790
67486-2962609-9,FBR-100259,Maria A. Todd,4563280,350378,Filer,"House 271, Gulberg, Karachi",03880785059
28263-8939679-8,FBR-100260,Charles Colon,2242652,229751,Filer,"House 496, Gulberg, Karachi",03390517127
74405-5136701-8,FBR-100261,Linda Campbell,6870470,282566,Filer,"Plot 553, Johar Town, Lahore",03280541093
31018-6380184-8,FBR-100262,Jesse King,1900235,66117,Filer,"Kothi 682, Model Town, Rawalpindi",03564929880
59146-8143975-7,FBR-100263,R. Lindsey,6679148,466062,Filer,"House 185, Model Town, Lahore",03164684160
12694-1769575-6,FBR-100264,P. Taylor,3646686,394309,Filer,"House 523, Gulberg, Rawalpindi",03984190014
28938-1568697-4,FBR-100265,Maria A. Steele,5704531,246657,Filer,"Kothi 641, Bahria Town, Islamabad",03058591877
22381-7143117-6,FBR-100266,Angela Kent,2310998,126085,Filer,"Kothi 798, Johar Town, Karachi",03020754151
47244-8301268-6,FBR-100267,Mr. Jill Wilson,1968385,65106,Filer,"Kothi 258, Johar Town, Lahore",03184159049
47899-5913758-6,FBR-100268,Kevin Carter,4232268,497908,Filer,"Kothi 414, Model Town, Islamabad",03477542576
76378-6784955-4,FBR-100269,Chaudhry Cheryl Hale,758408,9684,Non-Filer,"Kothi 811, DHA, Islamabad",03926351537
35206-6319954-5,FBR-100270,Grant A. Lopez,2181427,30095,Filer,"Plot 601, DHA, Lahore",03980154256
62281-7812038-9,FBR-100271,Maria Wilson,2332954,276452,Filer,"House 409, Model Town, Lahore",03220045172
10814-1778407-4,FBR-100272,Mr. Kathryn Burton,1726944,40860,Filer,"Kothi 624, DHA, Rawalpindi",03770636048
90831-3467117-2,FBR-100273,S. Hunt,2287111,126971,Filer,"Plot 41, Gulberg, Karachi",03219090377
23285-4041678-1,FBR-100274,Mr. Fred Barker,1548333,59308,Filer,"Kothi 794, DHA, Lahore",03178863316
58348-3326929-5,FBR-100275,Mary A. Newton,2030275,69308,Filer,"Flat 884, Model Town, Karachi",03414309352
65284-1574465-6,FBR-100276,Chaudhry Joel Vaughan,2217587,29437,Filer,"House 442, Johar Town, Lahore",03384296709
75243-9760290-1,FBR-100277,Mr. Carol Zimmerman,6147003,696341,Filer,"House 793, Gulberg, Rawalpindi",03818577361
68519-2127745-1,FBR-100278,D. Smith,2378818,59778,Filer,"Kothi 609, Johar Town, Karachi",03802452137
72317-7919210-9,FBR-100279,Chaudhry Maria Black,2050504,65567,Filer,"House 85, Gulberg, Karachi",03124535750
29892-1260551-7,FBR-100280,Chaudhry Andre Hatfield,4201749,326038,Filer,"House 10, DHA, Lahore",03434511589
38605-3035872-3,FBR-100281,S. Lowe,5391557,180136,Filer,"Kothi 19, Model Town, Karachi",03164184854
69084-4144223-1,FBR-100282,C. Wilson,6059296,380575,Filer,"Flat 793, Bahria Town, Lahore",03193519827
48422-9356677-8,FBR-100283,Chaudhry Allison Valdez,2582838,81250,Filer,"Flat 936, DHA, Lahore",03456073175
11494-2015876-1,FBR-100284,Gina A. Pittman,5709092,577681,Filer,"House 399, Model Town, Islamabad",03078653869
88658-3784968-8,FBR-100285,T. Mills,6283868,581937,Filer,"House 324, Model Town, Rawalpindi",03020973954
71577-3792907-3,FBR-100286,Ms. A. Ortega,1735560,17293,Non-Filer,"House 372, Bahria Town, Rawalpindi",03732062407
72516-7471601-8,FBR-100287,Daniel Leonard,1817147,149421,Filer,"Flat 804, Johar Town, Islamabad",03006801924
48323-5696061-1,FBR-100288,Mr. Ariel Rodriguez,1944410,49931,Filer,"Flat 891, Johar Town, Lahore",03496929519
29807-6177410-7,FBR-100289,Steven Kelly,5801304,459117,Filer,"Plot 386, Gulberg, Rawalpindi",03417220213
88876-4931795-8,FBR-100290,Dylan A. Deleon,3793064,156217,Filer,"Flat 706, DHA, Islamabad",03465853978
44477-5496679-7,FBR-100291,Michael Ellis,2054290,158417,Filer,"Plot 601, DHA, Islamabad",03812921699
28437-3466234-5,FBR-100292,Mr. Erin Strickland,1121916,5228,Non-Filer,"Kothi 356, Johar Town, Lahore",03709747227
80776-9132964-7,FBR-100293,Mr. Jordan Adams,1176630,47320,Filer,"Plot 807, Bahria Town, Islamabad",03870321186
89547-1965707-7,FBR-100294,Melissa Barker,6097301,550274,Filer,"Kothi 726, Bahria Town, Islamabad",03072442339
86859-1157196-7,FBR-100295,Belinda Lowery,3709276,143485,Filer,"Kothi 554, DHA, Islamabad",03977968023
18209-4906850-7,FBR-100296,Michael A. Johnson,5310823,495542,Filer,"Flat 907, Johar Town, Islamabad",03934647173
72467-9492101-4,FBR-100297,Michelle A. Smith,2604538,190447,Filer,"Plot 218, Bahria Town, Lahore",03158072674
33683-5861976-6,FBR-100298,Chaudhry Ryan Carey,3537723,226236,Filer,"Flat 413, Johar Town, Karachi",03765214784
42283-1748170-8,FBR-100299,Mr. Tina Wolf,3357081,372667,Filer,"Flat 888, DHA, Islamabad",03135206353
92934-8775129-2,FBR-100300,Chaudhry Vincent Salas,6115901,323992,Filer,"Plot 324, Johar Town, Lahore",03814656283
55209-5706815-9,FBR-100301,N. Wilson,3241616,328740,Filer,"House 97, DHA, Karachi",03419564047
84117-9159020-4,FBR-100302,Mr. Shannon Hall,2792678,201090,Filer,"Flat 948, Model Town, Rawalpindi",03287706256
22728-8497096-3,FBR-100303,B. Hobbs,1063392,8449,Non-Filer,"Flat 864, DHA, Islamabad",03048876234
36344-4032236-7,FBR-100304,Jonathan Gordon,4806768,401326,Filer,"House 29, DHA, Lahore",03005257735
83056-7201417-8,FBR-100305,Larry A. Coleman,6048470,459691,Filer,"Kothi 970, DHA, Rawalpindi",03949590722
25717-2509230-5,FBR-100306,Adriana Ochoa,5101982,310229,Filer,"Flat 579, Bahria Town, Lahore",03731177297
97781-9497676-7,FBR-100307,Chaudhry Jennifer Vaughn,6020005,722323,Filer,"Plot 460, Bahria Town, Islamabad",03420137723
40818-4719875-3,FBR-100308,Darrell Carrillo,2517728,146997,Filer,"House 965, Model Town, Islamabad",03341887286
17769-1466171-1,FBR-100309,Bailey Mcintosh,2424006,23226,Filer,"Flat 806, Johar Town, Rawalpindi",03318493157
17309-2695451-3,FBR-100310,Joseph Welch,1901252,192320,Filer,"Flat 774, DHA, Karachi",03707789344
98721-6012910-8,FBR-100311,Mr. Shawn Greene,5331597,175793,Filer,"House 483, Model Town, Islamabad",03643217729
43686-7543921-2,FBR-100312,Mark Mills,2055226,135264,Filer,"Flat 493, Gulberg, Karachi",03017992007
67853-5000652-3,FBR-100313,Mr. Mr. Matthew Willis,2176457,35148,Filer,"House 480, Bahria Town, Lahore",03088796276
30572-4700253-2,FBR-100314,Charles King,5725018,314054,Filer,"Flat 911, Bahria Town, Rawalpindi",03816596527
22712-7460555-1,FBR-100315,W. Garrett,1798840,55136,Filer,"House 464, Model Town, Islamabad",03855357093
40655-9011763-2,FBR-100316,Kathleen A. Wallace,2509693,177771,Filer,"Flat 147, Model Town, Karachi",03545757601
17435-4023919-8,FBR-100317,Mr. Matthew Kirk,4155152,421688,Filer,"Plot 450, Bahria Town, Islamabad",03555986620
64822-7908550-4,FBR-100318,A. Thompson,1330320,40386,Filer,"Plot 27, Model Town, Islamabad",03812592472
53844-3815180-5,FBR-100319,Shawn A. Clark,6779019,611120,Filer,"Kothi 112, Model Town, Rawalpindi",03456609306
73233-2915424-3,FBR-100320,Brandon A. Nixon,1980522,154940,Filer,"House 647, Bahria Town, Rawalpindi",03205673501
47517-2999661-5,FBR-100321,Chaudhry James Ramirez,2230349,154121,Filer,"Plot 994, Model Town, Rawalpindi",03904931222
44278-5004302-4,FBR-100322,Daniel A. Pena,1402300,31291,Filer,"House 400, Model Town, Rawalpindi",03952927990
31259-1964394-5,FBR-100323,Chaudhry Alisha Pennington,710864,8123,Non-Filer,"Plot 656, DHA, Rawalpindi",03050104409
76557-6719452-9,FBR-100324,C. King,5709968,218145,Filer,"Plot 454, DHA, Islamabad",03609582687
34355-7041462-7,FBR-100325,Michele A. Hamilton,1961249,172594,Filer,"House 934, Gulberg, Karachi",03022896196
46286-4031415-3,FBR-100326,Pamela Case,612238,9023,Non-Filer,"Plot 535, Bahria Town, Karachi",03321396696
35783-2329874-2,FBR-100327,Mr. Blake Perry,5967566,492285,Filer,"Kothi 780, Model Town, Karachi",03466670342
37005-3299163-4,FBR-100328,Leslie A. Rodriguez,2725621,313155,Filer,"Flat 208, DHA, Lahore",03153448179
78100-7847167-1,FBR-100329,Mr. Richard Perry,5444753,216846,Filer,"Flat 344, Model Town, Rawalpindi",03047378226
21839-1259126-7,FBR-100330,Mr. Jessica Gonzales,937816,9003,Non-Filer,"Kothi 137, Model Town, Karachi",03304505468
34386-7158931-1,FBR-100331,Chaudhry Nicholas Jones,4033319,156371,Filer,"Plot 720, Model Town, Lahore",03427901478
56682-9721182-8,FBR-100332,Chaudhry Todd Middleton,3989241,308277,Filer,"House 124, Model Town, Karachi",03410781055
52071-7398647-1,FBR-100333,Mary Little,1235601,35295,Filer,"Flat 894, DHA, Rawalpindi",03731199176
68515-9611981-1,FBR-100334,M. Vasquez,4864411,377299,Filer,"Plot 22, Bahria Town, Lahore",03616950811
39320-4060060-3,FBR-100335,Mr. Benjamin Tran,6970428,773540,Filer,"House 320, Model Town, Lahore",03993100935
12549-2618521-4,FBR-100336,Mr. Kayla Mendoza,6689196,277075,Filer,"Flat 19, Johar Town, Rawalpindi",03367890860
78539-4999140-8,FBR-100337,Lindsay Morgan,1751945,10585,Non-Filer,"House 360, DHA, Karachi",03537012121
15920-5580399-2,FBR-100338,Chaudhry Judy Wood,3097998,189219,Filer,"Kothi 506, Johar Town, Islamabad",03120085473
24423-3047447-2,FBR-100339,Brooke Peters,6435786,750931,Filer,"Kothi 906, Bahria Town, Karachi",03998928917
39757-3469950-8,FBR-100340,Chaudhry Scott Patterson,2835559,164190,Filer,"Kothi 169, DHA, Rawalpindi",03330091946
65113-9818363-1,FBR-100341,M. Curtis Hernandez,810571,67316,Filer,"Kothi 994, DHA, Islamabad",03645866622
54374-7722744-4,FBR-100342,N. Hall,873668,24280,Filer,"Flat 733, Gulberg, Islamabad",03646318394
62506-1898473-6,FBR-100343,Chaudhry Richard Gallegos,848722,44391,Filer,"Plot 981, Model Town, Karachi",03548378321
65330-1193852-6,FBR-100344,J. Ramos,1035037,68747,Filer,"House 544, Bahria Town, Lahore",03013370129
52513-8265214-4,FBR-100345,Linda Hernandez,2182249,162122,Filer,"House 231, Bahria Town, Rawalpindi",03578600902
62042-8612348-1,FBR-100346,Mr. Kristina Thompson,871025,2678,Non-Filer,"House 36, Johar Town, Islamabad",03480466688
98924-5587446-9,FBR-100347,Pamela A. Martin,2608532,156771,Filer,"House 637, DHA, Islamabad",03603255904
25951-9729269-1,FBR-100348,Chaudhry Natalie Peterson,2856545,164514,Filer,"Kothi 243, DHA, Islamabad",03020084892
24816-6123958-6,FBR-100349,Meghan A. Becker,2948109,313438,Filer,"Plot 124, DHA, Islamabad",03514261962
21072-8825183-9,FBR-100350,Gary A. Lewis,6144072,643925,Filer,"Plot 451, DHA, Karachi",03862404310
48482-7820677-5,FBR-100351,Chaudhry Drew Butler,1283114,23185,Filer,"Flat 250, DHA, Islamabad",03800151347
69525-4718100-7,FBR-100352,M. Alexis Brooks,2221677,63328,Filer,"Plot 562, Model Town, Rawalpindi",03221030319
81831-6095261-8,FBR-100353,Becky A. Franklin,6043868,304657,Filer,"Kothi 839, Model Town, Lahore",03559998142
41752-6597993-4,FBR-100354,Jesus A. Crane,5788268,233717,Filer,"Plot 525, Johar Town, Rawalpindi",03078871731
86766-7651400-1,FBR-100355,Mr. Sheila Smith,4211781,221024,Filer,"Flat 167, Bahria Town, Islamabad",03387238056
82961-6460610-8,FBR-100356,Chaudhry Patrick Coleman,2236055,91411,Filer,"Flat 292, Bahria Town, Islamabad",03534842049
17458-1365505-3,FBR-100357,Mr. Eric May,4503404,314688,Filer,"House 621, Model Town, Rawalpindi",03313679669
96208-2040470-9,FBR-100358,Mr. Elizabeth Schultz,1208574,36183,Filer,"Kothi 855, Gulberg, Islamabad",03949097472
24318-9739741-4,FBR-100359,R. Mccoy,980131,8772,Non-Filer,"Plot 427, Model Town, Islamabad",03160379562
28392-4397261-5,FBR-100360,Katelyn A. Carter,1328327,11741,Non-Filer,"House 757, Gulberg, Islamabad",03879273830
92662-3135280-7,FBR-100361,Dr. A. Warren,1542925,135040,Filer,"House 5, Gulberg, Lahore",03085908517
75258-7668832-3,FBR-100362,James A. Hill,6353639,621052,Filer,"Kothi 871, Model Town, Lahore",03649035829
59749-8588053-8,FBR-100363,Chaudhry Darlene Garza,6527642,276143,Filer,"Flat 741, Model Town, Islamabad",03161649994
56262-7554597-9,FBR-100364,Mr. John Welch,2017499,68754,Filer,"Kothi 664, Model Town, Lahore",03668650246
75476-7386651-8,FBR-100365,Ashley Baker,5952641,550214,Filer,"Flat 189, Johar Town, Islamabad",03583055049
29004-8308924-7,FBR-100366,Chaudhry Debra Krause,5105088,252914,Filer,"Plot 91, Model Town, Islamabad",03596906356
89702-5071039-6,FBR-100367,Chaudhry Jennifer Freeman,1720162,22181,Filer,"Plot 996, Gulberg, Lahore",03146861512
13352-1795946-5,FBR-100368,Mr. Mrs. Amy Burton MD,4425582,139464,Filer,"Kothi 308, Johar Town, Islamabad",03190910763
80582-8334323-9,FBR-100369,Deanna A. Thomas,2785770,238868,Filer,"Kothi 399, Gulberg, Islamabad",03459960185
15336-6890594-8,FBR-100370,Chaudhry Matthew Gonzalez,795408,7461,Non-Filer,"House 693, DHA, Karachi",03817032020
22971-7870590-6,FBR-100371,Chaudhry Rhonda Fuentes,6976303,403157,Filer,"Kothi 665, Johar Town, Karachi",03469586278
34669-8066988-8,FBR-100372,Mr. Brandon Reed,4943572,454278,Filer,"Kothi 451, Johar Town, Islamabad",03843412314
79486-2547577-3,FBR-100373,Robyn A. Miller,6105261,388602,Filer,"Flat 326, Model Town, Lahore",03866182737
50714-9599893-3,FBR-100374,W. Johnson,5248787,357658,Filer,"House 672, Model Town, Islamabad",03301493181
76699-8061314-3,FBR-100375,Tanya Suarez,4749677,429307,Filer,"Flat 836, Johar Town, Karachi",03046686577
76176-4155931-7,FBR-100376,Matthew Bowman,3691123,382625,Filer,"Plot 62, Johar Town, Lahore",03216275180
56292-1709905-7,FBR-100377,Tricia A. Higgins,715784,1949,Non-Filer,"House 807, DHA, Islamabad",03891216784
82473-1065650-5,FBR-100378,Tracey Richardson,1701679,58086,Filer,"Kothi 863, DHA, Lahore",03498150402
97570-1495466-4,FBR-100379,Kari Benton,5598677,539832,Filer,"Plot 510, Johar Town, Islamabad",03187442716
94778-9916899-9,FBR-100380,Mr. Laura Hill,1522401,49063,Filer,"Plot 589, Bahria Town, Rawalpindi",03882802132
88871-3038454-3,FBR-100381,Vanessa Hernandez,3448098,402596,Filer,"Plot 531, Johar Town, Lahore",03480640742
13805-2679460-2,FBR-100382,Chaudhry Laura Rivera,2230217,116075,Filer,"Plot 971, Johar Town, Rawalpindi",03426479009
71278-8224626-1,FBR-100383,Heather A. Johnson,1503507,27231,Filer,"House 701, Johar Town, Islamabad",03573310537
28864-4997388-6,FBR-100384,Mr. Jennifer Murillo,3491865,308794,Filer,"Flat 174, DHA, Islamabad",03991424367
92404-2668590-2,FBR-100385,Heather A. Lewis,2544601,283809,Filer,"Flat 197, Gulberg, Rawalpindi",03613427817
12562-1917359-4,FBR-100386,Mr. Katrina Valenzuela,6101741,715026,Filer,"Kothi 597, DHA, Rawalpindi",03559920715
17154-4997885-4,FBR-100387,Diamond A. Rodriguez,3854757,189920,Filer,"Plot 46, Bahria Town, Karachi",03352393740
51260-1103403-8,FBR-100388,Harold Beasley,6873945,637570,Filer,"Flat 429, Johar Town, Islamabad",03167585515
74952-2132897-4,FBR-100389,Jacob Johnson,5448899,447023,Filer,"Kothi 692, Johar Town, Karachi",03419898001
64197-6186808-7,FBR-100390,Tamara A. Baker,895897,2629,Non-Filer,"Kothi 23, Bahria Town, Lahore",03885897059
32736-3850856-6,FBR-100391,Crystal Hull,2340519,268257,Filer,"Kothi 192, DHA, Islamabad",03438284568
61908-7089061-2,FBR-100392,Chaudhry Alexander Cochran,1555545,17805,Non-Filer,"Flat 547, Gulberg, Islamabad",03384986975
62847-2098017-2,FBR-100393,Mr. Matthew Gillespie,3266148,225635,Filer,"Kothi 846, Model Town, Karachi",03379363902
60772-4207728-8,FBR-100394,Mr. Andrew West,3511678,198791,Filer,"Flat 353, Bahria Town, Rawalpindi",03283798928
14576-5683072-1,FBR-100395,Tammie A. Stewart,918814,51111,Filer,"Flat 825, Bahria Town, Karachi",03883212321
27021-2554095-4,FBR-100396,Mr. Michael Cummings,2378854,263862,Filer,"Flat 558, Bahria Town, Rawalpindi",03684263797
71217-5029625-3,FBR-100397,Chaudhry Travis Landry,2410750,51843,Filer,"Flat 362, Bahria Town, Rawalpindi",03375290866
59400-4490649-5,FBR-100398,Sarah A. Sweeney,717407,5487,Non-Filer,"Kothi 517, Bahria Town, Karachi",03278962540
69335-3196890-5,FBR-100399,Mr. Shane Pollard Jr.,704587,23,Non-Filer,"Kothi 602, Model Town, Karachi",03836820390
62972-9559633-4,FBR-100400,Chaudhry Larry Sanders,1251221,24739,Filer,"Plot 894, DHA, Lahore",03212673592
81118-5536712-7,FBR-100401,R. Johnson,1607590,133550,Filer,"House 674, Johar Town, Karachi",03176294172
50735-1251664-7,FBR-100402,Mr. Matthew Montoya,6494498,645599,Filer,"House 712, Bahria Town, Karachi",03925721059
52078-4159391-2,FBR-100403,Mr. Natalie Roberts,4450860,352831,Filer,"House 576, Model Town, Islamabad",03577647481
35273-2105802-5,FBR-100404,Justin A. Mejia,1536860,58568,Filer,"House 232, Model Town, Karachi",03637880466
62294-5737282-6,FBR-100405,Mr. Nicole Cuevas,4248646,233399,Filer,"Kothi 865, Gulberg, Karachi",03468344386
46244-3959390-1,FBR-100406,Richard A. Howard,6681722,739156,Filer,"Flat 696, Model Town, Rawalpindi",03624593793
13311-8760833-4,FBR-100407,James A. Dunn,2433618,11373,Non-Filer,"Kothi 361, DHA, Karachi",03660140865
48204-2933267-5,FBR-100408,Chaudhry Richard Lara,6923990,284560,Filer,"Plot 730, DHA, Rawalpindi",03274575176
15242-3718128-7,FBR-100409,Chaudhry Elizabeth Smith,453065,6163,Non-Filer,"Plot 776, Model Town, Karachi",03545510791
59904-1658235-9,FBR-100410,L. Shepherd,929283,10372,Non-Filer,"Flat 645, Bahria Town, Karachi",03344528988
84732-9353237-9,FBR-100411,S. Krause,3876918,319576,Filer,"Flat 948, Gulberg, Islamabad",03697379210
10127-2876902-5,FBR-100412,D. Mitchell,6654116,722787,Filer,"House 897, Johar Town, Lahore",03903430011
42041-2865413-1,FBR-100413,Mr. Donald Harris,5300812,225553,Filer,"Flat 216, Model Town, Lahore",03560942742
64687-7604107-4,FBR-100414,Mark A. Price,4169101,425058,Filer,"Flat 540, DHA, Islamabad",03639962416
65571-8424876-6,FBR-100415,S. Franco,3327591,182326,Filer,"Kothi 521, DHA, Karachi",03133081130
66144-9587939-3,FBR-100416,Chaudhry Timothy Cowan,6149235,699555,Filer,"Kothi 781, Bahria Town, Lahore",03015793480
83285-5382167-3,FBR-100417,B. Delgado,3788805,408743,Filer,"Plot 993, Bahria Town, Islamabad",03186185935
42727-1996283-3,FBR-100418,N. Davis,1958351,108453,Filer,"Flat 356, Gulberg, Lahore",03522239689
36399-6210211-3,FBR-100419,Mr. James Watson,3843931,405768,Filer,"Plot 703, Gulberg, Rawalpindi",03793300878
41178-5055247-1,FBR-100420,Chaudhry Natalie Schmidt,2165707,207776,Filer,"Kothi 137, Model Town, Islamabad",03361102894
27484-3380486-4,FBR-100421,Kevin A. Shepard,1710051,102892,Filer,"Flat 645, DHA, Rawalpindi",03276080894
32178-3596963-8,FBR-100422,Lynn A. Smith,4572470,279184,Filer,"Kothi 852, Bahria Town, Lahore",03055859985
47924-1207556-6,FBR-100423,Brandon Lewis,1634459,84431,Filer,"Kothi 212, DHA, Lahore",03126018107
46815-6098656-4,FBR-100424,Mr. Shelley Russo,5096632,427736,Filer,"House 719, Model Town, Rawalpindi",03756949785
24809-3706493-6,FBR-100425,Wanda Robbins,5318366,198041,Filer,"Kothi 480, Johar Town, Islamabad",03486023021
47946-3820171-9,FBR-100426,T. Shelton,5847856,246283,Filer,"House 47, DHA, Rawalpindi",03053391000
73638-2408812-6,FBR-100427,Leah Glover,6075358,535754,Filer,"Flat 112, Gulberg, Rawalpindi",03069730809
74008-4184460-9,FBR-100428,Mr. Nicole Morales,4976821,488744,Filer,"Flat 9, Model Town, Lahore",03622014622
94476-5797832-5,FBR-100429,Chaudhry Donna Baldwin,4267650,208951,Filer,"Plot 81, Bahria Town, Lahore",03212399127
13315-7631582-3,FBR-100430,Diana A. Fernandez,6086286,383801,Filer,"Flat 377, Bahria Town, Karachi",03275842007
23392-6206793-6,FBR-100431,Brenda Glenn,2411597,225584,Filer,"Kothi 189, Model Town, Islamabad",03210594488
40176-7182835-3,FBR-100432,Ashley Graham,2652312,170701,Filer,"Flat 858, Model Town, Karachi",03952609843
17565-1692110-2,FBR-100433,Mr. Sheena Reed,2090586,246215,Filer,"Kothi 927, DHA, Karachi",03677157595
74799-8096426-8,FBR-100434,Chaudhry Frank Holmes,4502078,399845,Filer,"Plot 307, Johar Town, Lahore",03558166311
28597-4816804-3,FBR-100435,Mr. Thomas Williamson,5241213,322774,Filer,"Plot 454, Gulberg, Lahore",03717984956
15235-8373630-8,FBR-100436,Chaudhry Madeline Collins,1272940,22097,Filer,"Plot 224, Model Town, Lahore",03270189046
14197-9578025-7,FBR-100437,Chaudhry Greg Guzman,1048187,105,Non-Filer,"Plot 291, DHA, Lahore",03466867390
77452-8066698-6,FBR-100438,Chaudhry Brandon Rodriguez,1850702,48452,Filer,"House 450, DHA, Karachi",03930182893
31556-7355590-5,FBR-100439,Chaudhry Sarah Avery,5222586,307253,Filer,"House 454, Johar Town, Islamabad",03734980629
84385-4278534-8,FBR-100440,Victor Smith,1432005,25274,Filer,"House 556, Model Town, Rawalpindi",03792336559
66147-9970698-3,FBR-100441,M. Hanna,2717103,130537,Filer,"Kothi 985, Johar Town, Lahore",03822093262
17865-6562348-5,FBR-100442,Chaudhry Ariel Garner,6801618,786016,Filer,"Kothi 976, Model Town, Rawalpindi",03583432462
96048-3295998-5,FBR-100443,Tiffany A. Jordan,1572519,51734,Filer,"Flat 544, DHA, Karachi",03427020260
39161-8505203-2,FBR-100444,S. Wilson,900912,34018,Filer,"Plot 677, Johar Town, Islamabad",03968334835
82728-7985645-6,FBR-100445,T. Ford,6563811,711256,Filer,"Plot 579, Gulberg, Rawalpindi",03037343192
44220-2916857-4,FBR-100446,J. Taylor,5470476,200262,Filer,"Plot 992, Bahria Town, Lahore",03238711882
39000-5252849-2,FBR-100447,Deanna Ryan,1089976,40100,Filer,"Plot 544, Model Town, Rawalpindi",03287779447
39752-8686564-4,FBR-100448,Chaudhry Tamara Chavez,862255,55408,Filer,"House 754, Johar Town, Lahore",03081208156
63480-2232674-8,FBR-100449,T. York,1689734,50232,Filer,"Plot 885, Johar Town, Lahore",03819992909
92129-9642887-2,FBR-100450,Carl A. Brown,955391,13065,Non-Filer,"Kothi 851, Gulberg, Karachi",03475269974
35119-8970998-2,FBR-100451,Gary A. Spencer,3504496,382191,Filer,"Plot 383, Johar Town, Lahore",03279937265
62999-4974558-1,FBR-100452,Faith A. Wright,3475174,414830,Filer,"Flat 43, DHA, Karachi",03992225065
70254-6031990-2,FBR-100453,Chaudhry Lisa Adams MD,635893,6216,Non-Filer,"Plot 437, DHA, Karachi",03031850118
83788-2924530-6,FBR-100454,Vanessa A. Ross,2160101,135415,Filer,"Plot 376, Model Town, Lahore",03070749560
43504-3058938-4,FBR-100455,Mr. Danielle Henderson,3847087,408275,Filer,"Flat 526, Johar Town, Islamabad",03277859352
74092-1729872-6,FBR-100456,Mr. Kristi Kelly,3242174,259554,Filer,"House 365, Johar Town, Islamabad",03080662809
89043-2895311-1,FBR-100457,Charles A. Carter,2651860,303910,Filer,"Plot 261, Model Town, Karachi",03008333084
68558-1357072-8,FBR-100458,Samantha A. Soto,1932144,105598,Filer,"House 811, DHA, Rawalpindi",03745917352
24472-2237400-5,FBR-100459,Miss Sara Campbell,1540379,62716,Filer,"Plot 154, Johar Town, Islamabad",03688957897
97761-7389115-3,FBR-100460,D. Newman,3638002,156240,Filer,"Flat 552, Model Town, Rawalpindi",03996263027
11808-1415372-6,FBR-100461,Mr. Alexander Montes,850098,47858,Filer,"Plot 499, Johar Town, Rawalpindi",03152160829
14147-1594901-2,FBR-100462,Chaudhry Jacqueline Allen,884489,12945,Non-Filer,"Plot 636, Johar Town, Rawalpindi",03161608585
72358-3655557-8,FBR-100463,Mr. Micheal Horne,3930486,256581,Filer,"Kothi 235, Johar Town, Lahore",03057089048
57308-6524273-9,FBR-100464,D. Mooney,601151,6573,Non-Filer,"Plot 319, Bahria Town, Lahore",03702069744
37706-3847560-6,FBR-100465,Thomas A. Williams,2242802,191497,Filer,"Kothi 340, Johar Town, Rawalpindi",03950170770
60840-6933804-6,FBR-100466,Charlene A. Morris,5700935,339392,Filer,"House 344, Johar Town, Rawalpindi",03330034699
53749-4802002-1,FBR-100467,H. Rodriguez,3051354,254227,Filer,"Plot 471, Johar Town, Lahore",03779126737
92689-3446599-3,FBR-100468,Dustin A. Davis,6325674,349209,Filer,"Flat 394, Model Town, Lahore",03276422178
75536-5396765-6,FBR-100469,Jessica A. Smith,5950095,317926,Filer,"Plot 716, DHA, Lahore",03360445946
36115-8151321-2,FBR-100470,Wendy A. Hull,6332853,455076,Filer,"Flat 811, Model Town, Karachi",03735648321
28499-2208472-5,FBR-100471,Mr. Jerry Watson,3150504,246265,Filer,"Flat 758, Model Town, Karachi",03866093593
55931-7810919-6,FBR-100472,Chaudhry Elizabeth Lopez,6557891,219035,Filer,"House 722, Model Town, Islamabad",03235186057
73106-9451241-6,FBR-100473,Anthony Parks,6900323,361993,Filer,"Plot 829, Bahria Town, Islamabad",03549404277
29766-3275327-4,FBR-100474,T. Love,4822148,409320,Filer,"House 911, Gulberg, Rawalpindi",03105109632
68394-7645022-5,FBR-100475,Megan Turner,1961658,19387,Non-Filer,"Plot 601, DHA, Karachi",03950830273
49516-6175710-5,FBR-100476,Kristen Walsh,1271103,41128,Filer,"Flat 76, Bahria Town, Lahore",03088059750
86667-3998816-5,FBR-100477,Mr. Heidi Archer,5423122,574708,Filer,"Flat 480, Model Town, Rawalpindi",03627747194
18879-9128826-6,FBR-100478,Mr. Ricky Robinson,6045212,509967,Filer,"Plot 283, Model Town, Lahore",03577862520
31569-5497150-4,FBR-100479,Mr. Jamie Freeman,3779329,351652,Filer,"House 224, DHA, Rawalpindi",03458879085
68709-4361277-5,FBR-100480,Donald A. Little,2136009,17724,Non-Filer,"House 202, Bahria Town, Lahore",03146993405
26910-1815390-2,FBR-100481,S. Sanchez,2299143,74226,Filer,"House 829, Johar Town, Islamabad",03038143697
27913-1084726-4,FBR-100482,Chaudhry John Flores,5378174,594160,Filer,"Flat 550, DHA, Islamabad",03381124995
13614-4560567-6,FBR-100483,Victoria A. Jennings,6288944,656100,Filer,"Flat 889, DHA, Rawalpindi",03167614919
63125-6666921-3,FBR-100484,Chaudhry Cheryl Arnold,5607883,234073,Filer,"House 885, Gulberg, Lahore",03269779354
21429-6612309-8,FBR-100485,Chaudhry Jade Cole,963332,3381,Non-Filer,"Kothi 264, Gulberg, Lahore",03360095110
13373-6316560-6,FBR-100486,Richard A. Wright,1792360,14702,Non-Filer,"House 426, Johar Town, Islamabad",03053800090
30536-2567809-1,FBR-100487,Chaudhry Rodney Johnson,1947520,192042,Filer,"Plot 216, Bahria Town, Lahore",03838099209
56903-7068767-7,FBR-100488,A. Webb,1101452,8309,Non-Filer,"Flat 552, Johar Town, Karachi",03249839765
96161-6550563-4,FBR-100489,Johnny Jacobs,987559,3158,Non-Filer,"Flat 833, Gulberg, Lahore",03576837233
94843-6188400-9,FBR-100490,Anita A. Patterson,4723662,458988,Filer,"Kothi 573, Model Town, Islamabad",03254536208
78592-9885786-5,FBR-100491,C. Elliott,3729311,405061,Filer,"Plot 259, DHA, Rawalpindi",03930985754
23079-7081720-3,FBR-100492,D. Baxter,2359435,35124,Filer,"Plot 411, DHA, Lahore",03420861189
91871-3250547-2,FBR-100493,Mr. Kayla Ortega DVM,3088515,123911,Filer,"House 557, Johar Town, Karachi",03966467805
82777-4050423-5,FBR-100494,James A. Harris,3810742,188408,Filer,"Flat 756, Bahria Town, Karachi",03498319170
31244-9866725-1,FBR-100495,E. Martinez,3061435,152870,Filer,"Flat 797, Bahria Town, Rawalpindi",03984197706
75396-4575817-6,FBR-100496,Jacqueline A. Wilson,1900896,176912,Filer,"Kothi 472, Bahria Town, Islamabad",03110566956
13469-2808655-1,FBR-100497,D. Walker,1944364,16851,Non-Filer,"House 827, Gulberg, Islamabad",03125754257
17862-4827163-7,FBR-100498,Mr. Sandra Brown,413714,7170,Non-Filer,"Kothi 929, Gulberg, Karachi",03504087159
14024-5226663-1,FBR-100499,Carrie A. Strickland,2684568,103294,Filer,"Flat 727, Gulberg, Karachi",03521387803
40327-6944239-4,FBR-100500,Sheri A. Graham,3370950,138761,Filer,"Flat 778, Gulberg, Islamabad",03323586325
49119-9365142-4,FBR-100501,Dennis A. Martinez,6373282,657576,Filer,"Plot 489, Model Town, Karachi",03736680785
49332-5740669-2,FBR-100502,Amy James,2741927,258007,Filer,"Flat 5, Gulberg, Karachi",03074788104
31180-6364820-8,FBR-100503,Chaudhry Stephanie Reynolds,526491,12267,Non-Filer,"Plot 594, DHA, Karachi",03608649374
57233-1774926-8,FBR-100504,B. Reid,2479369,34552,Filer,"Plot 446, Bahria Town, Islamabad",03432901241
99804-1409768-2,FBR-100505,S. Hunter,6345294,525528,Filer,"Plot 998, DHA, Karachi",03190081435
49676-3530046-9,FBR-100506,D. Powers,2470678,63209,Filer,"Flat 100, Bahria Town, Rawalpindi",03721703629
99491-7663473-2,FBR-100507,John A. Watkins,2528871,301746,Filer,"Kothi 348, Gulberg, Islamabad",03968927019
14314-4936126-4,FBR-100508,Chaudhry Jason Sheppard,957423,57878,Filer,"House 39, Bahria Town, Karachi",03187373189
85346-8222528-2,FBR-100509,Eric Morgan,2441565,34346,Filer,"House 50, Model Town, Lahore",03560445727
24463-3021044-8,FBR-100510,Mr. Brandon Peters,5533134,516012,Filer,"Plot 539, Gulberg, Lahore",03525622518
33459-4756624-9,FBR-100511,T. Freeman,2290777,163805,Filer,"Plot 649, Johar Town, Lahore",03639642808
79459-6931965-8,FBR-100512,M. Rice,1062703,14665,Non-Filer,"House 358, Bahria Town, Karachi",03248580908
19488-5579724-3,FBR-100513,Mr. Tamara Sparks,5826957,583076,Filer,"House 271, Model Town, Lahore",03673759114
15661-4295827-9,FBR-100514,Mr. Christian Carter,2262297,79263,Filer,"House 418, Johar Town, Islamabad",03294570232
45023-1177672-6,FBR-100515,Mark Brown,3135541,95605,Filer,"House 669, Gulberg, Islamabad",03751489588
81933-6549110-7,FBR-100516,Chaudhry Christopher Larsen,921742,24226,Filer,"Flat 409, Gulberg, Islamabad",03026203839
80778-8032155-7,FBR-100517,Mr. Shannon Meyer,1965064,142462,Filer,"Plot 397, Gulberg, Rawalpindi",03636839209
28750-1088096-4,FBR-100518,Savannah A. Ward,3777550,282748,Filer,"Flat 711, Johar Town, Rawalpindi",03216477416
41557-4328946-2,FBR-100519,Mr. Megan Meyer,3368281,200630,Filer,"House 864, Johar Town, Lahore",03658085504
16489-7808519-9,FBR-100520,Tiffany Robertson,2159825,29450,Filer,"Flat 702, Gulberg, Islamabad",03290462928
69702-1015641-8,FBR-100521,Mr. Stacey Jones,5479999,402401,Filer,"Kothi 523, Model Town, Rawalpindi",03201117663
40727-7355807-6,FBR-100522,Jason Horn,1356515,22024,Filer,"House 403, Johar Town, Islamabad",03337270147
90322-6404556-2,FBR-100523,G. Wall,5571992,623323,Filer,"Plot 947, Johar Town, Islamabad",03701504655
44377-8940262-6,FBR-100524,Chaudhry Sarah Jones,3311751,353520,Filer,"Kothi 585, Bahria Town, Karachi",03442214456
18631-9870948-6,FBR-100525,J. Jones,5857604,377983,Filer,"Plot 541, Bahria Town, Islamabad",03321118961
41279-3891590-3,FBR-100526,Kara A. Lewis,717704,12752,Non-Filer,"Kothi 182, DHA, Islamabad",03614269836
59972-7069374-7,FBR-100527,M. Bradford,4058597,444817,Filer,"House 420, Bahria Town, Islamabad",03394898699
59171-2724747-6,FBR-100528,Mr. Mercedes Myers,5451255,548415,Filer,"Flat 679, Johar Town, Islamabad",03840673427
69350-2476399-5,FBR-100529,Nichole Guerrero,2542674,101166,Filer,"Kothi 298, Gulberg, Lahore",03056935945
68892-9025213-3,FBR-100530,Chaudhry Gerald Vance,1816925,186320,Filer,"Plot 7, Bahria Town, Islamabad",03730303394
74064-9735791-4,FBR-100531,Annette Martin,560536,5262,Non-Filer,"Flat 536, Model Town, Rawalpindi",03681363195
43143-1298076-9,FBR-100532,G. Davis,2876788,140713,Filer,"Plot 1, Johar Town, Islamabad",03342959118
17567-3993549-5,FBR-100533,Mr. Stacy Stone PhD,4809910,164722,Filer,"Flat 939, Model Town, Islamabad",03176881716
41697-5452740-8,FBR-100534,Chelsea A. Wilson,1128983,7707,Non-Filer,"House 538, Gulberg, Lahore",03381967074
36434-3152524-7,FBR-100535,A. Scott,919875,42635,Filer,"Flat 633, Model Town, Lahore",03627578673
68003-7303642-6,FBR-100536,Brenda A. Cross,2984000,304016,Filer,"House 730, Model Town, Rawalpindi",03898771027
66487-5308248-6,FBR-100537,A. Gonzalez,2986366,264133,Filer,"Plot 395, Johar Town, Karachi",03049404340
91075-4214681-6,FBR-100538,Mr. Alexander Smith,1687864,46239,Filer,"House 682, Bahria Town, Islamabad",03211994619
19277-2341155-8,FBR-100539,Anthony Wilson,1145545,39625,Filer,"Kothi 403, Johar Town, Rawalpindi",03883992800
75090-1429317-2,FBR-100540,Mr. Kirk Williams,1239439,15194,Non-Filer,"Kothi 958, Gulberg, Rawalpindi",03508222315
64380-8945730-3,FBR-100541,Jeffrey Weber,4853316,310000,Filer,"House 451, Gulberg, Rawalpindi",03125307848
27731-9586455-1,FBR-100542,F. Moore,1431038,65397,Filer,"Plot 759, Bahria Town, Rawalpindi",03420976209
80997-1680953-5,FBR-100543,Erika A. Proctor,3275969,186756,Filer,"Flat 788, Gulberg, Rawalpindi",03231002473
25482-2510822-4,FBR-100544,Jessica White,4659102,480295,Filer,"House 585, DHA, Lahore",03131180846
75135-2480593-4,FBR-100545,B. Freeman,6783663,524095,Filer,"Kothi 57, Bahria Town, Islamabad",03023019607
73280-1919027-9,FBR-100546,Chaudhry Kenneth Simpson,2025272,117208,Filer,"Kothi 864, Johar Town, Karachi",03842861644
63339-1840461-3,FBR-100547,Bobby Smith,6233577,478853,Filer,"Flat 343, Bahria Town, Lahore",03473372102
34398-5608154-9,FBR-100548,M. Cynthia White DDS,5976174,548429,Filer,"Flat 89, Model Town, Rawalpindi",03865432076
43426-6012634-9,FBR-100549,Mr. Christine Cooper,3193934,318813,Filer,"Kothi 524, Gulberg, Lahore",03892314480
50219-6108489-4,FBR-100550,Mr. Derek Smith,2378979,57600,Filer,"Kothi 822, Gulberg, Islamabad",03854260118
49972-4389120-3,FBR-100551,R. Brown,669461,11485,Non-Filer,"House 213, Johar Town, Islamabad",03745955116
70846-9203841-3,FBR-100552,Mr. Debra Butler,4099137,270543,Filer,"Flat 953, Model Town, Karachi",03694343122
69825-1858329-6,FBR-100553,R. Dawson,1940471,18906,Non-Filer,"House 546, DHA, Rawalpindi",03388095192
84046-6428334-1,FBR-100554,Pamela A. Bruce,5435802,645617,Filer,"Flat 225, Gulberg, Islamabad",03153735818
36286-4512556-8,FBR-100555,Mr. Michelle Glass,2905701,165713,Filer,"Kothi 958, Gulberg, Karachi",03704981014
36635-1968320-3,FBR-100556,Chaudhry Stephanie Summers,6990135,259836,Filer,"Kothi 879, DHA, Lahore",03041219309
27956-2206752-8,FBR-100557,Chaudhry Jennifer Aguilar,3922565,246301,Filer,"Plot 15, Johar Town, Karachi",03948487751
75302-4704502-5,FBR-100558,Chaudhry Eric Jenkins,2032628,23242,Filer,"Plot 548, Bahria Town, Karachi",03020614122
37119-9660934-2,FBR-100559,Daniel Hawkins,4014572,444409,Filer,"Kothi 98, Bahria Town, Lahore",03873471763
16594-7957362-4,FBR-100560,Chaudhry Wendy Burgess,1149876,5013,Non-Filer,"Flat 724, Gulberg, Rawalpindi",03099798131
30294-1950675-3,FBR-100561,Alexander Townsend,928634,13995,Non-Filer,"House 164, Gulberg, Islamabad",03747175890
40496-6347396-9,FBR-100562,Mr. Benjamin Galloway,1198208,12631,Non-Filer,"Plot 317, Model Town, Islamabad",03676173111
81923-4600058-3,FBR-100563,Chaudhry John Smith,1176214,15733,Non-Filer,"Plot 401, DHA, Islamabad",03159858518
59804-3616974-5,FBR-100564,A. Berger,5070642,404878,Filer,"Plot 671, Johar Town, Lahore",03591649404
35972-8792226-3,FBR-100565,Mr. Rachel Gonzalez,5314808,403259,Filer,"Plot 441, Model Town, Rawalpindi",03459377526
24991-1651164-6,FBR-100566,Emily Roberts MD,2279958,214339,Filer,"House 674, Bahria Town, Lahore",03323124577
48110-9219424-6,FBR-100567,Mr. Christine Greene,1869855,55556,Filer,"House 769, Gulberg, Lahore",03085421691
36281-9132638-5,FBR-100568,Mr. Steven West,2191183,151593,Filer,"Flat 613, Johar Town, Lahore",03622833898
36388-3343910-8,FBR-100569,Melanie A. Lee,4759832,230966,Filer,"Flat 787, Bahria Town, Islamabad",03245972918
14247-2688905-1,FBR-100570,Cheryl A. Long,720333,6274,Non-Filer,"Flat 200, Bahria Town, Islamabad",03057369909
16560-3885347-6,FBR-100571,Samantha A. Spencer,4255479,374634,Filer,"Flat 461, Gulberg, Karachi",03266833446
53195-7107761-3,FBR-100572,P. Thomas,3955282,370990,Filer,"House 807, Model Town, Lahore",03857537103
83292-8633343-2,FBR-100573,Joshua Shaffer,1115912,8466,Non-Filer,"House 807, Bahria Town, Rawalpindi",03185241498
70476-1602279-1,FBR-100574,Carol Rios,4680562,315086,Filer,"House 526, Johar Town, Lahore",03310555916
64133-3214078-7,FBR-100575,J. Wilson,768760,9626,Non-Filer,"Flat 79, Model Town, Karachi",03491556063
57112-3847051-2,FBR-100576,Mr. Nathaniel Leonard,6694206,514812,Filer,"Flat 6, Gulberg, Islamabad",03113876483
29534-5383567-2,FBR-100577,A. Carter,3884909,280607,Filer,"House 901, Bahria Town, Lahore",03092577070
30063-9323660-5,FBR-100578,S. Smith,4140253,392343,Filer,"House 333, Gulberg, Karachi",03155177326
31499-9983655-1,FBR-100579,Mr. Robert Allen,3265742,306057,Filer,"Flat 376, Bahria Town, Islamabad",03442515990
62916-4413463-3,FBR-100580,Chaudhry Sean Cohen,644221,833,Non-Filer,"Plot 745, Johar Town, Karachi",03775784379
22451-1253527-2,FBR-100581,Jacob A. Fisher,4661901,262553,Filer,"House 501, Johar Town, Karachi",03375715751
40049-2460295-3,FBR-100582,Patrick Castillo,6841896,542452,Filer,"Plot 862, Model Town, Lahore",03813553239
65574-7597933-9,FBR-100583,Mr. William Alvarez,5130877,327947,Filer,"House 299, Johar Town, Lahore",03029492819
21052-4651120-4,FBR-100584,Mitchell Barnes,3729857,431473,Filer,"Plot 610, Johar Town, Lahore",03563043475
42210-2225629-6,FBR-100585,Chaudhry Diane Bell,2165446,11500,Non-Filer,"House 43, Bahria Town, Karachi",03030217705
49794-6739014-2,FBR-100586,Chaudhry Marc Ramsey,2009574,51431,Filer,"Kothi 607, Bahria Town, Lahore",03778947657
51612-7911706-7,FBR-100587,D. Powell,1290424,67613,Filer,"House 91, Bahria Town, Karachi",03993790606
77030-3804065-3,FBR-100588,Chaudhry Allison Raymond,6920370,390631,Filer,"Flat 789, Bahria Town, Karachi",03304524868
35978-4684998-6,FBR-100589,Kayla A. Williams,1223250,19649,Non-Filer,"House 3, Gulberg, Lahore",03618264300
75185-9817313-6,FBR-100590,Willie Webster,1815349,46567,Filer,"House 770, Johar Town, Lahore",03863658382
36088-1844305-6,FBR-100591,Mr. Maria Chapman,5293728,374020,Filer,"Kothi 95, Model Town, Karachi",03393112197
74560-9325279-3,FBR-100592,Paula A. Gray,977581,23483,Filer,"Flat 849, Model Town, Lahore",03969145962
71099-3763617-7,FBR-100593,Chaudhry James Heath,4209898,272871,Filer,"Kothi 845, Johar Town, Islamabad",03716442675
87803-9919963-2,FBR-100594,A. Thomas,2270477,126492,Filer,"House 992, Model Town, Karachi",03743847887
41471-4322116-8,FBR-100595,Mr. Amy Hensley,3671018,239791,Filer,"Plot 899, Gulberg, Lahore",03717559705
61381-7623889-6,FBR-100596,W. Powers,1127664,1294,Non-Filer,"Kothi 416, DHA, Karachi",03639612114
95521-6697399-7,FBR-100597,Monica A. Mcdaniel,5396647,377177,Filer,"Flat 5, Model Town, Rawalpindi",03124591980
89145-1274367-2,FBR-100598,J. Reyes,4701920,480292,Filer,"Kothi 429, Gulberg, Islamabad",03749470363
69963-3446625-6,FBR-100599,Jack Williams,6796730,485510,Filer,"Plot 86, Model Town, Rawalpindi",03983243062
71071-1546416-5,FBR-100600,Chaudhry Benjamin Hood,5541898,335864,Filer,"Flat 91, Model Town, Karachi",03501939196
67937-7835784-9,FBR-100601,J. Hunt,5541329,364826,Filer,"Plot 124, Bahria Town, Lahore",03480727630
59236-4088786-7,FBR-100602,C. Gonzalez,4015945,208089,Filer,"Flat 341, Bahria Town, Islamabad",03512856652
31943-4761457-6,FBR-100603,Chaudhry Carla Pena,5608860,515550,Filer,"Kothi 316, Gulberg, Islamabad",03943181920
76421-4178403-3,FBR-100604,A. Fields,1433598,67166,Filer,"Kothi 540, DHA, Lahore",03126163647
32983-2740494-4,FBR-100605,Mr. Kayla Hays,2875727,172287,Filer,"Kothi 579, Model Town, Islamabad",03405833591
98636-2692941-9,FBR-100606,Mr. Jason Spence,5485638,573656,Filer,"Kothi 139, Model Town, Rawalpindi",03133862993
19948-9628110-6,FBR-100607,Katherine A. Sutton,4355734,231733,Filer,"Kothi 273, Model Town, Islamabad",03615584623
50020-7305937-9,FBR-100608,Brittany A. Noble,4449147,150867,Filer,"House 929, Gulberg, Rawalpindi",03899268263
57673-1301878-1,FBR-100609,Derrick A. Farmer,4526080,315739,Filer,"House 571, Gulberg, Rawalpindi",03232476752
50782-9598071-3,FBR-100610,Jennifer Mcdonald,641357,7103,Non-Filer,"Kothi 36, Model Town, Rawalpindi",03713831312
27955-1118619-5,FBR-100611,K. Farmer,5696936,429634,Filer,"Plot 193, Johar Town, Lahore",03939048001
61408-3912234-5,FBR-100612,R. Riggs,1709318,53308,Filer,"Plot 299, Johar Town, Lahore",03163558455
65142-7837774-2,FBR-100613,Amber A. Anderson,2385755,186424,Filer,"Kothi 505, Model Town, Islamabad",03265422291
52493-3715809-8,FBR-100614,Chaudhry George Wright,4712767,327509,Filer,"House 813, Johar Town, Islamabad",03695053008
28334-4368603-9,FBR-100615,Clinton A. Mitchell,4072239,292932,Filer,"House 167, Model Town, Karachi",03995159571
99313-6234019-1,FBR-100616,M. Shelton,4238724,299438,Filer,"Flat 995, Gulberg, Islamabad",03880230199
34529-5569266-5,FBR-100617,James A. Jones,4129386,459015,Filer,"Kothi 203, Johar Town, Islamabad",03200293501
67448-7762509-2,FBR-100618,Kaitlyn A. Lowery,1962414,189352,Filer,"Flat 371, Gulberg, Islamabad",03797803082
60530-8928178-5,FBR-100619,Mr. Shawna White,1502631,127384,Filer,"House 209, Johar Town, Rawalpindi",03509426068
75700-7849397-3,FBR-100620,Chaudhry Kathleen Shaw,4698817,395351,Filer,"Flat 46, Bahria Town, Islamabad",03277435069
80212-8888969-9,FBR-100621,Mr. Jose Nichols,829413,13185,Non-Filer,"Kothi 771, DHA, Islamabad",03293973498
61333-7085790-7,FBR-100622,J. Pugh,2139583,42274,Filer,"Flat 872, DHA, Islamabad",03926960255
68937-1197056-1,FBR-100623,Thomas A. Caldwell,4764205,149963,Filer,"Flat 363, Johar Town, Islamabad",03176416106
44802-5083170-2,FBR-100624,Mr. Samuel Cannon,4164289,467832,Filer,"House 772, Johar Town, Rawalpindi",03954352955
24584-6149722-3,FBR-100625,T. Ponce,4031021,166839,Filer,"Plot 991, DHA, Rawalpindi",03591447705
61707-6733523-7,FBR-100626,Scott Anderson,4696628,314609,Filer,"Kothi 512, Model Town, Islamabad",03797574288
34344-3406176-9,FBR-100627,Chaudhry Mark Barrera,1440345,43820,Filer,"Kothi 686, Model Town, Karachi",03455243161
37925-6682930-2,FBR-100628,Monica A. Edwards,5026943,513737,Filer,"Kothi 69, Johar Town, Lahore",03214658683
85214-4951757-7,FBR-100629,Chaudhry Todd Hodges,2167304,159561,Filer,"Kothi 220, Johar Town, Islamabad",03234126304
99068-3222286-3,FBR-100630,J. Jones,5563690,256479,Filer,"Plot 688, Bahria Town, Lahore",03587012444
47041-1561560-7,FBR-100631,Mr. Laurie Stevens,4907687,326823,Filer,"Flat 135, Gulberg, Islamabad",03873238106
18822-9540760-5,FBR-100632,Chaudhry Gavin Gray,2548182,167325,Filer,"Plot 926, Bahria Town, Islamabad",03931439112
22299-7035464-2,FBR-100633,Kenneth A. Patel,3803442,265025,Filer,"Flat 24, Johar Town, Lahore",03411600169
25969-6454978-4,FBR-100634,Larry Velasquez,4115500,262061,Filer,"House 469, Bahria Town, Rawalpindi",03669731079
46052-9445156-1,FBR-100635,J. Terry,778951,10513,Non-Filer,"Kothi 605, Johar Town, Lahore",03712952959
15191-8844748-2,FBR-100636,Mr. Stephanie Michael,489934,7994,Non-Filer,"Kothi 230, Model Town, Islamabad",03707476981
53389-9903545-4,FBR-100637,T. Harris,2700790,300615,Filer,"Plot 570, Bahria Town, Islamabad",03888959566
85698-1511547-4,FBR-100638,Chaudhry Lori Williamson,6179493,354091,Filer,"Plot 30, Johar Town, Islamabad",03478965953
65562-7281523-2,FBR-100639,Mark A. Walker,4490243,161113,Filer,"Flat 742, DHA, Lahore",03869154358
62447-7548256-9,FBR-100640,Mr. Joshua Rodriguez,2635403,201207,Filer,"Kothi 232, DHA, Islamabad",03641881498
79669-6526837-5,FBR-100641,B. Ortiz,706229,8451,Non-Filer,"House 658, Gulberg, Karachi",03575056579
66535-8616337-8,FBR-100642,Mr. Gregory Floyd,979853,47942,Filer,"Plot 350, Johar Town, Karachi",03174322575
24664-7759160-3,FBR-100643,Melissa A. Mason,2420122,21436,Filer,"Flat 778, Bahria Town, Lahore",03943191110
77660-1277330-8,FBR-100644,C. Jackson,898031,42116,Filer,"Plot 810, Bahria Town, Islamabad",03797988576
36368-5969919-1,FBR-100645,Brandon Robinson,1102728,4137,Non-Filer,"House 65, Model Town, Karachi",03451585587
64776-1218331-9,FBR-100646,Chaudhry Donna Franklin,2531083,235470,Filer,"Flat 572, Model Town, Karachi",03234105765
84105-6296204-6,FBR-100647,P. Alvarez,1526298,45246,Filer,"Flat 108, DHA, Karachi",03823229953
56564-8063523-1,FBR-100648,Chaudhry Natasha Perez,3639238,226042,Filer,"Kothi 792, DHA, Islamabad",03243212345
23985-3581603-6,FBR-100649,Mr. Debbie Wright,5828160,491273,Filer,"Kothi 498, DHA, Islamabad",03550257910
51749-8990020-3,FBR-100650,Mallory James,1247730,58640,Filer,"House 541, Johar Town, Islamabad",03936421721
76576-7524770-4,FBR-100651,William Collins,1646676,173375,Filer,"Flat 258, DHA, Karachi",03100205948
46478-9707181-7,FBR-100652,Chaudhry Barbara Garcia,3511376,345751,Filer,"Kothi 165, Gulberg, Karachi",03374072389
28129-1216017-2,FBR-100653,Alexander A. Thompson,6172763,703629,Filer,"Plot 746, Johar Town, Rawalpindi",03781900550
13618-1153082-2,FBR-100654,Amanda Serrano,6774008,618034,Filer,"Kothi 800, DHA, Karachi",03067087820
85082-9962101-2,FBR-100655,Chaudhry Jane Fitzpatrick,3057848,332817,Filer,"Flat 347, Johar Town, Rawalpindi",03159830804
73508-4451412-1,FBR-100656,Chaudhry Kyle Powell,2182769,173727,Filer,"Plot 210, Model Town, Rawalpindi",03984198106
23633-2645161-3,FBR-100657,Chaudhry Eric Horton,5259953,453377,Filer,"Plot 451, Gulberg, Rawalpindi",03282914055
18854-1902061-8,FBR-100658,Karen A. Smith,5644820,381615,Filer,"Plot 410, Bahria Town, Rawalpindi",03228082998
71828-3378606-2,FBR-100659,Amber A. Luna,4036598,180841,Filer,"Kothi 614, Gulberg, Lahore",03208031998
41273-4837270-1,FBR-100660,Jessica Steele,1511346,43475,Filer,"Kothi 580, Bahria Town, Lahore",03561375173
41800-2573656-4,FBR-100661,Carmen A. Glenn,6718728,602018,Filer,"House 39, Gulberg, Lahore",03567659728
62688-5034095-4,FBR-100662,Chaudhry Elizabeth Bailey,1547316,85285,Filer,"House 953, Johar Town, Rawalpindi",03835499232
44466-1693289-3,FBR-100663,Chaudhry Lauren Wise,5078817,424977,Filer,"Kothi 19, Gulberg, Lahore",03785327866
22658-4136290-3,FBR-100664,Chaudhry Kelly Martinez,5407166,546607,Filer,"Plot 631, Johar Town, Islamabad",03361130506
23866-9553183-7,FBR-100665,Mr. Brian Jenkins,5838950,208530,Filer,"House 74, DHA, Lahore",03956138682
75860-2302273-1,FBR-100666,Sean A. Wyatt,3105494,199010,Filer,"Flat 469, Gulberg, Lahore",03488000832
83387-4498615-1,FBR-100667,Erica A. Palmer,1883345,113419,Filer,"Plot 850, Johar Town, Rawalpindi",03023179545
37362-3049397-4,FBR-100668,Mr. James Doyle,1722285,58635,Filer,"Kothi 114, Johar Town, Lahore",03081995953
81580-9718610-6,FBR-100669,S. Horn,1646024,27163,Filer,"House 90, Bahria Town, Lahore",03897873207
21768-7167093-5,FBR-100670,Jamie A. Jones,3255672,114654,Filer,"Flat 317, Model Town, Karachi",03544355219
74767-6617915-4,FBR-100671,Benjamin Hayes,6914287,744674,Filer,"House 81, DHA, Lahore",03034722161
24898-4588346-9,FBR-100672,Chaudhry Scott Zamora,5890378,694734,Filer,"Kothi 467, Gulberg, Karachi",03119096541
20460-1361845-1,FBR-100673,Mr. Aaron West,2216887,26779,Filer,"House 687, Bahria Town, Rawalpindi",03636751822
17184-4016736-5,FBR-100674,Matthew Johnson,3405866,301364,Filer,"Kothi 262, Bahria Town, Islamabad",03408123931
49391-6846586-1,FBR-100675,J. Morrison,875453,16615,Non-Filer,"Flat 392, DHA, Karachi",03451100781
68049-3733594-8,FBR-100676,Mrs. A. Hoffman,1262027,47043,Filer,"Flat 281, Bahria Town, Lahore",03143812415
64056-1351073-6,FBR-100677,Eric Hickman,6436523,577936,Filer,"Plot 558, Model Town, Islamabad",03765385076
10226-5006125-6,FBR-100678,Mr. Ryan Mcpherson,2228104,27336,Filer,"House 545, Bahria Town, Lahore",03008191116
14637-6262521-7,FBR-100679,Chaudhry Elaine Rose,963448,10141,Non-Filer,"Flat 376, DHA, Lahore",03582314694
70035-3703043-4,FBR-100680,Erin A. Rodriguez,3144153,277646,Filer,"House 666, Johar Town, Karachi",03554023589
63412-9704500-2,FBR-100681,D. Black,6360839,619170,Filer,"Plot 224, Model Town, Lahore",03440074041
44103-8237492-2,FBR-100682,A. Ruiz,6189276,355344,Filer,"Plot 626, Gulberg, Karachi",03203040406
47264-7558493-4,FBR-100683,Jim A. Cisneros,1939786,89118,Filer,"Flat 264, DHA, Lahore",03677303357
37422-5354022-3,FBR-100684,Chaudhry Jonathan Edwards,4889088,264060,Filer,"House 613, DHA, Rawalpindi",03211395051
49832-2307646-2,FBR-100685,C. Lyons,4937240,510880,Filer,"House 549, DHA, Lahore",03660944269
57382-2249625-3,FBR-100686,Chaudhry Kara Wheeler DDS,1339873,67436,Filer,"House 740, Gulberg, Islamabad",03504256545
68986-3984524-2,FBR-100687,Jesse Palmer,5462950,209026,Filer,"Flat 311, Gulberg, Rawalpindi",03698247242
32704-8464651-2,FBR-100688,Chaudhry Bryan Gutierrez,873571,8488,Non-Filer,"Kothi 351, Model Town, Karachi",03586030113
14023-7509271-4,FBR-100689,B. Edwards,1554844,44552,Filer,"House 876, Bahria Town, Islamabad",03698983632
97912-6629503-5,FBR-100690,Jared A. Perez,2360330,187227,Filer,"House 866, Bahria Town, Lahore",03297494446
21729-3651397-5,FBR-100691,M. Williams,3014404,270927,Filer,"Flat 185, DHA, Karachi",03127354711
73096-2629106-1,FBR-100692,Dr. Robert Diaz MD,1124905,8061,Non-Filer,"Kothi 261, DHA, Karachi",03202859169
18133-2087148-5,FBR-100693,Mr. Ariel Hart,4256287,472984,Filer,"House 275, Bahria Town, Islamabad",03643322754
57662-3958298-3,FBR-100694,A. Johnson,3932889,382116,Filer,"Flat 807, Model Town, Islamabad",03235156583
58002-3788885-9,FBR-100695,Marcus Evans,2149441,233306,Filer,"House 894, Bahria Town, Karachi",03093282558
47392-7388309-1,FBR-100696,Kevin Wood,4852383,479457,Filer,"Plot 665, Bahria Town, Karachi",03404757043
60355-7129547-4,FBR-100697,Chaudhry David Wilson,5367126,597371,Filer,"Kothi 270, DHA, Lahore",03134863741
23055-7331934-6,FBR-100698,Mr. Cameron Simmons,836529,10870,Non-Filer,"Plot 289, DHA, Rawalpindi",03254527150
67454-9177681-2,FBR-100699,Denise A. Tucker,1110448,3331,Non-Filer,"House 471, Johar Town, Rawalpindi",03321929119
22285-7789627-2,FBR-100700,Kara Moore,979412,66299,Filer,"Kothi 492, Bahria Town, Karachi",03845739001
65814-8386437-1,FBR-100701,Chaudhry Kaitlyn Powers,4606887,154337,Filer,"House 196, DHA, Islamabad",03159847146
57335-8447706-8,FBR-100702,Eric Brown,5372036,498713,Filer,"Plot 960, Model Town, Lahore",03612932157
19373-9544885-4,FBR-100703,Chaudhry Denise Ewing,1746347,39338,Filer,"Kothi 763, Bahria Town, Rawalpindi",03887914171
24424-2004976-7,FBR-100704,M. Harrell,4917827,546019,Filer,"House 246, Johar Town, Karachi",03107113563
76910-6306167-4,FBR-100705,Chaudhry Connie Miranda,1559051,68467,Filer,"House 86, Gulberg, Islamabad",03748716629
71404-8733198-3,FBR-100706,Emily A. Stevens,1586062,30679,Filer,"House 827, Gulberg, Islamabad",03027613469
22836-4444917-5,FBR-100707,Chaudhry Vanessa Paul,536543,13868,Non-Filer,"Flat 70, DHA, Rawalpindi",03111508779
73121-5317123-3,FBR-100708,Mr. Heather Byrd,4425979,411571,Filer,"House 643, Johar Town, Lahore",03346230839
94353-8890385-1,FBR-100709,Mr. Kerri Chen,2644648,182787,Filer,"Plot 792, Gulberg, Karachi",03319428514
95345-7115097-3,FBR-100710,Mr. Dennis Landry,1840724,38569,Filer,"Kothi 823, Model Town, Lahore",03581226509
58198-4048885-4,FBR-100711,Chaudhry Nicole Rose,4876554,491971,Filer,"House 613, Gulberg, Lahore",03878724132
68901-4640117-1,FBR-100712,P. Jackson,742356,12986,Non-Filer,"Flat 450, Bahria Town, Karachi",03647188759
49904-6268476-4,FBR-100713,Mr. Linda Cannon,3648981,373914,Filer,"House 412, DHA, Karachi",03050306264
11652-7038456-8,FBR-100714,Amanda A. Bennett,1985254,55156,Filer,"Plot 68, Gulberg, Islamabad",03377298497
77063-9256125-4,FBR-100715,Kevin Hale,4065172,194810,Filer,"Plot 198, Gulberg, Karachi",03141843758
50617-8660114-5,FBR-100716,Ryan A. Davis,2283274,15646,Non-Filer,"Plot 999, Model Town, Lahore",03712455916
63343-3978096-6,FBR-100717,Chaudhry Renee Wallace,2885045,167972,Filer,"Kothi 685, DHA, Islamabad",03438171886
31243-5000242-1,FBR-100718,Chaudhry Anthony Green,5313658,429775,Filer,"Plot 623, Model Town, Rawalpindi",03214307835
72267-7485214-3,FBR-100719,Tamara A. Smith,457795,10529,Non-Filer,"Flat 247, Johar Town, Lahore",03125545597
45899-7979760-3,FBR-100720,Chaudhry Sarah Patel,2186249,66866,Filer,"Plot 535, Bahria Town, Islamabad",03181101789
17461-3814341-4,FBR-100721,Chaudhry Christine Gonzales,668997,3833,Non-Filer,"Kothi 172, DHA, Rawalpindi",03495535311
63599-5247613-4,FBR-100722,Chaudhry Rebecca Dawson,1182222,57975,Filer,"Plot 980, Model Town, Rawalpindi",03946976943
22431-1865547-7,FBR-100723,S. Sanders,4095636,209332,Filer,"House 991, DHA, Islamabad",03308432198
19245-5848106-3,FBR-100724,Tiffany A. Nichols,1913496,80515,Filer,"Plot 431, DHA, Rawalpindi",03242183126
49357-9603402-2,FBR-100725,Mr. Roger Valdez,611490,747,Non-Filer,"Kothi 250, Gulberg, Islamabad",03695749404
78406-4232717-7,FBR-100726,Chaudhry Mr. Jared Marsh DVM,1706834,155806,Filer,"House 607, Model Town, Rawalpindi",03997826097
33792-5289218-4,FBR-100727,Chaudhry Tanya Roberts,2185270,191780,Filer,"Kothi 376, Johar Town, Islamabad",03445323520
98788-2231870-1,FBR-100728,Mr. Stephanie Johnson,6214253,588085,Filer,"Kothi 218, Model Town, Lahore",03283872116
68313-8974991-6,FBR-100729,A. Johnson,2074843,133892,Filer,"Plot 477, Model Town, Karachi",03822682286
66444-2492340-4,FBR-100730,Ernest A. Hart,1756900,46082,Filer,"Kothi 411, Bahria Town, Karachi",03388428416
58602-7034401-7,FBR-100731,Mr. Joshua Eaton,1909287,83742,Filer,"Kothi 786, Model Town, Karachi",03930688157
39172-4606147-5,FBR-100732,Chaudhry Jennifer Lane,3914118,444471,Filer,"House 37, Johar Town, Karachi",03297822980
63233-8059623-2,FBR-100733,Nicholas Johnson,4602303,231168,Filer,"Kothi 597, Gulberg, Islamabad",03049542502
85623-6967336-6,FBR-100734,Gabriel A. Schaefer,3967347,397215,Filer,"Kothi 323, Bahria Town, Rawalpindi",03005960951
12308-3700093-7,FBR-100735,Chaudhry David Powell,3587157,329116,Filer,"Flat 120, Model Town, Karachi",03709612863
93176-5170340-4,FBR-100736,J. Davis,6996554,484722,Filer,"Flat 785, Model Town, Islamabad",03980908897
31418-2086005-8,FBR-100737,Mr. David Martinez,4533556,301444,Filer,"House 204, DHA, Rawalpindi",03978812007
83486-5570755-1,FBR-100738,T. Garcia,6633969,582719,Filer,"House 818, DHA, Karachi",03831317171
21243-5176193-1,FBR-100739,G. Smith,1924824,73215,Filer,"Plot 236, Bahria Town, Islamabad",03816600341
40980-1324091-1,FBR-100740,Chaudhry Ashley Jackson,1298656,43806,Filer,"House 85, DHA, Karachi",03101089722
29479-8883119-6,FBR-100741,Kiara Castillo,5139595,512930,Filer,"House 535, Model Town, Islamabad",03712327359
48242-8002587-8,FBR-100742,J. Olson,5290453,348239,Filer,"Flat 342, DHA, Lahore",03207664497
44601-3725620-5,FBR-100743,Chaudhry Matthew Liu,6765202,307578,Filer,"House 65, Johar Town, Lahore",03170564768
44465-3210650-6,FBR-100744,Anthony A. Dunn,1523570,113264,Filer,"Flat 514, Gulberg, Karachi",03005821767
34693-1859836-3,FBR-100745,M. Craig,2050319,68408,Filer,"Kothi 395, Model Town, Lahore",03438023295
40069-6224082-2,FBR-100746,Chaudhry Marie Tucker,885618,46411,Filer,"Kothi 97, DHA, Karachi",03063417682
35073-8586035-8,FBR-100747,Chaudhry Laura Jones,402816,14040,Non-Filer,"Plot 638, DHA, Rawalpindi",03730969315
84059-8306001-3,FBR-100748,Erin A. Davis,6211182,387482,Filer,"House 198, Johar Town, Karachi",03008354186
24142-8672465-4,FBR-100749,Mary Becker,3205550,310896,Filer,"Flat 514, Gulberg, Islamabad",03055037407
17481-1518495-4,FBR-100750,Diana A. Pugh,4728007,193780,Filer,"House 227, Johar Town, Islamabad",03189220683
37717-8620890-4,FBR-100751,D. Olsen,6022083,242115,Filer,"Plot 210, Model Town, Islamabad",03640599471
27200-3639827-1,FBR-100752,Paul A. Hicks,4751328,486413,Filer,"Plot 475, Model Town, Islamabad",03328712833
61972-6292457-9,FBR-100753,S. Beard,6431343,660001,Filer,"Flat 57, Johar Town, Islamabad",03158809315
21683-5923472-1,FBR-100754,Brittany Arroyo,1820604,164062,Filer,"Flat 527, Bahria Town, Karachi",03901185720
32974-5113305-8,FBR-100755,Melvin Donovan,2090585,94966,Filer,"House 203, Model Town, Lahore",03666613275
76427-9745866-6,FBR-100756,M. Martinez,3404614,352193,Filer,"Kothi 542, Model Town, Lahore",03155533731
23921-2175307-7,FBR-100757,Teresa Osborne,1507173,90941,Filer,"Kothi 496, DHA, Islamabad",03248600522
97625-9616033-4,FBR-100758,J. Jordan,2435179,54491,Filer,"Kothi 326, Gulberg, Rawalpindi",03583194247
58715-9975489-8,FBR-100759,Tracy Robinson,852756,45204,Filer,"Flat 634, DHA, Lahore",03677984227
69733-2474055-5,FBR-100760,Chaudhry Ana Schmidt,1085504,10628,Non-Filer,"Plot 39, Johar Town, Karachi",03774918207
18283-8815971-1,FBR-100761,B. Clark,3706410,196789,Filer,"Flat 674, DHA, Islamabad",03971215095
67324-9720893-2,FBR-100762,Chaudhry Mark Nguyen,1228298,33003,Filer,"Plot 404, DHA, Lahore",03021027682
14179-5832341-3,FBR-100763,Mr. Monica Taylor,3586365,379297,Filer,"House 717, DHA, Islamabad",03469062906
31493-9923054-7,FBR-100764,Jesse A. Howard,1886068,10744,Non-Filer,"Plot 246, Bahria Town, Rawalpindi",03397940835
65808-6671241-6,FBR-100765,Chaudhry William Thomas,1169192,47195,Filer,"House 913, Bahria Town, Rawalpindi",03827851954
82342-2962617-2,FBR-100766,Katherine A. Garcia,4873127,482545,Filer,"Flat 966, Gulberg, Rawalpindi",03888860069
39684-4103052-5,FBR-100767,William A. Mitchell,6669241,697566,Filer,"Kothi 403, Bahria Town, Karachi",03239019962
35383-9238380-2,FBR-100768,Chaudhry Caleb Preston,6446945,372684,Filer,"Flat 822, Bahria Town, Lahore",03480942861
43443-9603725-8,FBR-100769,Robert A. Thomas,1242253,69707,Filer,"Plot 876, Johar Town, Islamabad",03201263775
51083-3899281-6,FBR-100770,William A. Wagner,3642838,227194,Filer,"Plot 676, Gulberg, Lahore",03845432115
10015-4887531-6,FBR-100771,Jeff A. Lyons,6818768,749327,Filer,"House 807, Model Town, Lahore",03843664800
14918-6487171-4,FBR-100772,Steve A. Moore,2220915,146881,Filer,"Flat 839, Model Town, Islamabad",03830045048
49527-7285571-6,FBR-100773,Mr. Misty Ross,4892634,343604,Filer,"Kothi 388, Model Town, Lahore",03565845288
39772-1211243-7,FBR-100774,Kelsey A. Tucker,4985315,538976,Filer,"Plot 837, DHA, Karachi",03106304722
29730-6147039-5,FBR-100775,Joe Horton,5513388,277756,Filer,"Flat 390, Gulberg, Islamabad",03054467953
27510-5023186-9,FBR-100776,Mr. Travis Johnson,5790482,455623,Filer,"Flat 687, DHA, Islamabad",03396284721
32630-6363835-3,FBR-100777,Mr. Briana Hernandez,942440,5776,Non-Filer,"House 813, Johar Town, Rawalpindi",03301993457
54474-8888957-8,FBR-100778,Karen A. Carter,1890384,60792,Filer,"Plot 747, Model Town, Islamabad",03480856973
42682-2074040-2,FBR-100779,Mr. Zachary Rice,4530750,488522,Filer,"House 335, DHA, Lahore",03029512561
39765-7208047-2,FBR-100780,Corey White,501812,5066,Non-Filer,"House 510, DHA, Karachi",03318322154
70564-7741831-5,FBR-100781,D. Harvey,3248344,263658,Filer,"Kothi 977, Gulberg, Islamabad",03433600355
93706-8893240-6,FBR-100782,Chaudhry Nicholas Graves,2971338,121606,Filer,"Flat 752, Model Town, Islamabad",03883023412
85139-2776435-9,FBR-100783,Renee A. Lee,4346391,434592,Filer,"House 496, Gulberg, Rawalpindi",03066728423
11547-4809961-4,FBR-100784,Mr. Jose French,1777046,63040,Filer,"Plot 372, Johar Town, Islamabad",03075937943
96349-3094761-1,FBR-100785,M. Mark Parker DDS,3245129,232648,Filer,"Kothi 606, Johar Town, Rawalpindi",03578550378
13097-3197653-7,FBR-100786,S. Mcclure,2578855,216737,Filer,"House 189, Johar Town, Islamabad",03680390823
77527-6982981-2,FBR-100787,Mr. Nicole Estrada,6017349,345537,Filer,"Plot 813, Johar Town, Lahore",03609068774
38705-7152620-7,FBR-100788,Richard A. Stewart,2007755,68962,Filer,"Plot 390, DHA, Rawalpindi",03563398422
36440-6490524-5,FBR-100789,H. Mcdowell,1813559,201718,Filer,"Flat 528, Bahria Town, Rawalpindi",03429333722
81679-9393779-1,FBR-100790,Virginia A. Lucas,4770346,307660,Filer,"Plot 620, Gulberg, Karachi",03103499054
34031-1294401-9,FBR-100791,Chaudhry Richard Austin,5270649,596203,Filer,"House 890, Johar Town, Islamabad",03034245371
17001-1929868-4,FBR-100792,Jacob Reid,2209591,56265,Filer,"House 923, Johar Town, Karachi",03302864771
76951-8757837-3,FBR-100793,Chaudhry Cassidy Doyle,1829324,65439,Filer,"Plot 148, Bahria Town, Rawalpindi",03137300938
13986-8111032-3,FBR-100794,N. Weiss,1093917,46198,Filer,"Flat 619, Model Town, Karachi",03161070311
65085-4631155-9,FBR-100795,S. Cox,4485229,478923,Filer,"Kothi 56, DHA, Lahore",03772147840
54591-3775439-4,FBR-100796,Mr. Noah Schwartz,3303526,238709,Filer,"Flat 238, Johar Town, Karachi",03368870369
40429-3934067-4,FBR-100797,Lauren A. Cohen,6407693,743208,Filer,"House 768, Gulberg, Karachi",03089092583
45722-8120431-9,FBR-100798,Ann Dunlap,629474,2831,Non-Filer,"House 501, DHA, Rawalpindi",03296066117
21316-2168283-9,FBR-100799,Jill Schmidt,2327731,63344,Filer,"Kothi 146, Model Town, Rawalpindi",03763125025
32491-4631390-9,FBR-100800,Chaudhry Jennifer Smith,849338,2629,Non-Filer,"Flat 419, Bahria Town, Karachi",03585616404
39842-3704938-7,FBR-100801,Jesse Ross,1128694,56581,Filer,"Flat 634, Gulberg, Islamabad",03354030803
50637-3716696-4,FBR-100802,Seth Campbell,4333220,424494,Filer,"Kothi 88, Bahria Town, Karachi",03337231444
87297-6298077-2,FBR-100803,J. Williams,2541940,169120,Filer,"Flat 189, Gulberg, Rawalpindi",03700701496
67648-9157896-8,FBR-100804,Sarah A. Smith,1159429,57094,Filer,"Flat 483, Johar Town, Karachi",03120173648
71843-9539426-3,FBR-100805,Chaudhry Danny Parsons,1189357,25398,Filer,"Plot 239, DHA, Islamabad",03212076712
60258-2168025-7,FBR-100806,S. Strickland,2385398,67552,Filer,"House 363, Gulberg, Islamabad",03235339872
56136-7575256-3,FBR-100807,Nicole A. Quinn,5665991,471115,Filer,"Kothi 886, Johar Town, Lahore",03463483774
15458-8999402-6,FBR-100808,Mr. Jacob Lee,5518604,596757,Filer,"Kothi 975, Gulberg, Islamabad",03364911746
30508-1065787-3,FBR-100809,E. Elliott,5553602,420019,Filer,"Flat 695, Gulberg, Islamabad",03987485953
87335-4685578-6,FBR-100810,Julie A. Martinez,5753668,312435,Filer,"Plot 563, Johar Town, Rawalpindi",03033743291
95314-4060374-5,FBR-100811,Chaudhry Daniel Decker,939856,24837,Filer,"House 140, DHA, Islamabad",03266355869
72864-8395616-8,FBR-100812,Chaudhry Timothy Blake,3114721,350805,Filer,"Flat 373, Johar Town, Lahore",03779042901
55854-9924969-6,FBR-100813,Mr. Michelle Russell,3410239,358793,Filer,"Kothi 120, Model Town, Islamabad",03859081092
60740-5372177-1,FBR-100814,Mr. Brittany Henry,3868875,393270,Filer,"Flat 820, Gulberg, Lahore",03435190928
57560-1201275-5,FBR-100815,Amy A. Cook,6244104,445836,Filer,"Flat 295, Gulberg, Karachi",03310435486
59448-1365053-2,FBR-100816,Mr. Lisa Gay,4604230,527069,Filer,"Plot 215, DHA, Karachi",03796613556
29253-6219800-4,FBR-100817,Chaudhry Brian Macias,5916732,452755,Filer,"Plot 59, Gulberg, Islamabad",03733473912
25990-2797024-3,FBR-100818,T. Fletcher,4001677,139157,Filer,"House 792, Bahria Town, Rawalpindi",03205883824
35288-1668834-8,FBR-100819,Mr. Kenneth Goodman,6873058,320492,Filer,"Kothi 433, DHA, Karachi",03134158777
88248-3119262-5,FBR-100820,Mr. Linda Paul,2825394,262220,Filer,"House 87, DHA, Karachi",03049434499
26283-1654516-1,FBR-100821,Manuel Smith,3953132,449292,Filer,"Flat 726, Bahria Town, Lahore",03959509154
70734-3718398-2,FBR-100822,Mr. Angela Daniel,2096103,187244,Filer,"Plot 203, Johar Town, Islamabad",03675932158
98144-4322425-6,FBR-100823,John A. Barron,1690655,43518,Filer,"House 878, Gulberg, Islamabad",03520127911
61235-7862161-5,FBR-100824,Amy A. Landry,2102248,188339,Filer,"Kothi 239, Gulberg, Lahore",03232084271
98249-3937692-3,FBR-100825,Mr. Jessica Campbell,2889127,208473,Filer,"Plot 915, Bahria Town, Islamabad",03392483539
92055-1988772-8,FBR-100826,Crystal Brown,5939435,336555,Filer,"House 802, Gulberg, Lahore",03175816348
69190-8365075-1,FBR-100827,E. Hoffman,1197313,5935,Non-Filer,"Flat 677, Gulberg, Karachi",03336732860
16306-9666103-3,FBR-100828,Angela A. Lopez,4288003,460781,Filer,"Kothi 180, Gulberg, Karachi",03477429336
94690-1077199-9,FBR-100829,B. Johnson,6492995,419424,Filer,"House 865, Model Town, Rawalpindi",03064208469
97728-4171772-7,FBR-100830,P. Smith,5958086,334452,Filer,"Kothi 342, Gulberg, Karachi",03134127950
51464-7318282-4,FBR-100831,Michelle A. Ramsey,6398787,217122,Filer,"Flat 926, Bahria Town, Lahore",03411201912
86007-6474519-6,FBR-100832,Nicole A. Rogers,4271950,141950,Filer,"Flat 821, Johar Town, Islamabad",03562226352
30768-9199735-5,FBR-100833,Katrina Hansen,2358391,59297,Filer,"House 504, DHA, Karachi",03833276833
66110-2386059-7,FBR-100834,Chaudhry Michael Ramos,1713086,14096,Non-Filer,"Flat 601, Johar Town, Rawalpindi",03553819964
10572-2464083-3,FBR-100835,Elizabeth Watson,3620507,223847,Filer,"House 386, Model Town, Lahore",03489413198
89448-8304246-8,FBR-100836,Chaudhry Steven Cummings,5779718,425073,Filer,"Flat 84, Gulberg, Islamabad",03014651183
22789-1598709-8,FBR-100837,David A. Alvarez,2270538,261351,Filer,"Flat 220, DHA, Islamabad",03393304877
46424-7216175-4,FBR-100838,David Campbell,3587947,390041,Filer,"Kothi 788, Johar Town, Islamabad",03574755236
69797-6330063-7,FBR-100839,Matthew A. Smith,3334739,164643,Filer,"Kothi 982, DHA, Lahore",03228682666
28991-5952073-1,FBR-100840,Mr. Elizabeth Jacobs,3121572,252542,Filer,"Plot 361, Gulberg, Karachi",03115111635
44041-9495695-1,FBR-100841,Chaudhry Riley Bates,4705465,346260,Filer,"Kothi 490, DHA, Lahore",03640236728
20720-1577315-4,FBR-100842,Rachel Nelson,2365825,141104,Filer,"Kothi 616, Gulberg, Lahore",03807534456
48141-6758373-3,FBR-100843,Mr. Jason Carson,789780,10882,Non-Filer,"Plot 661, DHA, Karachi",03702299155
75555-5366723-6,FBR-100844,Mr. Rachael Vasquez,1417754,36568,Filer,"Plot 168, Bahria Town, Rawalpindi",03965229666
39338-5197413-5,FBR-100845,Chaudhry Chase Lawson,2155153,69884,Filer,"House 227, Bahria Town, Islamabad",03833113851
18268-7427857-9,FBR-100846,K. Hale,873861,31975,Filer,"Kothi 218, DHA, Rawalpindi",03037822206
71558-6247128-1,FBR-100847,Jesse A. Gordon,2259891,197404,Filer,"Kothi 238, Gulberg, Rawalpindi",03211059613
79471-4287251-5,FBR-100848,C. Miller,3751797,449446,Filer,"Plot 534, DHA, Islamabad",03403721072
63102-3814297-3,FBR-100849,A. Jensen,2328162,27545,Filer,"Kothi 481, Gulberg, Islamabad",03123647143
83822-7168314-2,FBR-100850,K. Hill,998250,536,Non-Filer,"Kothi 781, Johar Town, Islamabad",03751013783
31250-6751311-2,FBR-100851,Sara Mcgee,4003065,280452,Filer,"Flat 389, DHA, Karachi",03176858694
75361-5741450-6,FBR-100852,Jessica White,4294095,461865,Filer,"Kothi 592, Johar Town, Karachi",03789497654
51137-1480897-6,FBR-100853,M. Nguyen,6870498,811530,Filer,"Plot 470, DHA, Islamabad",03536322302
69670-7198766-6,FBR-100854,Darren Harris,6696717,354609,Filer,"Kothi 973, Bahria Town, Karachi",03935199339
57231-4159777-4,FBR-100855,Mr. Spencer Lynch,6377858,592842,Filer,"Flat 301, Bahria Town, Lahore",03060743304
65114-1165106-4,FBR-100856,Robert A. White,4139895,277882,Filer,"House 211, Johar Town, Lahore",03777539214
41097-2851560-5,FBR-100857,Mr. Danielle Wiley,2900141,223558,Filer,"House 198, Johar Town, Lahore",03060329856
44939-1826122-7,FBR-100858,Melinda Jones,604502,9201,Non-Filer,"House 993, Model Town, Islamabad",03768504402
84511-1148341-9,FBR-100859,Johnny A. Palmer,6520686,390227,Filer,"Kothi 359, Johar Town, Karachi",03509442941
11712-4401230-3,FBR-100860,Dwayne A. Ward,5811701,256735,Filer,"Plot 105, Bahria Town, Lahore",03942926692
45055-9649694-6,FBR-100861,Shawn Moon,2648672,166807,Filer,"Kothi 415, DHA, Lahore",03088729612
88192-8121213-2,FBR-100862,M. Murphy,5190977,506476,Filer,"Flat 527, Bahria Town, Rawalpindi",03985610657
57739-1370361-1,FBR-100863,James A. Williams,5550442,249579,Filer,"House 438, Johar Town, Rawalpindi",03245161870
31118-7237727-6,FBR-100864,Chaudhry Daniel Garcia,4955438,517980,Filer,"Plot 368, Model Town, Islamabad",03027038794
81240-3376720-3,FBR-100865,Brian Ramirez,3025434,341749,Filer,"Plot 156, Bahria Town, Lahore",03434159121
87140-3093661-3,FBR-100866,Mr. Patricia Hall,2201226,132731,Filer,"Flat 515, Johar Town, Lahore",03221717037
83461-9331191-7,FBR-100867,Cassandra A. Robles,4504272,344246,Filer,"Kothi 557, DHA, Lahore",03294053238
40956-8091105-3,FBR-100868,John Zavala,801241,58689,Filer,"Plot 948, DHA, Karachi",03560793153
56846-5051287-2,FBR-100869,Julie A. PhD,1642759,24912,Filer,"Kothi 604, Gulberg, Rawalpindi",03445825548
53977-8992144-1,FBR-100870,Mr. Heather Simpson,887280,8450,Non-Filer,"Plot 999, DHA, Rawalpindi",03562059039
75941-5007057-1,FBR-100871,Mr. Karen Turner,4765683,315223,Filer,"Plot 203, DHA, Islamabad",03486522692
20769-6563923-2,FBR-100872,Michele A. Vargas,2344910,43490,Filer,"Flat 665, DHA, Rawalpindi",03923548629
50438-2244674-9,FBR-100873,Karina Stephens,4380678,449924,Filer,"Kothi 251, Bahria Town, Karachi",03587003928
50022-8246946-6,FBR-100874,Chaudhry Thomas Harrell,6876770,776398,Filer,"House 724, Johar Town, Rawalpindi",03105746193
31753-1761954-8,FBR-100875,Laurie Banks,5535078,383205,Filer,"House 868, Bahria Town, Lahore",03741725209
47343-9504263-1,FBR-100876,Pamela A. Fields,1947565,30176,Filer,"Flat 49, DHA, Karachi",03663600379
76930-7785194-3,FBR-100877,Thomas A. Arroyo,1128913,33428,Filer,"Plot 686, Bahria Town, Rawalpindi",03622742946
43942-8614597-2,FBR-100878,M. Juarez,4683158,402818,Filer,"Plot 925, Gulberg, Lahore",03526217028
39193-7683573-2,FBR-100879,Louis A. Henry,886493,13228,Non-Filer,"Plot 418, DHA, Islamabad",03541143536
57753-6619840-4,FBR-100880,Chaudhry Beth Sandoval,5838240,457138,Filer,"Flat 678, Model Town, Karachi",03868582785
14967-7723583-7,FBR-100881,M. Anderson,3166700,306165,Filer,"Kothi 71, Bahria Town, Lahore",03313464819
19234-1953825-9,FBR-100882,Samantha A. Wang,6666885,335928,Filer,"Plot 270, DHA, Rawalpindi",03348311941
75837-9194711-5,FBR-100883,Travis Dawson,4218712,355164,Filer,"Plot 102, Gulberg, Rawalpindi",03274601636
48265-2064723-8,FBR-100884,Chaudhry Brian Wright,4904532,171776,Filer,"Plot 145, DHA, Rawalpindi",03378083899
67321-3131622-1,FBR-100885,Mr. Aaron Holt,4123956,485983,Filer,"Plot 593, DHA, Lahore",03989339870
24796-6402932-4,FBR-100886,Chaudhry Beth Johnson,4470143,520670,Filer,"House 227, Johar Town, Islamabad",03056219933
55609-3861310-6,FBR-100887,Kevin A. Clements,2931402,308555,Filer,"Kothi 730, Model Town, Karachi",03722951886
67380-8347419-3,FBR-100888,D. Young,3139886,326957,Filer,"House 136, DHA, Rawalpindi",03707723350
40827-3606788-5,FBR-100889,B. Martinez,5925352,628134,Filer,"House 118, Gulberg, Lahore",03219089965
98014-4707724-1,FBR-100890,Mr. Linda Phillips,3487275,191927,Filer,"Plot 44, Model Town, Lahore",03851657577
50112-6340408-9,FBR-100891,Mr. Rachel Davis,1813665,121252,Filer,"Kothi 993, Johar Town, Karachi",03253849559
50784-9702983-4,FBR-100892,Sean A. Rice,1820582,61488,Filer,"Kothi 745, Model Town, Karachi",03076558902
58981-6951438-9,FBR-100893,Chaudhry Daniel Brooks MD,2890898,323752,Filer,"Plot 635, Model Town, Karachi",03481145412
76045-1375493-7,FBR-100894,Monica A. DDS,822815,25498,Filer,"Kothi 681, Johar Town, Karachi",03336250540
15715-9922591-5,FBR-100895,Joyce Bailey,6753803,722501,Filer,"Flat 122, Gulberg, Islamabad",03725667789
77815-8991842-4,FBR-100896,Chaudhry Lisa Lee,6656146,699995,Filer,"Kothi 558, Model Town, Islamabad",03632843874
62694-1534213-5,FBR-100897,Aaron A. Rodriguez,2476855,24005,Filer,"Kothi 329, Bahria Town, Rawalpindi",03649515953
56916-6140451-8,FBR-100898,Harold Bailey,5903353,294579,Filer,"Flat 89, Model Town, Karachi",03214997779
40645-8250667-5,FBR-100899,J. Gordon,4544689,389271,Filer,"Flat 711, DHA, Islamabad",03153776810
81881-2021242-6,FBR-100900,Chaudhry Jacob Berg,3321622,276774,Filer,"Flat 420, DHA, Rawalpindi",03476485792
89736-9804247-5,FBR-100901,Amy Frost,3509138,338654,Filer,"Plot 349, Model Town, Rawalpindi",03138100521
24230-4120906-8,FBR-100902,Joel A. Gray,5832579,586740,Filer,"House 379, Bahria Town, Islamabad",03405579405
73858-1725239-3,FBR-100903,Chaudhry Ronald Humphrey,2983184,248261,Filer,"Flat 870, Gulberg, Rawalpindi",03664754887
47823-8067034-3,FBR-100904,M. Harrington,1127985,30186,Filer,"Flat 158, Bahria Town, Karachi",03817583265
56166-5713264-1,FBR-100905,George Shelton,1122469,39768,Filer,"Plot 340, DHA, Karachi",03974847960
17064-8167611-7,FBR-100906,Crystal A. Evans,2396390,218122,Filer,"Plot 156, Model Town, Lahore",03756573752
24596-5556914-8,FBR-100907,K. Wolfe,857415,569,Non-Filer,"Kothi 610, Model Town, Lahore",03262884050
61374-7544049-3,FBR-100908,J. Jones,3932286,233378,Filer,"Kothi 801, DHA, Islamabad",03750851340
24951-6386583-6,FBR-100909,Mr. Christopher Anderson,1117286,11271,Non-Filer,"Plot 696, DHA, Karachi",03475301692
37112-1341893-4,FBR-100910,C. Simmons,2777922,121474,Filer,"Flat 101, Bahria Town, Karachi",03241949100
40584-8906930-6,FBR-100911,A. Brady,498272,9220,Non-Filer,"House 38, Johar Town, Islamabad",03164703365
77636-2510067-9,FBR-100912,Jeffrey A. Carr,844781,52707,Filer,"Kothi 126, Bahria Town, Karachi",03242666772
67738-6223196-7,FBR-100913,Chaudhry Jerry Salazar,5682226,672108,Filer,"Flat 16, Bahria Town, Lahore",03785040065
53506-7701559-4,FBR-100914,Mr. Brandy Moses,2445750,17180,Non-Filer,"Kothi 250, Model Town, Karachi",03300696297
59441-1636911-9,FBR-100915,Jason A. Bernard,4215731,468362,Filer,"Flat 276, Gulberg, Rawalpindi",03065950701
71315-1228442-1,FBR-100916,Jared A. Simpson,460428,9578,Non-Filer,"Kothi 474, Bahria Town, Karachi",03426251105
88537-8877083-9,FBR-100917,Julie Jacobs,6545242,734461,Filer,"Kothi 164, DHA, Islamabad",03688150051
67727-2525784-5,FBR-100918,Karen Martinez,1141490,10152,Non-Filer,"Kothi 893, Bahria Town, Lahore",03091013340
18844-2568747-2,FBR-100919,R. Knight,3184144,256420,Filer,"Plot 378, DHA, Rawalpindi",03484916264
63784-9519280-8,FBR-100920,C. Bailey,2431810,43702,Filer,"Flat 942, Model Town, Islamabad",03358786687
32180-2681216-9,FBR-100921,Heather Stone,3715054,404360,Filer,"Kothi 117, Model Town, Islamabad",03836117216
80918-4515111-4,FBR-100922,Michael A. Green,2004655,52956,Filer,"Kothi 367, Model Town, Islamabad",03517440135
47222-2416912-6,FBR-100923,S. Delacruz,1191184,38736,Filer,"House 375, Johar Town, Islamabad",03132294726
28029-6510260-2,FBR-100924,Chaudhry Anthony Miller,5796518,545505,Filer,"Flat 166, Gulberg, Lahore",03432488133
57297-4728772-7,FBR-100925,Jerry A. Perez,4290576,342467,Filer,"House 166, Bahria Town, Rawalpindi",03103701626
57278-7809808-5,FBR-100926,Emily Stevens,6398828,259727,Filer,"Plot 177, Gulberg, Karachi",03790232540
59144-1977245-1,FBR-100927,P. Fowler,6713361,638165,Filer,"Kothi 225, Model Town, Rawalpindi",03479601696
98565-1707612-8,FBR-100928,Mr. Nicholas Steele,6081580,318205,Filer,"Kothi 821, Bahria Town, Karachi",03017638634
18843-3927561-3,FBR-100929,Chaudhry Eduardo Zavala,1865386,193529,Filer,"Flat 831, Johar Town, Karachi",03736745902
90353-3879701-9,FBR-100930,A. Jones,3118591,121937,Filer,"Flat 298, Johar Town, Karachi",03621753973
73357-2866768-3,FBR-100931,T. Crawford,3052884,104511,Filer,"Flat 317, Model Town, Karachi",03478080134
81589-4727706-8,FBR-100932,Mr. Kevin Allen,2307873,52786,Filer,"Flat 581, Bahria Town, Islamabad",03395937528
74695-8524159-9,FBR-100933,Mr. Eric Smith,2391793,39017,Filer,"Plot 842, DHA, Lahore",03826003646
20589-1556898-9,FBR-100934,Mr. Jesus Cook,3199015,293751,Filer,"Plot 274, DHA, Karachi",03355867158
78251-1392024-1,FBR-100935,Chaudhry Kristine Long,4755000,277013,Filer,"Plot 451, DHA, Rawalpindi",03878034619
79826-5003977-3,FBR-100936,Amber Potter,4202354,424858,Filer,"Plot 322, Model Town, Lahore",03244635338
27261-6646759-6,FBR-100937,Chaudhry Annette Collins,5756440,430363,Filer,"House 932, DHA, Lahore",03960797632
91808-3026855-1,FBR-100938,Mr. Anthony Anderson,2809513,165546,Filer,"Plot 719, Model Town, Islamabad",03899053139
49414-2465946-4,FBR-100939,Chaudhry Steven Hampton,6125257,372592,Filer,"Kothi 618, Model Town, Lahore",03610694621
17721-5803533-4,FBR-100940,Michael A. Lee,1859805,179659,Filer,"Flat 94, Johar Town, Rawalpindi",03697167369
90260-3407615-7,FBR-100941,T. Key,1461129,43419,Filer,"Kothi 386, Gulberg, Karachi",03279033263
38895-5717168-5,FBR-100942,Jesse A. Johnson,6597258,765848,Filer,"Plot 137, Model Town, Rawalpindi",03628748161
15977-4759365-2,FBR-100943,Sarah A. Stevens,429846,13683,Non-Filer,"Plot 451, Model Town, Rawalpindi",03434559347
76826-6837500-9,FBR-100944,Mr. Kenneth Blake,3959830,153706,Filer,"Kothi 28, Johar Town, Islamabad",03045300755
62586-4518757-3,FBR-100945,C. Cole,2764341,182018,Filer,"Flat 509, Gulberg, Karachi",03593493650
78766-3585178-7,FBR-100946,Larry Mora,4343085,402222,Filer,"Plot 484, Johar Town, Karachi",03322726690
35933-5173090-6,FBR-100947,J. Anderson,545550,1151,Non-Filer,"House 271, Model Town, Islamabad",03835188090
93310-3033250-8,FBR-100948,Adam Hamilton,4942875,433413,Filer,"Flat 386, Johar Town, Karachi",03618497094
51381-8337912-1,FBR-100949,Chaudhry Jennifer Newton,2058366,114660,Filer,"Flat 261, Bahria Town, Karachi",03769351295
32272-5899933-2,FBR-100950,Chaudhry Robert Schneider,1991489,215418,Filer,"Kothi 835, Gulberg, Rawalpindi",03585886811
98257-8328129-4,FBR-100951,Christy Carroll,813513,53053,Filer,"House 160, Gulberg, Karachi",03693039478
76789-3501611-6,FBR-100952,Susan A. Ward,2485389,237888,Filer,"Plot 660, Gulberg, Rawalpindi",03614303622
46383-3498340-2,FBR-100953,Mr. Melissa Valdez,4758193,169932,Filer,"Plot 740, Johar Town, Karachi",03181582210
31135-8969927-9,FBR-100954,K. Wood,2446930,148459,Filer,"Plot 451, Johar Town, Rawalpindi",03145699438
22992-1280547-4,FBR-100955,Jacob A. Mclaughlin,3069694,137981,Filer,"Kothi 40, Johar Town, Lahore",03168410357
80504-8303857-4,FBR-100956,Mr. Aaron Bowen,1325980,11630,Non-Filer,"Flat 646, Johar Town, Karachi",03431521417
85082-3884921-6,FBR-100957,Mr. William Rivera,2248212,57747,Filer,"Flat 107, Gulberg, Lahore",03324742371
94324-3644522-5,FBR-100958,Mr. Mark Martin,4076809,191422,Filer,"Plot 259, Johar Town, Lahore",03203659386
17852-1847100-4,FBR-100959,Chaudhry Holly Cook,6489325,526967,Filer,"Plot 211, DHA, Islamabad",03128649700
43118-2447710-5,FBR-100960,Mr. Nicole Mccarthy,739762,6698,Non-Filer,"Kothi 187, Model Town, Lahore",03108482782
49337-8742753-4,FBR-100961,Mr. Joseph Preston,4140927,419105,Filer,"Flat 249, Gulberg, Lahore",03900065639
39289-1138614-2,FBR-100962,Dr. Matthew Thomas,5544207,473147,Filer,"Flat 768, DHA, Rawalpindi",03371177266
74265-1387084-4,FBR-100963,Mitchell Rogers,3454361,370911,Filer,"Plot 360, DHA, Islamabad",03097974692
60884-7908022-9,FBR-100964,Mr. Donna Hunt,1494594,40271,Filer,"Kothi 230, Model Town, Rawalpindi",03949405814
19527-9592102-8,FBR-100965,Chaudhry Marcus Newton,4837875,147165,Filer,"Kothi 599, Johar Town, Rawalpindi",03207082345
45980-3989111-7,FBR-100966,E. Morales,2753899,143271,Filer,"Kothi 217, DHA, Karachi",03412264368
70470-5112275-9,FBR-100967,Mr. Daniel Mercer,2131870,47059,Filer,"House 82, Model Town, Rawalpindi",03903501232
11166-1222871-5,FBR-100968,Mr. Elizabeth Cole,2185837,27659,Filer,"Kothi 648, Bahria Town, Karachi",03245821327
71602-3197317-5,FBR-100969,Sarah Bowen,5574550,603622,Filer,"Kothi 730, Bahria Town, Karachi",03749276116
94228-7594852-1,FBR-100970,Chaudhry Brandon Price,4659231,533383,Filer,"Flat 23, Gulberg, Rawalpindi",03254157296
52597-9721703-4,FBR-100971,John Schultz,671144,5750,Non-Filer,"Flat 70, Bahria Town, Lahore",03126455400
97863-2325289-5,FBR-100972,Jennifer Smith,4518398,189179,Filer,"House 810, Model Town, Islamabad",03075164792
81544-3724283-2,FBR-100973,Daniel Johnson,5432421,179309,Filer,"House 749, DHA, Islamabad",03381034968
13297-7185815-3,FBR-100974,S. Rodriguez,1616923,148716,Filer,"Kothi 652, Johar Town, Rawalpindi",03753493498
26037-2976217-9,FBR-100975,Sandra Goodwin,1852767,57159,Filer,"Kothi 308, Gulberg, Rawalpindi",03336429275
60212-2790460-7,FBR-100976,Samuel A. Heath,6136651,320993,Filer,"Plot 390, Bahria Town, Islamabad",03338453169
72944-7353722-7,FBR-100977,Justin Adams,2069844,214494,Filer,"Flat 855, DHA, Lahore",03601899398
95416-8532312-5,FBR-100978,Stephen A. Murray,5682743,577279,Filer,"Plot 158, Gulberg, Rawalpindi",03809241507
89895-5633368-6,FBR-100979,B. Moon,5917323,274384,Filer,"Plot 618, Johar Town, Karachi",03294175625
65755-3494386-5,FBR-100980,Jerry Thomas,1721867,133505,Filer,"Plot 126, Johar Town, Lahore",03970058822
64556-2371260-1,FBR-100981,Cynthia A. Anderson,6463414,239603,Filer,"Kothi 680, Model Town, Rawalpindi",03797831428
18266-2716901-2,FBR-100982,Kathleen A. King,3166395,141408,Filer,"Kothi 309, Johar Town, Lahore",03607538668
59212-7108592-3,FBR-100983,Mrs. A. Lopez,3319052,392327,Filer,"Kothi 91, DHA, Lahore",03430143032
29806-9451828-4,FBR-100984,Garrett Wright,1185160,13097,Non-Filer,"House 835, DHA, Karachi",03942971798
89215-9684895-2,FBR-100985,Mr. Kyle Cross,3422993,222923,Filer,"Plot 297, Gulberg, Rawalpindi",03018478028
43014-5042995-6,FBR-100986,Mr. David Thomas,1248647,65432,Filer,"House 577, DHA, Rawalpindi",03641198105
50017-1979810-2,FBR-100987,T. King,6966700,316773,Filer,"House 439, DHA, Karachi",03460913833
87018-5660976-8,FBR-100988,Kerri A. Carroll,2624125,233918,Filer,"Flat 192, Johar Town, Rawalpindi",03994064934
12803-5725096-8,FBR-100989,D. Martinez,806892,12085,Non-Filer,"Flat 307, Johar Town, Islamabad",03453554577
93683-9542035-2,FBR-100990,Chaudhry Mary Chavez,3128895,218683,Filer,"House 821, Johar Town, Rawalpindi",03872630767
54619-4839866-6,FBR-100991,Amy Powell,6995622,711907,Filer,"House 325, Johar Town, Islamabad",03800015274
50378-7272462-4,FBR-100992,Chaudhry Michele Davis,1179952,1218,Non-Filer,"Kothi 936, Johar Town, Islamabad",03834961659
87999-5043828-7,FBR-100993,D. Wallace,3267727,378237,Filer,"Kothi 264, Johar Town, Karachi",03338025881
27683-3147454-9,FBR-100994,K. Faulkner,2962308,97020,Filer,"House 82, Model Town, Karachi",03655877155
57233-5347195-4,FBR-100995,Chaudhry Crystal Randall,4741125,560950,Filer,"Kothi 474, Bahria Town, Lahore",03350860512
49368-2753042-3,FBR-100996,Mr. William Lee,1069411,53394,Filer,"Kothi 658, Johar Town, Rawalpindi",03914859434
15652-4206164-7,FBR-100997,Chaudhry Mrs. Yvette Jacobs,1903861,61173,Filer,"Kothi 702, Gulberg, Karachi",03120042191
59099-5794459-7,FBR-100998,William A. Dean,1633608,109371,Filer,"Kothi 528, Gulberg, Karachi",03789747131
61186-3363345-9,FBR-100999,Mr. Emily Richardson MD,5046916,162195,Filer,"Flat 570, Gulberg, Lahore",03220819999
20694-5037515-2,FBR-101000,Chaudhry Tracy Walker,2257896,200972,Filer,"Plot 854, Model Town, Islamabad",03313426845
70189-8974321-6,FBR-101001,A. Ingram MD,1780983,129439,Filer,"Flat 616, Model Town, Karachi",03897679330
81551-3965836-3,FBR-101002,M. Kyle Sullivan,874722,64673,Filer,"House 160, Johar Town, Karachi",03900356834
72706-6646611-2,FBR-101003,Chaudhry Megan George,5339112,255535,Filer,"Plot 147, Johar Town, Karachi",03256301137
53134-5841927-5,FBR-101004,Lisa Perez,2164553,35198,Filer,"House 274, Bahria Town, Rawalpindi",03222164320
11584-8307187-4,FBR-101005,R. Ball,1945760,10825,Non-Filer,"Kothi 478, DHA, Rawalpindi",03071939241
92748-7294180-1,FBR-101006,Chaudhry Valerie Orozco,852159,63509,Filer,"House 984, Bahria Town, Rawalpindi",03012528758
43159-5034844-1,FBR-101007,Rebecca A. Christian,1711185,104805,Filer,"House 474, Gulberg, Lahore",03887857517
42266-8523023-5,FBR-101008,D. Schultz,6837564,675054,Filer,"Plot 994, DHA, Islamabad",03004765353
85222-1534456-2,FBR-101009,A. Young,4754986,228419,Filer,"House 644, Johar Town, Rawalpindi",03376462578
82061-3457368-7,FBR-101010,Kathleen A. Ramsey,632625,14578,Non-Filer,"Plot 917, Johar Town, Rawalpindi",03336297062
44845-6800235-7,FBR-101011,Chaudhry Sean Jones,1012869,10588,Non-Filer,"Plot 196, DHA, Islamabad",03620155187
88536-8276499-4,FBR-101012,Chaudhry Sydney Beasley,1437834,13691,Non-Filer,"Flat 581, Model Town, Lahore",03847901867
75659-7226096-9,FBR-101013,Christopher A. King,1802015,135387,Filer,"House 40, Model Town, Islamabad",03891097147
94631-5365539-5,FBR-101014,Jordan A. Holloway,1546284,19224,Non-Filer,"Kothi 797, Johar Town, Rawalpindi",03178060554
68913-8747558-8,FBR-101015,Mr. Timothy White,5436598,509372,Filer,"Flat 943, DHA, Karachi",03581626544
24858-5164571-3,FBR-101016,James Wall,4472330,242240,Filer,"Plot 139, Bahria Town, Rawalpindi",03416326025
97484-6609266-4,FBR-101017,Shawn A. Wood,2724753,158974,Filer,"Flat 746, Gulberg, Rawalpindi",03705900199
16098-3909818-1,FBR-101018,Chaudhry Michael Jarvis,5666278,322534,Filer,"Plot 457, DHA, Lahore",03940092244
69316-1518114-1,FBR-101019,Victoria A. Joyce,5740222,286023,Filer,"Kothi 762, Gulberg, Lahore",03927098935
64216-4891992-3,FBR-101020,Chaudhry Charles Davis,5934983,411644,Filer,"House 601, Gulberg, Karachi",03862384871
54483-6114356-8,FBR-101021,R. Martinez,4284829,193619,Filer,"Kothi 405, DHA, Lahore",03605485815
52337-1625731-7,FBR-101022,Chaudhry Stephanie Berg,4777481,348326,Filer,"Plot 227, Model Town, Lahore",03669910163
13516-2573252-1,FBR-101023,Chaudhry Dennis Robertson,6361617,521909,Filer,"Kothi 880, Gulberg, Rawalpindi",03584355568
58971-2655641-7,FBR-101024,Mr. Bruce Steele,2397504,103118,Filer,"Flat 13, Gulberg, Islamabad",03145959792
63656-2098562-8,FBR-101025,Jerry A. Brooks,5602634,588413,Filer,"Kothi 107, Gulberg, Lahore",03534072786
63004-2714250-8,FBR-101026,Jason Montgomery,6912962,270474,Filer,"Kothi 820, Johar Town, Lahore",03637099442
25177-8879291-5,FBR-101027,Chaudhry Dustin Shaw,6747656,671856,Filer,"House 621, Gulberg, Islamabad",03756099937
97605-1046912-8,FBR-101028,Chaudhry Andrew Parker,1174328,11011,Non-Filer,"Plot 360, Johar Town, Rawalpindi",03645205028
59661-2736426-5,FBR-101029,Mr. Kenneth Alvarez,6922542,437184,Filer,"House 340, Model Town, Karachi",03650761812
84282-7702709-1,FBR-101030,Mr. James Sloan,3542613,197480,Filer,"Kothi 472, Johar Town, Karachi",03117966110
91696-9019698-5,FBR-101031,John Martinez,2368365,193394,Filer,"House 722, Model Town, Lahore",03978194255
29373-6375153-1,FBR-101032,K. Weeks,1138882,11357,Non-Filer,"Plot 32, Bahria Town, Islamabad",03600435514
41207-7395767-4,FBR-101033,Angela A. Jones,2660693,201931,Filer,"Flat 630, Johar Town, Karachi",03371403582
23236-5147367-8,FBR-101034,M. Ramirez,2401528,31310,Filer,"Kothi 975, Model Town, Karachi",03386695463
68760-3935625-9,FBR-101035,T. Alvarez,3751775,144434,Filer,"Flat 958, Model Town, Lahore",03043287074
79189-5541978-8,FBR-101036,Chaudhry Tiffany Bass,6113282,271176,Filer,"House 959, DHA, Karachi",03499883359
10124-7663670-9,FBR-101037,Dr. Aaron Morgan,1774047,161591,Filer,"House 335, Model Town, Lahore",03650353464
30420-7371036-3,FBR-101038,Kimberly A. Howard,4401313,314795,Filer,"Flat 555, DHA, Lahore",03314902309
70235-9511063-3,FBR-101039,K. Stevens,5111837,466556,Filer,"Kothi 841, DHA, Karachi",03521323876
30162-6154514-4,FBR-101040,A. Parker,2398693,219464,Filer,"House 56, Model Town, Lahore",03743028820
33846-8348865-9,FBR-101041,Robin A. Hawkins,2613680,121937,Filer,"Flat 854, Bahria Town, Karachi",03816356929
51095-7586412-3,FBR-101042,J. Rose,1915581,69626,Filer,"Kothi 283, Model Town, Karachi",03162181582
27739-7241086-3,FBR-101043,Mr. Michael King,3887441,461167,Filer,"Plot 712, DHA, Lahore",03247751570
36436-6138295-1,FBR-101044,Mr. Javier Rodriguez,1120142,754,Non-Filer,"Flat 331, DHA, Islamabad",03224314088
98912-8829962-9,FBR-101045,Whitney Hernandez,4445114,502194,Filer,"Plot 454, DHA, Lahore",03565658093
55744-7743905-3,FBR-101046,Joshua A. Gomez,3808497,171747,Filer,"Plot 213, DHA, Lahore",03130520961
21969-7731553-2,FBR-101047,Chaudhry Danny Green,5719980,603507,Filer,"Plot 253, Gulberg, Lahore",03101975690
63633-8542832-2,FBR-101048,Chaudhry Kristin Dickerson,1088307,59234,Filer,"House 407, Model Town, Karachi",03303675572
41726-8308605-6,FBR-101049,A. Mejia,3415065,207099,Filer,"Kothi 545, Model Town, Karachi",03631806708
60471-2124206-5,FBR-101050,Chaudhry Crystal White,6433178,522097,Filer,"Kothi 289, Model Town, Lahore",03364833479
38069-8327367-6,FBR-101051,Donald Brooks,6003950,284941,Filer,"Kothi 290, Bahria Town, Rawalpindi",03181789456
49804-7372788-2,FBR-101052,Clarence Evans,1596741,60059,Filer,"House 461, DHA, Rawalpindi",03487614486
66044-5301726-8,FBR-101053,Haley Cabrera,1158160,14700,Non-Filer,"Flat 405, DHA, Karachi",03776593295
75795-3626372-9,FBR-101054,Mark A. Lewis,4082073,425274,Filer,"Kothi 196, DHA, Rawalpindi",03418978237
60119-6753896-7,FBR-101055,L. Gilbert,6374993,685673,Filer,"House 571, DHA, Rawalpindi",03453626256
96517-3617435-5,FBR-101056,K. Smith,1147407,7079,Non-Filer,"Kothi 528, Bahria Town, Islamabad",03476964317
52531-8482712-8,FBR-101057,J. Wiggins,4199650,449520,Filer,"Flat 935, Johar Town, Rawalpindi",03646963492
90225-3330989-3,FBR-101058,Mr. Wanda Kennedy,4777078,201312,Filer,"Flat 656, Johar Town, Lahore",03325147786
64178-1419648-5,FBR-101059,Lori A. Dunlap,3268770,249686,Filer,"Kothi 384, Bahria Town, Rawalpindi",03733148875
12645-8859237-7,FBR-101060,Mr. Lauren Tapia MD,1792572,30850,Filer,"Plot 715, DHA, Lahore",03267096564
93484-4712513-5,FBR-101061,Mr. Jack Brown,2703738,314629,Filer,"Kothi 208, Gulberg, Islamabad",03787077178
85563-8623170-7,FBR-101062,Chaudhry Karen Beck,3416627,318613,Filer,"Flat 399, DHA, Karachi",03032007417
19020-6175880-9,FBR-101063,Amanda A. Young,5224400,396387,Filer,"House 598, Gulberg, Rawalpindi",03869296968
96659-6888913-7,FBR-101064,Nicholas Hughes,3372239,331393,Filer,"Plot 246, Johar Town, Rawalpindi",03301289359
53188-5194852-7,FBR-101065,Mr. Jamie Rose,1211700,44807,Filer,"Flat 506, Gulberg, Lahore",03504034341
75480-9574209-4,FBR-101066,Chaudhry Lisa Marshall,2031225,61762,Filer,"House 833, Bahria Town, Lahore",03360401534
55326-6000063-2,FBR-101067,R. Johnson,4449018,514295,Filer,"Plot 243, Gulberg, Islamabad",03286354996
67885-7867541-9,FBR-101068,Mr. Zachary Garcia,1015726,8698,Non-Filer,"House 44, DHA, Karachi",03928512633
97496-4474950-2,FBR-101069,Mr. Brenda Garcia,3463260,221510,Filer,"Kothi 157, Johar Town, Islamabad",03469611535
57378-2122958-3,FBR-101070,M. Tucker,3059589,118970,Filer,"Flat 671, Gulberg, Karachi",03262684366
26295-1735614-2,FBR-101071,Mr. Christopher Morgan,5748007,593553,Filer,"Kothi 333, DHA, Rawalpindi",03049924776
91988-5683836-6,FBR-101072,B. Larson,2689382,103637,Filer,"Kothi 239, Model Town, Karachi",03023345922
71306-4044047-3,FBR-101073,Jessica A. Ramirez,4188915,279420,Filer,"Kothi 969, Model Town, Karachi",03474757394
88097-7588842-9,FBR-101074,Chaudhry Kelsey Osborne,2441591,14695,Non-Filer,"House 196, Model Town, Islamabad",03703603077
98103-5588073-9,FBR-101075,T. Thomas,2081774,248698,Filer,"Plot 655, DHA, Islamabad",03678443532
60313-4869789-6,FBR-101076,A. Berry,4675572,534016,Filer,"House 10, Gulberg, Rawalpindi",03789559938
92896-7237533-5,FBR-101077,Melissa Dawson,4623579,145661,Filer,"Kothi 238, Johar Town, Karachi",03918212176
49145-4497037-6,FBR-101078,A. Johnson,1820627,57222,Filer,"Kothi 587, Model Town, Rawalpindi",03615192925
20875-1167124-1,FBR-101079,Jesse Rogers,3038038,328452,Filer,"Kothi 646, Model Town, Rawalpindi",03243327552
37293-8302836-9,FBR-101080,J. Lee MD,5830090,594317,Filer,"Plot 502, DHA, Rawalpindi",03327074828
38588-6472476-8,FBR-101081,Mr. Stacy Robinson,432845,12248,Non-Filer,"House 712, Model Town, Islamabad",03316716256
97244-3297365-8,FBR-101082,J. Rice,3094628,319590,Filer,"Plot 292, Johar Town, Rawalpindi",03956042947
88362-4083894-4,FBR-101083,Carly A. Barajas,2360335,29533,Filer,"Flat 408, Model Town, Lahore",03190034685
22573-5979307-6,FBR-101084,Chaudhry Patrick Morris,2158345,53809,Filer,"Plot 592, Bahria Town, Karachi",03465711938
64254-5788336-2,FBR-101085,Chaudhry Jerry Reynolds,4161023,177790,Filer,"Flat 770, Johar Town, Karachi",03311511939
22639-6090116-5,FBR-101086,Anita Anderson MD,5915515,515658,Filer,"Kothi 277, Gulberg, Islamabad",03170553893
98951-6764771-5,FBR-101087,A. Haney,1543425,95963,Filer,"House 228, Model Town, Karachi",03899798852
52077-4329652-7,FBR-101088,Chaudhry Victor Doyle,1790829,187291,Filer,"Flat 920, Model Town, Lahore",03815138413
94822-6183462-5,FBR-101089,A. Cummings,4585678,203236,Filer,"House 526, Model Town, Karachi",03142868332
37801-7128766-2,FBR-101090,Joe Cortez,4592502,397197,Filer,"Flat 351, DHA, Karachi",03816600012
65995-5195626-2,FBR-101091,Mr. Cory Perkins,3819163,391745,Filer,"Kothi 511, Model Town, Islamabad",03877253688
78935-9679092-1,FBR-101092,Mr. Brianna Scott,756094,3409,Non-Filer,"Flat 431, Johar Town, Islamabad",03793936655
83631-4046581-8,FBR-101093,A. Fleming,6843658,684299,Filer,"Kothi 338, Bahria Town, Karachi",03713492030
43818-2654733-4,FBR-101094,Anthony Kidd,4662640,441186,Filer,"Plot 909, Bahria Town, Lahore",03258107589
35827-9782032-4,FBR-101095,Melissa Wood,1605266,113419,Filer,"Plot 549, Gulberg, Islamabad",03514192717
75316-7265752-1,FBR-101096,Mr. Isabel Davis,3848198,428286,Filer,"Plot 682, Bahria Town, Rawalpindi",03300171643
77855-8988948-4,FBR-101097,Mr. Cameron Banks,4216695,334298,Filer,"House 729, Model Town, Lahore",03079881761
21208-5599454-6,FBR-101098,William Schwartz,2989034,300975,Filer,"House 498, Bahria Town, Karachi",03548577546
92754-2615936-9,FBR-101099,Chaudhry Michele Khan,2994392,249666,Filer,"Plot 882, Gulberg, Karachi",03516522999
49768-4648457-6,FBR-101100,L. Norris,4320294,182212,Filer,"Kothi 81, Gulberg, Islamabad",03187083518
62164-4476162-6,FBR-101101,Mr. Aaron Lambert,1794001,17086,Non-Filer,"House 990, Gulberg, Rawalpindi",03878486215
36252-4338957-9,FBR-101102,C. Ellis,5060608,239998,Filer,"House 706, Gulberg, Karachi",03209503033
88745-2677314-6,FBR-101103,G. Stevens,6794180,286666,Filer,"Plot 105, Bahria Town, Islamabad",03848955068
57410-2311615-7,FBR-101104,S. Brewer,4958595,164862,Filer,"House 769, Johar Town, Lahore",03791052778
48937-7449956-8,FBR-101105,Jason Ruiz,505967,4907,Non-Filer,"Kothi 277, Model Town, Islamabad",03766750775
81450-1423072-4,FBR-101106,Brian A. Rodriguez,4117513,244231,Filer,"Kothi 182, DHA, Karachi",03404805566
55123-8131566-4,FBR-101107,Matthew Burns,2617490,237640,Filer,"House 980, DHA, Lahore",03258789012
89420-3120866-1,FBR-101108,Kristina Garcia,1976707,50012,Filer,"Kothi 450, Johar Town, Islamabad",03509285618
46072-1490241-7,FBR-101109,Chaudhry Jessica Smith,6157329,256260,Filer,"Flat 541, DHA, Islamabad",03570921368
27915-8739445-4,FBR-101110,F. Smith,4981340,574471,Filer,"Plot 249, Bahria Town, Lahore",03106378606
93345-5523782-3,FBR-101111,Chaudhry Miss Mary Hall,842508,66851,Filer,"Kothi 424, Model Town, Lahore",03286034019
66982-8031987-1,FBR-101112,J. Hernandez,5641208,384694,Filer,"House 511, Johar Town, Lahore",03514799192
63110-3282240-8,FBR-101113,Mr. Barry James,1848138,64042,Filer,"Kothi 180, Bahria Town, Rawalpindi",03106694277
27230-9448520-7,FBR-101114,Chaudhry Yvonne Romero,4208893,338733,Filer,"Flat 273, DHA, Karachi",03118865725
25107-8713710-6,FBR-101115,Tricia A. Thomas,2352218,216542,Filer,"House 912, Johar Town, Karachi",03029403265
77864-4610446-3,FBR-101116,Mr. Traci Fuller,3104205,245404,Filer,"House 95, Model Town, Karachi",03833862290
51048-4833829-2,FBR-101117,Claudia A. Arnold,2999319,104230,Filer,"House 429, Bahria Town, Lahore",03532512320
22134-9012015-8,FBR-101118,E. Becker,1143344,12050,Non-Filer,"Plot 777, Gulberg, Islamabad",03375296711
92969-4457109-3,FBR-101119,D. Simmons,5766946,290922,Filer,"Kothi 795, Gulberg, Karachi",03174670778
15562-6772780-9,FBR-101120,Jerry Robinson,2247499,16756,Non-Filer,"Plot 824, Model Town, Lahore",03572701718
37546-8396913-2,FBR-101121,Manuel A. Anderson,6343961,355284,Filer,"House 742, Model Town, Karachi",03418240966
99659-1798474-5,FBR-101122,A. Hopkins,1565035,163466,Filer,"House 506, Johar Town, Rawalpindi",03324413564
85049-1899332-3,FBR-101123,Mr. Stephanie Marshall,6724316,525703,Filer,"Flat 437, Gulberg, Lahore",03899459239
66658-5029188-9,FBR-101124,Chaudhry Edward Davis,5995418,455322,Filer,"Flat 530, Gulberg, Karachi",03132904336
65947-5382760-6,FBR-101125,Chaudhry Patrick Diaz,6297139,523144,Filer,"Flat 996, Johar Town, Lahore",03003433474
67750-1284035-6,FBR-101126,Mr. Norma Smith,3113402,359210,Filer,"House 405, Gulberg, Rawalpindi",03643475033
32937-3011875-6,FBR-101127,M. Moore,5456731,328266,Filer,"House 245, Johar Town, Lahore",03375463780
29835-1861728-5,FBR-101128,Mr. Valerie Williams,2405326,221344,Filer,"Kothi 690, Model Town, Lahore",03710823159
40827-5044365-8,FBR-101129,Chaudhry Ian Wade,5128901,197720,Filer,"Flat 846, Gulberg, Rawalpindi",03598501229
60784-2958130-4,FBR-101130,Mr. Ryan Davis,1019351,24801,Filer,"Plot 818, Model Town, Lahore",03071749990
55812-8704616-3,FBR-101131,Justin A. Montgomery,5790595,271990,Filer,"House 435, Bahria Town, Lahore",03816457715
68337-8943802-3,FBR-101132,D. Wright,1074106,14576,Non-Filer,"House 713, Johar Town, Lahore",03082383691
65173-7860605-4,FBR-101133,E. Cardenas,5222074,617362,Filer,"House 602, Bahria Town, Rawalpindi",03417344623
54907-4646741-6,FBR-101134,David Andrade,6970253,652800,Filer,"House 451, Johar Town, Karachi",03652733974
77883-6547288-2,FBR-101135,Victoria Wallace,4181845,182510,Filer,"Flat 893, Johar Town, Lahore",03785674440
24520-5201445-7,FBR-101136,Angela A. Davidson,4532801,327995,Filer,"Plot 654, Johar Town, Islamabad",03370127922
14445-8515110-2,FBR-101137,Nicole Chavez,4339220,416987,Filer,"Flat 574, Bahria Town, Karachi",03674133905
50121-9989336-3,FBR-101138,Mr. Diana Morris,2373172,215796,Filer,"Flat 261, Johar Town, Islamabad",03415588919
68544-3617693-5,FBR-101139,Benjamin Wright,3684616,310567,Filer,"Flat 719, Gulberg, Karachi",03125044184
89711-3775201-4,FBR-101140,Kayla Patrick,673024,824,Non-Filer,"Kothi 135, Bahria Town, Islamabad",03945231414
32731-7628663-5,FBR-101141,Savannah A. Mccoy,2636746,102944,Filer,"Kothi 874, Gulberg, Rawalpindi",03849993490
30285-7125507-1,FBR-101142,Nathan A. Gonzalez,2125268,14671,Non-Filer,"Kothi 847, Model Town, Karachi",03892820148
78858-6595594-4,FBR-101143,Mr. Samantha Freeman,2856971,125068,Filer,"Kothi 279, Bahria Town, Karachi",03124178594
57129-8729902-9,FBR-101144,Chaudhry Martin Ponce,5025239,500014,Filer,"Plot 141, Bahria Town, Islamabad",03201264666
99326-5449029-1,FBR-101145,Shannon Mclaughlin,1319774,51060,Filer,"Kothi 191, DHA, Islamabad",03392028479
21983-4550382-2,FBR-101146,D. Sanchez,1682472,187063,Filer,"Flat 564, Gulberg, Islamabad",03123451221
88411-5170369-5,FBR-101147,Michele Johnson,5101370,443975,Filer,"Flat 807, Model Town, Lahore",03845072419
84166-2904522-1,FBR-101148,Holly Jensen,6501550,710115,Filer,"House 169, Johar Town, Islamabad",03357904550
79247-2310867-7,FBR-101149,Chaudhry Melissa Roman,1595487,43912,Filer,"Plot 248, Gulberg, Islamabad",03673490754
69557-1771399-5,FBR-101150,Tammy A. Martinez,2810081,213639,Filer,"Flat 869, DHA, Rawalpindi",03184078338
95598-6979687-9,FBR-101151,C. Hawkins,1772439,57545,Filer,"Flat 727, DHA, Karachi",03467842794
89345-6435022-5,FBR-101152,Angel Hale,1056117,6219,Non-Filer,"Flat 280, Johar Town, Lahore",03647629997
40683-1728003-2,FBR-101153,Jason Smith,2004756,110564,Filer,"Kothi 359, Johar Town, Karachi",03273086561
95757-8314959-6,FBR-101154,Beverly Sanchez,2127156,153107,Filer,"Flat 254, Bahria Town, Islamabad",03692179592
33543-2859602-9,FBR-101155,J. Hamilton,1608289,29025,Filer,"Plot 32, Bahria Town, Islamabad",03562879880
77345-9625275-8,FBR-101156,Ashley A. Reynolds,617855,14886,Non-Filer,"Plot 567, Gulberg, Rawalpindi",03688261813
31678-1703733-6,FBR-101157,Jessica Patel,1353305,36577,Filer,"House 19, Model Town, Karachi",03966291861
13364-2006831-3,FBR-101158,Mr. Sara Murray,6563831,638335,Filer,"Plot 312, Model Town, Lahore",03411576654
76387-3649269-7,FBR-101159,Chaudhry David Bailey,3183403,236931,Filer,"Plot 556, Model Town, Islamabad",03833001428
33024-3244694-8,FBR-101160,Mr. Joe Cardenas,6763164,664883,Filer,"Plot 457, Gulberg, Karachi",03085923834
26633-6083769-7,FBR-101161,Mr. Taylor Esparza,5355274,444362,Filer,"Plot 565, Model Town, Karachi",03960228614
62920-7204638-2,FBR-101162,Chaudhry Mark Calderon,4074738,208540,Filer,"Flat 621, Gulberg, Lahore",03002624468
80221-2972333-5,FBR-101163,J. Harper,4917799,534628,Filer,"House 156, Model Town, Islamabad",03892591339
63410-1317142-9,FBR-101164,M. Chen,6728736,207984,Filer,"House 104, Bahria Town, Rawalpindi",03989516352
44079-6323700-1,FBR-101165,Rebekah Mitchell,3806469,415708,Filer,"Plot 767, Model Town, Lahore",03616545831
58701-6828919-6,FBR-101166,Chaudhry Randall Smith,786527,1915,Non-Filer,"Plot 947, Gulberg, Rawalpindi",03880110648
95534-1733308-6,FBR-101167,Chaudhry Elizabeth Hernandez,693912,13010,Non-Filer,"Flat 329, Johar Town, Lahore",03765468081
51230-1932857-6,FBR-101168,Nathan A. Hughes,1556333,58795,Filer,"Kothi 701, Model Town, Islamabad",03641355978
68904-5592862-3,FBR-101169,V. Avila,1051173,61146,Filer,"House 821, Model Town, Lahore",03750579919
35570-8223860-1,FBR-101170,Mr. Stephen Lane,4620097,205772,Filer,"House 830, Johar Town, Islamabad",03798915222
82611-4029829-7,FBR-101171,F. Robinson,2748083,328095,Filer,"House 137, Bahria Town, Lahore",03716681959
99126-3328020-8,FBR-101172,Matthew A. Combs,2921722,124371,Filer,"House 954, Bahria Town, Lahore",03526006726
39541-1178642-4,FBR-101173,Chaudhry Michelle Garrison,1012133,1997,Non-Filer,"Plot 387, Johar Town, Karachi",03987654364
30480-9849660-7,FBR-101174,Taylor Zimmerman,6518247,367367,Filer,"Kothi 829, Model Town, Lahore",03294906370
40416-6301054-5,FBR-101175,D. Underwood,4075553,366907,Filer,"Kothi 947, DHA, Islamabad",03052659163
67170-3119498-8,FBR-101176,Michelle A. Pratt,2490970,124656,Filer,"Plot 577, Johar Town, Islamabad",03557196338
95343-1121010-8,FBR-101177,K. Neal,2267303,60389,Filer,"Plot 10, Model Town, Rawalpindi",03225307527
62146-7256269-1,FBR-101178,D. Alvarez,972855,7476,Non-Filer,"Kothi 47, DHA, Rawalpindi",03566604541
20006-2483994-7,FBR-101179,Mr. Regina Collins,6141699,442316,Filer,"Flat 239, Model Town, Rawalpindi",03619527270
94878-2311435-8,FBR-101180,Kevin A. Walter,711110,4575,Non-Filer,"Kothi 594, Model Town, Islamabad",03443938215
73756-4646425-7,FBR-101181,M. Howard,5493466,211829,Filer,"House 424, DHA, Islamabad",03607174099
26535-8088839-4,FBR-101182,Karen A. Avila,2233991,61561,Filer,"Plot 227, Bahria Town, Karachi",03610560475
54733-1392557-7,FBR-101183,Mr. Samuel Galloway,4491207,252073,Filer,"Flat 294, DHA, Lahore",03032295657
79224-8021616-5,FBR-101184,Mr. Lindsey Miller,5470398,511518,Filer,"Kothi 612, Model Town, Karachi",03456877376
71748-8622180-8,FBR-101185,Mr. Fred Wallace,3849926,327081,Filer,"Flat 411, DHA, Lahore",03556864472
71080-6413938-3,FBR-101186,M. Allen,4002214,457040,Filer,"House 875, Gulberg, Karachi",03303345033
40275-5548735-6,FBR-101187,Chaudhry Eric Rodriguez,3344774,164480,Filer,"House 337, DHA, Islamabad",03183952208
55777-7498855-2,FBR-101188,Dean A. Thomas,3453845,170324,Filer,"Flat 339, Model Town, Islamabad",03433639729
28635-3950085-1,FBR-101189,Mr. John Briggs,1062496,44657,Filer,"House 473, Johar Town, Islamabad",03323780985
38800-9420056-2,FBR-101190,J. Clark,3822015,246925,Filer,"House 383, Bahria Town, Rawalpindi",03872453690
80106-5328066-6,FBR-101191,Mr. Michael Sullivan,1825114,16038,Non-Filer,"Flat 548, DHA, Lahore",03868956711
79904-5425649-9,FBR-101192,Julie A. Hughes,4464114,500069,Filer,"Flat 75, Johar Town, Rawalpindi",03555696533
85454-5307314-1,FBR-101193,Mr. Katherine Mcpherson,1431418,63205,Filer,"Flat 427, DHA, Islamabad",03621316538
43367-1273245-6,FBR-101194,Mr. Kristopher Richardson,3432510,204579,Filer,"House 596, DHA, Karachi",03453332586
82323-9876934-8,FBR-101195,Alan A. Guzman,6153409,557656,Filer,"House 609, Model Town, Lahore",03582284154
79780-5274372-6,FBR-101196,Chaudhry Nathaniel Martin,6382175,409834,Filer,"House 148, DHA, Rawalpindi",03543545242
68897-4961230-3,FBR-101197,Chaudhry Eric Wright,3764938,324667,Filer,"Flat 958, Johar Town, Islamabad",03087063138
72166-5208741-7,FBR-101198,Mr. Carolyn Olson,6875370,237467,Filer,"Plot 87, DHA, Lahore",03169900567
29177-8371344-6,FBR-101199,C. Zavala,4239135,313813,Filer,"Plot 419, Gulberg, Islamabad",03977810816
66233-4230285-1,FBR-101200,Chaudhry Shannon Smith,916589,4485,Non-Filer,"House 845, Johar Town, Karachi",03049765599
26778-5285935-8,FBR-101201,D. Baker,861748,65088,Filer,"Plot 732, DHA, Lahore",03477835367
88499-7115429-6,FBR-101202,Shaun Reed,2410007,56173,Filer,"House 62, Gulberg, Islamabad",03354774303
41083-5054204-2,FBR-101203,Mr. David Medina,6275436,399192,Filer,"Kothi 215, DHA, Karachi",03240674628
24111-4862396-4,FBR-101204,Evan Scott,1699986,15749,Non-Filer,"House 450, Johar Town, Lahore",03942363186
52510-8295896-6,FBR-101205,Joyce A. Turner,622397,13247,Non-Filer,"Kothi 957, Bahria Town, Rawalpindi",03219849289
71733-3642476-6,FBR-101206,A. Sanchez,4839553,287093,Filer,"Kothi 816, Gulberg, Karachi",03862015479
80161-2703499-2,FBR-101207,B. Austin,457114,12448,Non-Filer,"Kothi 575, Gulberg, Lahore",03265138354
19604-5033708-6,FBR-101208,D. Brown,5619159,425548,Filer,"Plot 86, Johar Town, Rawalpindi",03898040105
71949-8927303-7,FBR-101209,B. Lucas DDS,5946520,423205,Filer,"Plot 625, Gulberg, Rawalpindi",03591003537
34391-8778499-5,FBR-101210,Chaudhry Robert Ray,1675352,17494,Non-Filer,"House 918, Johar Town, Karachi",03839354671
53064-7248869-4,FBR-101211,Mr. Mr. Anthony Brennan II,4201840,376459,Filer,"Plot 254, Gulberg, Rawalpindi",03507690440
76002-9297637-7,FBR-101212,Chaudhry James Hickman,4208958,237126,Filer,"Plot 209, Bahria Town, Islamabad",03323366945
53398-2094744-2,FBR-101213,Joshua Holloway,6701911,791356,Filer,"Flat 121, Gulberg, Karachi",03311558300
70594-8862355-1,FBR-101214,Mr. Russell Wolfe,1588798,41692,Filer,"Kothi 74, Johar Town, Lahore",03595176877
78329-8241789-4,FBR-101215,E. Evans,3451668,253886,Filer,"House 539, Bahria Town, Karachi",03797354649
55103-7939153-6,FBR-101216,Christopher Simon,4171033,143417,Filer,"Plot 367, Johar Town, Karachi",03575660763
81024-5412524-4,FBR-101217,D. Linda Watkins MD,1551561,65571,Filer,"House 965, Bahria Town, Islamabad",03906524951
75613-1971738-1,FBR-101218,Becky Sanchez,4769881,464691,Filer,"Flat 15, Johar Town, Lahore",03899334727
13216-7552442-9,FBR-101219,Mr. Brittany Williams,5788655,331298,Filer,"Kothi 765, Gulberg, Islamabad",03084368254
12168-8574480-3,FBR-101220,Chaudhry Natasha Olsen,1728461,188719,Filer,"House 162, Gulberg, Islamabad",03297192096
84859-5481186-9,FBR-101221,D. York,3354041,206615,Filer,"Kothi 21, Model Town, Islamabad",03672197328
55729-1302558-2,FBR-101222,B. Davis,5007967,584295,Filer,"House 925, Gulberg, Lahore",03513895107
78716-8004531-2,FBR-101223,Kelsey Smith,1962991,104167,Filer,"Kothi 829, DHA, Lahore",03574391399
45243-1224356-7,FBR-101224,Mr. Donald Hawkins,1931258,55397,Filer,"House 899, Johar Town, Karachi",03818495680
61868-4718084-2,FBR-101225,Chaudhry Cindy Douglas,3073943,334959,Filer,"Flat 623, DHA, Rawalpindi",03809064437
84440-3774157-9,FBR-101226,Angela A. MD,2269354,205141,Filer,"House 85, Bahria Town, Karachi",03498983944
39657-3923092-6,FBR-101227,Chaudhry Christine Matthews,1392708,32111,Filer,"Flat 401, DHA, Islamabad",03803769629
67003-3149029-9,FBR-101228,Mr. Katherine Wells,6442636,221920,Filer,"Kothi 204, Model Town, Lahore",03828551528
36541-6646636-7,FBR-101229,S. Chavez,1682423,50600,Filer,"Plot 763, Gulberg, Karachi",03001432242
50536-1688821-6,FBR-101230,Kaitlyn Bowen,1759806,65761,Filer,"Kothi 588, Bahria Town, Rawalpindi",03351409801
84318-7457375-2,FBR-101231,David Wolf,5935670,338967,Filer,"House 100, DHA, Islamabad",03744368812
80960-3068950-8,FBR-101232,Chaudhry Randall Garcia,2466885,59805,Filer,"House 885, DHA, Lahore",03283321150
36990-1616502-3,FBR-101233,Ana Young,3527531,198828,Filer,"Plot 636, Johar Town, Rawalpindi",03577736226
61739-5011211-5,FBR-101234,Cynthia A. West,4051666,123188,Filer,"Flat 153, Model Town, Rawalpindi",03004451554
32552-8527025-5,FBR-101235,Jessica A. Hamilton,4001671,304464,Filer,"Kothi 61, Model Town, Karachi",03886350557
80789-4815603-8,FBR-101236,Elizabeth A. Ortiz,6281863,356759,Filer,"Flat 932, Johar Town, Islamabad",03871480340
95139-1010293-9,FBR-101237,Chaudhry Christopher Evans,5736605,298720,Filer,"Plot 76, DHA, Karachi",03536824293
96250-3198523-1,FBR-101238,Mr. Michael Jones,513455,3176,Non-Filer,"Plot 507, Bahria Town, Lahore",03340984773
81067-5343923-6,FBR-101239,Amber A. Shaw,3628812,345864,Filer,"Kothi 839, Bahria Town, Rawalpindi",03853474951
10323-5361819-4,FBR-101240,Jasmine A. Alvarez,1025001,2119,Non-Filer,"Flat 139, Gulberg, Islamabad",03507825090
57168-6482114-6,FBR-101241,M. Sanchez,3787665,413925,Filer,"Plot 20, Johar Town, Islamabad",03233541690
87931-9269473-1,FBR-101242,Chaudhry Amy Anderson,3276737,240729,Filer,"Plot 83, Gulberg, Rawalpindi",03064312153
96104-4444819-8,FBR-101243,Heather Meadows,637097,3956,Non-Filer,"Plot 126, Johar Town, Rawalpindi",03496909224
83564-2968224-1,FBR-101244,Erin A. Graham,3290424,392013,Filer,"Flat 189, Johar Town, Karachi",03856235563
92373-7340983-9,FBR-101245,Mark Watts,5193703,294620,Filer,"House 674, DHA, Karachi",03871411323
85225-5988867-2,FBR-101246,Chaudhry Jacob Schwartz,1855436,182480,Filer,"House 176, Gulberg, Islamabad",03780501243
25215-4360573-7,FBR-101247,Christopher Cruz,2681060,152966,Filer,"Flat 959, Bahria Town, Islamabad",03983596773
63103-2945760-7,FBR-101248,Chaudhry Sharon Gray,1231337,66922,Filer,"Plot 260, Gulberg, Rawalpindi",03451559539
23135-8125682-9,FBR-101249,Derek A. Flynn,826168,5422,Non-Filer,"Plot 167, Bahria Town, Islamabad",03083658744
29668-3383676-9,FBR-101250,Mr. Christopher Nichols,1583166,88325,Filer,"Plot 506, Johar Town, Karachi",03792134689
37107-5056529-3,FBR-101251,Mr. Karen Howe,2244062,63710,Filer,"Plot 401, DHA, Rawalpindi",03055913990
55908-6357012-2,FBR-101252,Mr. Benjamin Curtis,6538541,264826,Filer,"Plot 66, Johar Town, Lahore",03750291770
13490-2576261-2,FBR-101253,M. Garcia,2010089,36141,Filer,"House 792, Model Town, Karachi",03012968909
87234-8064493-9,FBR-101254,Chaudhry Ashley Richardson,4208201,394207,Filer,"Flat 384, Gulberg, Rawalpindi",03598135512
83449-3722259-9,FBR-101255,Mr. Thomas Alexander,6926335,308163,Filer,"House 994, Model Town, Karachi",03195120821
38367-3759016-7,FBR-101256,Chaudhry David Smith,2164719,223130,Filer,"Kothi 931, Bahria Town, Rawalpindi",03238528376
71520-4710216-2,FBR-101257,E. Owens,845913,2900,Non-Filer,"Kothi 806, Gulberg, Rawalpindi",03413135120
45172-6060463-7,FBR-101258,Drew Edwards,3964458,213529,Filer,"Flat 728, Gulberg, Lahore",03238683038
68596-9346730-6,FBR-101259,Zachary Marshall,3616862,432982,Filer,"House 670, Gulberg, Karachi",03540727911
79790-6172094-5,FBR-101260,Peter Galvan,6778991,407987,Filer,"House 502, Gulberg, Lahore",03330045919
19249-3880376-8,FBR-101261,Megan A. Mayer,1773648,170145,Filer,"Kothi 994, Model Town, Rawalpindi",03346713463
75547-5648391-9,FBR-101262,Justin A. Rogers,4816514,542256,Filer,"Flat 398, Johar Town, Karachi",03674323287
70112-1308831-9,FBR-101263,J. Liu,4604118,443911,Filer,"House 994, Model Town, Islamabad",03300868003
29698-6901519-6,FBR-101264,Chaudhry Charles Smith MD,4768085,193242,Filer,"Flat 761, Gulberg, Rawalpindi",03530677162
89287-1087593-3,FBR-101265,Mr. Ashley Gallagher,4081421,217142,Filer,"Plot 990, Bahria Town, Islamabad",03581143492
39474-7701358-6,FBR-101266,C. Trevino DVM,2451482,62530,Filer,"Kothi 134, Johar Town, Rawalpindi",03937699086
86551-9713316-1,FBR-101267,Ashley A. Hall,3333990,306296,Filer,"Plot 343, DHA, Karachi",03381266668
80038-2118112-5,FBR-101268,Brian A. Moran,3714179,260458,Filer,"Flat 427, Gulberg, Islamabad",03935233154
59270-9468365-6,FBR-101269,L. Perez,3318071,114216,Filer,"Plot 283, Johar Town, Karachi",03952764184
39183-9128494-5,FBR-101270,Miguel A. Reynolds,3012388,163458,Filer,"Plot 499, Johar Town, Lahore",03988524863
37575-8870711-2,FBR-101271,Mr. Clinton Garcia,5775878,491174,Filer,"Kothi 518, Model Town, Lahore",03426187276
25369-2685992-6,FBR-101272,Mr. Jonathon Garza,4865552,547669,Filer,"Kothi 834, Bahria Town, Rawalpindi",03997907778
20282-9018783-6,FBR-101273,Mr. Andrew Smith,1466675,33160,Filer,"Flat 873, Bahria Town, Rawalpindi",03970792122
26565-1835648-3,FBR-101274,Dana A. Allen,1718791,200084,Filer,"Plot 588, Gulberg, Karachi",03763687327
39425-9058073-5,FBR-101275,Mr. Pamela Fields,2084277,241826,Filer,"Kothi 7, DHA, Rawalpindi",03801407915
44530-4933890-9,FBR-101276,Chaudhry Shaun Pruitt,2530821,239008,Filer,"Flat 882, DHA, Islamabad",03450470020
87936-1844642-5,FBR-101277,Chaudhry Edgar Davis,1208825,52554,Filer,"Plot 934, Bahria Town, Karachi",03203221552
90763-9592853-8,FBR-101278,Lauren A. Barker,6988461,444894,Filer,"Plot 482, DHA, Karachi",03461572047
37456-6783304-5,FBR-101279,Mr. Miss Tammy Contreras,2242872,234133,Filer,"Flat 854, DHA, Islamabad",03060612161
70795-2156463-4,FBR-101280,Mr. William Jones,1200118,58513,Filer,"Kothi 261, Gulberg, Karachi",03408466993
43636-2902932-3,FBR-101281,M. Bennett,6270477,625867,Filer,"Plot 519, Bahria Town, Rawalpindi",03287788289
31890-2756484-6,FBR-101282,Pamela A. Miranda,1581706,100519,Filer,"Kothi 332, Johar Town, Rawalpindi",03958523808
33793-4121249-3,FBR-101283,Mr. Mrs. Erica Moore,1706664,48770,Filer,"Flat 978, Gulberg, Lahore",03465506088
90086-9105796-2,FBR-101284,Mr. Sarah Myers,6385248,371276,Filer,"House 769, DHA, Rawalpindi",03672756392
31006-4747146-2,FBR-101285,Joseph A. Jordan,6192994,507458,Filer,"Plot 241, DHA, Islamabad",03602796988
21305-2277033-7,FBR-101286,D. Morales,1278344,43406,Filer,"Flat 101, DHA, Karachi",03843155076
80698-9531960-2,FBR-101287,Caleb Scott,2905608,195821,Filer,"Kothi 594, Gulberg, Islamabad",03275078122
22287-6496173-2,FBR-101288,Mr. Lisa Mullins,1931693,68384,Filer,"House 410, DHA, Islamabad",03691731115
16866-4948728-5,FBR-101289,Mr. Anita Murphy,6743308,744828,Filer,"House 993, Model Town, Islamabad",03037730709
26304-8930607-4,FBR-101290,Brian A. Sanford,4008098,380073,Filer,"Kothi 122, Bahria Town, Karachi",03281740846
26996-1079628-3,FBR-101291,David Graham,752248,6466,Non-Filer,"House 982, DHA, Lahore",03284092081
33004-5398422-5,FBR-101292,A. Sanchez,3230638,219241,Filer,"Plot 888, DHA, Lahore",03500354844
54080-5010479-9,FBR-101293,Elizabeth Maxwell,1042907,16062,Non-Filer,"House 186, Johar Town, Karachi",03910545112
90447-8068783-9,FBR-101294,Shannon Johnson,2284357,24435,Filer,"House 117, DHA, Karachi",03216156028
33391-1832390-2,FBR-101295,Richard Payne,6541555,705066,Filer,"House 296, Model Town, Rawalpindi",03920846426
81629-7693106-6,FBR-101296,Ashley Meadows,5163979,401139,Filer,"Kothi 987, DHA, Karachi",03640358429
19161-8571874-1,FBR-101297,Mr. Autumn Mcgee,5806727,581283,Filer,"Flat 695, Gulberg, Rawalpindi",03964459049
85680-7390673-7,FBR-101298,M. Beard,1932035,17651,Non-Filer,"Plot 54, Johar Town, Islamabad",03776260114
86375-8941504-1,FBR-101299,David Kim,6376456,691173,Filer,"Plot 21, Johar Town, Islamabad",03534841534
51170-9954783-8,FBR-101300,Andrea Swanson,4962579,345551,Filer,"Kothi 934, DHA, Islamabad",03817005148
24998-5294737-3,FBR-101301,Mr. Curtis Carney,6075623,478383,Filer,"House 546, Bahria Town, Rawalpindi",03720502276
75478-5020775-6,FBR-101302,M. Jennifer Lee PhD,4207696,312444,Filer,"Flat 260, Bahria Town, Islamabad",03193687448
99062-7228694-4,FBR-101303,P. Smith DDS,5445163,393689,Filer,"Flat 73, Johar Town, Lahore",03151679540
13418-6031260-6,FBR-101304,Mr. Alexander Delacruz,3189971,156821,Filer,"Kothi 270, Model Town, Karachi",03565617741
59550-7123573-4,FBR-101305,M. Whitney Jr.,6024086,595405,Filer,"House 698, Gulberg, Lahore",03404110316
25341-4642448-9,FBR-101306,David Martinez,4239210,492393,Filer,"Flat 879, DHA, Islamabad",03154600329
93879-9203736-8,FBR-101307,Joel A. Martinez,4057312,244385,Filer,"Kothi 481, DHA, Islamabad",03931509419
46871-1531228-8,FBR-101308,George A. Tyler,1355672,19269,Non-Filer,"House 960, Gulberg, Rawalpindi",03839189150
10282-6397267-6,FBR-101309,Stacy A. Ingram,3177470,327116,Filer,"Plot 89, Johar Town, Lahore",03953223883
76744-8980643-6,FBR-101310,Alicia A. Sanders,3311895,306048,Filer,"Plot 781, Bahria Town, Lahore",03902237623
61296-1514110-6,FBR-101311,Andrew Levy,1589870,46738,Filer,"Kothi 612, DHA, Lahore",03362596096
14692-7425647-8,FBR-101312,Erica Andrews,6516026,367156,Filer,"House 617, Bahria Town, Lahore",03088492573
55194-3087774-2,FBR-101313,C. Cole,6791700,216517,Filer,"Plot 198, DHA, Islamabad",03469947891
70747-7913553-6,FBR-101314,Matthew A. Key,444666,9028,Non-Filer,"Plot 187, Johar Town, Islamabad",03541042288
10978-2989828-2,FBR-101315,Megan A. Thompson,2484804,68206,Filer,"Kothi 898, DHA, Islamabad",03526857033
33814-6569102-3,FBR-101316,Briana Miller,2494695,83304,Filer,"Kothi 728, DHA, Karachi",03336465907
28669-2768047-2,FBR-101317,John Moore,3676318,218344,Filer,"Kothi 959, Model Town, Rawalpindi",03550233248
20652-6389311-3,FBR-101318,Rebecca Wilson,4723952,298784,Filer,"Plot 505, Johar Town, Islamabad",03474434286
43499-6019120-4,FBR-101319,Craig Jones,2352538,15804,Non-Filer,"Kothi 578, Model Town, Rawalpindi",03254587821
50256-4832465-3,FBR-101320,Chaudhry Michael Salinas,3362763,378954,Filer,"Plot 304, Gulberg, Islamabad",03773350759
96244-7357035-2,FBR-101321,Mr. Nicholas Watson,1979718,202780,Filer,"Flat 490, DHA, Islamabad",03968050906
93442-6128030-2,FBR-101322,L. Brown,2439373,277503,Filer,"House 98, Gulberg, Karachi",03736071491
52037-1806405-7,FBR-101323,Miss A. Rowe,1735591,152668,Filer,"Kothi 821, Bahria Town, Karachi",03949644531
19623-8900937-3,FBR-101324,Brian Berg,2975232,351885,Filer,"Flat 300, DHA, Rawalpindi",03572654808
74549-3156592-7,FBR-101325,Mr. Matthew Foster,6662420,709732,Filer,"House 692, Model Town, Rawalpindi",03757103959
15170-5304400-9,FBR-101326,Julie Stafford,1233031,31805,Filer,"House 670, Model Town, Karachi",03709932092
74090-5063175-5,FBR-101327,M. Huerta,2620045,263799,Filer,"Kothi 825, DHA, Karachi",03949023985
89292-5486221-5,FBR-101328,S. Wilcox,5471044,338211,Filer,"Plot 261, DHA, Rawalpindi",03499089067
58415-7066516-9,FBR-101329,Mr. Joseph Briggs,506537,14591,Non-Filer,"House 783, Johar Town, Islamabad",03279703940
74205-8305107-9,FBR-101330,Amber A. Rubio,2659448,112230,Filer,"Kothi 72, DHA, Islamabad",03790832814
19493-3453872-9,FBR-101331,Chaudhry Andrew Schultz,3015228,334849,Filer,"House 510, Model Town, Karachi",03478815356
97850-2023064-6,FBR-101332,Kristin Fleming,2862018,177572,Filer,"House 960, Johar Town, Islamabad",03159307197
46251-9631119-4,FBR-101333,Paula A. Curtis,3756736,432048,Filer,"House 102, Model Town, Islamabad",03933222065
19770-9415355-2,FBR-101334,J. Williams,3525231,239008,Filer,"Kothi 781, Bahria Town, Islamabad",03147873119
46201-1883648-4,FBR-101335,Amanda Reyes,3147473,280263,Filer,"House 698, Bahria Town, Rawalpindi",03287394136
65739-6207149-6,FBR-101336,Michelle A. Hicks,5667967,278418,Filer,"Flat 917, Johar Town, Islamabad",03468871668
37701-1146054-9,FBR-101337,Mr. Dana Reese,2842088,229883,Filer,"House 505, DHA, Karachi",03901548386
57694-9395054-8,FBR-101338,C. Martin,5934283,390789,Filer,"House 200, Johar Town, Karachi",03239121146
18065-6343195-9,FBR-101339,Mr. Kevin Price,6772344,482623,Filer,"Plot 134, Model Town, Karachi",03260411119
56367-4152164-9,FBR-101340,Mr. Elizabeth Lee,4053327,147276,Filer,"Kothi 845, Johar Town, Karachi",03874367816
54350-2158087-6,FBR-101341,L. Mata,739166,14929,Non-Filer,"Kothi 880, Bahria Town, Islamabad",03225924409
73098-1992093-1,FBR-101342,Wendy A. Crawford,1261054,10333,Non-Filer,"House 475, Model Town, Lahore",03543202751
85821-3940199-6,FBR-101343,Christopher A. Robinson,3402941,398158,Filer,"Kothi 375, DHA, Karachi",03467508294
92635-8380686-9,FBR-101344,Chaudhry Christine Simpson,4332329,341764,Filer,"Kothi 839, Johar Town, Islamabad",03497186547
95702-9815032-8,FBR-101345,Jennifer A. Lee,2081314,69160,Filer,"Plot 211, Bahria Town, Lahore",03096855145
63238-8249276-1,FBR-101346,Mr. David Thomas,883348,41405,Filer,"House 418, Bahria Town, Lahore",03472995454
95156-3450504-5,FBR-101347,Jane A. Barber,5508183,401145,Filer,"Kothi 112, Gulberg, Rawalpindi",03054924887
64826-6483296-7,FBR-101348,Julia A. Torres,1533418,90563,Filer,"Flat 63, Johar Town, Karachi",03495078416
27375-6894070-4,FBR-101349,Chaudhry Eric Wheeler,2144025,198608,Filer,"Flat 41, Model Town, Islamabad",03185988154
33787-6035234-7,FBR-101350,Mr. Francisco Yates,5248087,521256,Filer,"Plot 326, Johar Town, Lahore",03310348252
46822-9252130-7,FBR-101351,Mr. Michael Shields,1724137,107120,Filer,"Flat 299, Bahria Town, Rawalpindi",03384383816
86526-6939705-7,FBR-101352,Autumn A. Johnson,6998108,499531,Filer,"Kothi 88, Model Town, Lahore",03202405941
73142-3461205-6,FBR-101353,N. Gaines,1513239,32362,Filer,"Plot 628, Bahria Town, Islamabad",03507701004
40647-4925135-4,FBR-101354,Beverly A. Perez,2942448,224350,Filer,"Plot 475, Bahria Town, Islamabad",03271135539
20988-2228475-8,FBR-101355,R. Brewer,5911428,288642,Filer,"Kothi 888, Johar Town, Rawalpindi",03270204854
22013-7115773-8,FBR-101356,Chaudhry Carlos Bailey,1891732,50081,Filer,"Flat 120, DHA, Lahore",03176665564
62377-2048751-6,FBR-101357,S. Mcgee,6217572,233485,Filer,"Flat 381, Johar Town, Islamabad",03598861451
12731-4521097-3,FBR-101358,Jeffrey A. Hughes,6522972,277316,Filer,"House 704, Johar Town, Karachi",03024664105
59108-8647543-3,FBR-101359,Mr. Brian Velazquez,5548668,348191,Filer,"Kothi 26, Bahria Town, Karachi",03190946848
59120-5809463-5,FBR-101360,L. Brown,6943909,807993,Filer,"Flat 447, Bahria Town, Rawalpindi",03665044339
86165-3445090-9,FBR-101361,Mr. Kristopher Smith,1863219,150941,Filer,"Kothi 282, Bahria Town, Lahore",03904938298
46838-8191446-5,FBR-101362,Chaudhry Ann Richardson,495015,8631,Non-Filer,"Flat 43, DHA, Karachi",03409657629
94895-3616018-9,FBR-101363,Brandon Foley,2028580,67288,Filer,"Flat 59, DHA, Karachi",03209814668
73793-9774637-4,FBR-101364,Chaudhry Michelle Mcintyre,1628819,151670,Filer,"Kothi 190, Johar Town, Islamabad",03444027351
35417-1814912-4,FBR-101365,Mr. Samuel Davis,2029545,50103,Filer,"Plot 650, Bahria Town, Lahore",03356414636
76966-2378269-9,FBR-101366,Marc Jackson,6486085,625279,Filer,"Kothi 368, DHA, Rawalpindi",03759562159
51949-7562585-9,FBR-101367,Suzanne A. Ryan,1814607,38068,Filer,"House 431, Johar Town, Lahore",03877720706
60635-6823492-1,FBR-101368,Hunter A. Hoffman,1626972,12904,Non-Filer,"Flat 963, Bahria Town, Rawalpindi",03077546442
89054-1905756-9,FBR-101369,Blake A. Hodge,5746501,541057,Filer,"Plot 554, DHA, Karachi",03557407472
31324-9476616-1,FBR-101370,Chaudhry Madison Warren,5246490,313505,Filer,"Kothi 23, Bahria Town, Karachi",03037137215
95667-2889401-9,FBR-101371,Mr. Erin Torres,3626548,305507,Filer,"Kothi 535, Bahria Town, Lahore",03551239137
63692-9200891-1,FBR-101372,Chaudhry Abigail Arnold MD,3569527,143001,Filer,"Plot 856, Gulberg, Lahore",03492253248
38413-3047272-7,FBR-101373,Amber A. Watson,3916931,409876,Filer,"House 601, Johar Town, Rawalpindi",03703779862
38712-1714372-8,FBR-101374,C. Hopkins,1872110,39567,Filer,"Plot 400, Gulberg, Lahore",03016021695
65939-5955318-8,FBR-101375,Mr. Mrs. Jennifer Anderson,6110451,523164,Filer,"House 407, Model Town, Karachi",03512166557
44279-9279343-1,FBR-101376,Elizabeth Dudley,6032485,650589,Filer,"House 973, Bahria Town, Islamabad",03339299438
79588-1259857-8,FBR-101377,Douglas Garcia,4808945,467075,Filer,"Kothi 954, Gulberg, Islamabad",03472709672
66655-4631790-1,FBR-101378,Mr. Jerry Adams,1175996,24577,Filer,"House 247, Gulberg, Lahore",03522006458
79495-3139695-2,FBR-101379,Hannah A. Phillips,999298,61099,Filer,"House 904, Johar Town, Karachi",03502881488
22107-3248355-6,FBR-101380,Holly Davis,3302443,360232,Filer,"Kothi 809, Johar Town, Lahore",03917385112
82488-7041217-9,FBR-101381,M. Palmer,3765876,367671,Filer,"House 553, Gulberg, Rawalpindi",03226503834
34489-7909087-3,FBR-101382,Sarah Frank,2031874,46921,Filer,"House 799, Gulberg, Lahore",03830061583
81171-9124792-6,FBR-101383,Chaudhry Gary Ramirez,1327160,18782,Non-Filer,"Flat 100, Johar Town, Lahore",03670443338
79081-4076195-6,FBR-101384,Mr. Adam Bailey,2443550,178929,Filer,"Kothi 827, Bahria Town, Rawalpindi",03673620218
28970-8873795-3,FBR-101385,James A. Daniel,947261,9008,Non-Filer,"Plot 344, Johar Town, Karachi",03967419540
68826-7961478-5,FBR-101386,Brian Owens,6227004,710137,Filer,"Kothi 402, DHA, Rawalpindi",03379723704
62321-4751718-8,FBR-101387,Mr. Kerry Johnson,4970186,590424,Filer,"Kothi 724, Gulberg, Islamabad",03299028670
96790-9276682-1,FBR-101388,Mr. Casey Brown,5356051,570230,Filer,"Plot 986, Model Town, Islamabad",03065621257
81535-5847280-3,FBR-101389,Jerry Martinez,3952363,218694,Filer,"Plot 953, DHA, Lahore",03293361539
36922-6973961-3,FBR-101390,Misty Jimenez,821618,9968,Non-Filer,"House 530, Bahria Town, Lahore",03666741249
97245-5556961-9,FBR-101391,Rachel A. Valenzuela,2197908,68462,Filer,"Flat 179, Model Town, Karachi",03205365315
68269-4912710-2,FBR-101392,J. Miller,1514195,37023,Filer,"House 677, Johar Town, Lahore",03490978678
94917-2488492-9,FBR-101393,Alexander Martin,3054264,139590,Filer,"Kothi 317, Johar Town, Karachi",03475214521
89590-9864556-3,FBR-101394,Chaudhry Bailey Mitchell,4323257,462285,Filer,"Kothi 190, DHA, Karachi",03420982507
18198-9887376-7,FBR-101395,Mr. Matthew Rodriguez,4152363,197825,Filer,"House 290, Gulberg, Lahore",03277035875
79219-5658531-2,FBR-101396,E. Green,3538047,247488,Filer,"Kothi 271, Gulberg, Lahore",03665873165
79534-3548008-3,FBR-101397,Curtis A. Smith,5852289,439052,Filer,"Kothi 859, Bahria Town, Lahore",03886562913
51032-7152978-9,FBR-101398,Chaudhry Thomas Jones,5995166,391174,Filer,"House 826, Bahria Town, Karachi",03072355427
19633-1586305-1,FBR-101399,Danielle A. Sanders,3364219,320805,Filer,"Plot 199, Model Town, Lahore",03542276166
26243-4567290-6,FBR-101400,Nathan Luna,2750347,284456,Filer,"Flat 87, Johar Town, Rawalpindi",03460308908
27022-6806328-8,FBR-101401,Jessica A. Pena,6133812,368606,Filer,"House 505, Johar Town, Lahore",03835153038
32433-9296533-2,FBR-101402,Calvin Clark,5856230,313956,Filer,"Plot 579, Johar Town, Karachi",03287418984
32273-4640082-6,FBR-101403,Mr. Martin Jones,4723533,441677,Filer,"House 226, Bahria Town, Islamabad",03877728073
90491-1406488-6,FBR-101404,Mr. Scott Mosley,5782535,463566,Filer,"House 787, Model Town, Islamabad",03171103621
21461-7041478-5,FBR-101405,Karen A. Lee,6792195,583012,Filer,"Flat 648, Bahria Town, Rawalpindi",03226935308
87662-5394524-3,FBR-101406,Chaudhry Larry Roberson,2393920,17002,Non-Filer,"Plot 308, DHA, Karachi",03028707041
92814-5477291-2,FBR-101407,J. Hamilton,3896926,334574,Filer,"Flat 7, Gulberg, Rawalpindi",03415209818
83182-2223908-9,FBR-101408,N. Figueroa,3225621,291526,Filer,"Plot 266, Johar Town, Islamabad",03974170402
73982-4459051-3,FBR-101409,M. Obrien,677769,4873,Non-Filer,"Plot 478, Johar Town, Islamabad",03491473636
10481-5511150-5,FBR-101410,Chaudhry Christopher Hull,2486212,123186,Filer,"House 995, DHA, Rawalpindi",03345692864
71616-5854598-9,FBR-101411,Eric Mccarty,6919713,322087,Filer,"Kothi 75, Bahria Town, Rawalpindi",03014779033
27129-6106309-5,FBR-101412,Chaudhry Karen Ferguson,3211766,314734,Filer,"House 881, Gulberg, Lahore",03510602019
19221-5288377-4,FBR-101413,Shannon A. MD,3107323,293438,Filer,"House 822, Johar Town, Karachi",03723969092
71034-7618838-6,FBR-101414,A. Christensen,1889960,19776,Non-Filer,"Plot 753, Johar Town, Rawalpindi",03982488321
90991-9368477-9,FBR-101415,T. Phillips,3868887,463710,Filer,"Plot 976, Model Town, Rawalpindi",03901842747
30744-6699711-5,FBR-101416,David Rodriguez,2380797,78039,Filer,"House 523, Johar Town, Karachi",03766675871
97351-9699221-1,FBR-101417,Chaudhry Cheryl Ray,1062263,58504,Filer,"Kothi 304, Gulberg, Karachi",03385674098
55883-8842879-1,FBR-101418,Mr. Brian Robinson,765154,11933,Non-Filer,"House 293, Model Town, Rawalpindi",03022652250
29662-1549542-5,FBR-101419,Mr. Carlos King,1615785,38081,Filer,"Kothi 889, Bahria Town, Islamabad",03105923794
77519-8295366-6,FBR-101420,Terri Washington MD,2465921,122229,Filer,"Kothi 681, Johar Town, Islamabad",03400982990
99244-1180122-2,FBR-101421,Jessica A. Smith,6889712,482741,Filer,"House 5, Model Town, Rawalpindi",03572327075
23856-2310008-4,FBR-101422,M. Murphy,5438155,548703,Filer,"Plot 772, Model Town, Lahore",03472626066
15452-2434408-4,FBR-101423,Mr. John Ryan,3576944,365841,Filer,"Flat 234, Bahria Town, Islamabad",03062294858
67479-3973910-3,FBR-101424,Mr. Dustin Williams,3664768,429576,Filer,"House 247, Gulberg, Lahore",03435112573
11890-1751273-2,FBR-101425,Ruth A. Reeves,6166818,511796,Filer,"Kothi 684, Bahria Town, Islamabad",03402618998
26873-6767275-6,FBR-101426,R. Conner,6452689,206461,Filer,"House 632, Johar Town, Rawalpindi",03025642895
77071-5356508-5,FBR-101427,A. Thompson,1945168,222402,Filer,"Flat 673, Gulberg, Islamabad",03894800441
95447-3013628-3,FBR-101428,Chaudhry Brian Norris,5358627,440753,Filer,"House 296, Johar Town, Islamabad",03899060873
56710-2049883-2,FBR-101429,Christine A. Martinez,4043559,419793,Filer,"Kothi 902, Model Town, Rawalpindi",03596856109
52750-8648164-3,FBR-101430,Michael Moran,2281853,97587,Filer,"Kothi 289, Model Town, Islamabad",03847879665
34174-2887751-9,FBR-101431,Crystal Evans,4584339,391110,Filer,"House 942, Bahria Town, Karachi",03156908068
57220-1275726-9,FBR-101432,Mr. George Moody,2306249,50394,Filer,"Flat 295, Model Town, Rawalpindi",03207337041
18718-5188401-4,FBR-101433,N. Fisher,2422023,163026,Filer,"House 616, Model Town, Rawalpindi",03534596346
83972-3593655-2,FBR-101434,Grace A. Cohen,3941230,456183,Filer,"Flat 946, DHA, Karachi",03137683168
26022-2730623-1,FBR-101435,C. Owens,4769631,251651,Filer,"Kothi 864, Bahria Town, Islamabad",03302717911
24457-7728087-2,FBR-101436,Chaudhry Karina Levine,4676511,339266,Filer,"Kothi 48, DHA, Islamabad",03280987376
39009-3123606-1,FBR-101437,John A. Valentine,1812583,175120,Filer,"House 435, Bahria Town, Islamabad",03758660103
98134-9130267-4,FBR-101438,Chaudhry Andrew Bond,5414428,318034,Filer,"Kothi 489, Bahria Town, Rawalpindi",03039590016
92656-3891102-1,FBR-101439,Karen Smith,3712071,268300,Filer,"Flat 908, Johar Town, Karachi",03199352948
87400-9258978-9,FBR-101440,Mr. Jerome Peck,1064592,7803,Non-Filer,"Flat 285, Bahria Town, Karachi",03091755331
69998-1082589-7,FBR-101441,John A. Pena,2313798,52042,Filer,"Plot 215, Johar Town, Lahore",03686641605
70298-9546326-8,FBR-101442,Martha Campbell,4064844,414649,Filer,"House 529, DHA, Lahore",03579239167
99133-8192450-2,FBR-101443,V. Smith,1549637,15630,Non-Filer,"Flat 421, Model Town, Islamabad",03758015735
56419-4608841-8,FBR-101444,Lori Ramirez,2635694,234247,Filer,"Flat 475, Bahria Town, Islamabad",03989721106
58651-9978817-9,FBR-101445,Trevor Cherry,3088940,270720,Filer,"Flat 164, Model Town, Rawalpindi",03647251370
78471-2843050-6,FBR-101446,Mr. Amanda Wilkerson,2010098,19614,Non-Filer,"Plot 486, Johar Town, Rawalpindi",03996204286
67487-6876421-6,FBR-101447,Alfred Turner,1873698,52208,Filer,"Kothi 780, Gulberg, Rawalpindi",03286706668
75895-7040808-3,FBR-101448,Mr. David Grant,2343332,273555,Filer,"Flat 144, DHA, Lahore",03914523135
36295-6311666-6,FBR-101449,C. Rodriguez,2522804,241795,Filer,"Plot 682, Gulberg, Rawalpindi",03710647821
27277-7896308-4,FBR-101450,T. Clark,2175547,171988,Filer,"Plot 326, DHA, Islamabad",03080455178
46240-1400427-4,FBR-101451,Chaudhry Julia Fernandez,6400514,573052,Filer,"Flat 922, Model Town, Karachi",03582031807
63098-3455638-1,FBR-101452,Mr. Jeremy Carr,599308,3999,Non-Filer,"House 562, Bahria Town, Lahore",03891814981
20637-5752682-7,FBR-101453,Diane A. Cabrera,3527760,146258,Filer,"Plot 634, Johar Town, Lahore",03974668318
39887-3645386-3,FBR-101454,Ronald A. Flores,1105814,15673,Non-Filer,"Plot 248, DHA, Lahore",03523033381
82272-2361130-4,FBR-101455,Marcus Shannon,4129842,488353,Filer,"Plot 873, Bahria Town, Lahore",03144920563
21479-5793907-3,FBR-101456,Maria Owens,5175410,180810,Filer,"House 164, Bahria Town, Lahore",03437209608
59973-6064663-2,FBR-101457,Marie Chavez,815554,58659,Filer,"House 558, Model Town, Islamabad",03881314350
15521-1634156-2,FBR-101458,Mr. Danielle Kidd,6436292,438215,Filer,"Plot 520, Bahria Town, Rawalpindi",03673077243
46606-4548925-2,FBR-101459,Omar A. Sanchez,3512633,139025,Filer,"Plot 129, DHA, Rawalpindi",03580342984
43706-3662186-9,FBR-101460,D. Roman,4938412,433456,Filer,"House 203, Model Town, Lahore",03200210695
72185-7070935-8,FBR-101461,Edward Martin,3296603,237341,Filer,"House 168, Johar Town, Islamabad",03067653723
78031-3167262-7,FBR-101462,Matthew A. Bradley,2166863,256325,Filer,"Kothi 788, Gulberg, Lahore",03069704549
34656-9325667-7,FBR-101463,Chaudhry Sarah Harrison,1805691,202764,Filer,"Plot 344, Gulberg, Lahore",03417146197
38989-6232846-4,FBR-101464,A. Nielsen,5599463,498334,Filer,"Kothi 230, Johar Town, Karachi",03090859622
21245-9653158-4,FBR-101465,Deborah Nichols,4604785,430874,Filer,"House 800, Gulberg, Rawalpindi",03520827450
32013-9349575-2,FBR-101466,Patricia Decker,638589,3683,Non-Filer,"Flat 865, DHA, Lahore",03350855301
84762-4066261-7,FBR-101467,Mr. Christine Bowman,6316587,672160,Filer,"Flat 680, Bahria Town, Karachi",03309428458
28981-3224959-4,FBR-101468,F. Nguyen,1084079,5896,Non-Filer,"House 272, Johar Town, Islamabad",03390701451
73811-6104736-7,FBR-101469,Anita Brown,2125652,64581,Filer,"House 306, DHA, Lahore",03031774948
91931-6317846-9,FBR-101470,Chaudhry Michael Salazar,1247667,61666,Filer,"House 289, Gulberg, Lahore",03316586038
20110-9550677-2,FBR-101471,A. Long,3747314,227206,Filer,"Flat 540, Bahria Town, Karachi",03779678379
33210-4683755-7,FBR-101472,Mr. Jesse Barnes,3765413,372374,Filer,"Plot 725, Model Town, Karachi",03502277045
60013-8161429-1,FBR-101473,John Smith,2014811,28450,Filer,"House 429, DHA, Lahore",03505583402
25162-3217473-3,FBR-101474,Mr. Austin Ray,4468556,304747,Filer,"House 307, Johar Town, Islamabad",03141402863
78851-5021428-1,FBR-101475,Shannon White,6270125,504219,Filer,"House 197, Bahria Town, Rawalpindi",03907158703
15367-2547407-8,FBR-101476,Mr. Olivia Donovan,1209625,12515,Non-Filer,"Flat 817, DHA, Karachi",03592997248
20278-2253273-9,FBR-101477,Kevin A. Miller,4309518,212270,Filer,"House 797, Gulberg, Lahore",03970135775
41522-9649039-6,FBR-101478,Mr. Robert Sanford,2105095,22022,Filer,"Flat 724, DHA, Rawalpindi",03949108733
43629-8325796-5,FBR-101479,F. Myers,1637009,19024,Non-Filer,"Kothi 58, Johar Town, Rawalpindi",03869319353
21806-8057639-3,FBR-101480,Mr. Jose Jackson,6053553,334934,Filer,"House 409, Johar Town, Islamabad",03016643400
62070-1195937-7,FBR-101481,Chaudhry Alan Walker,6650010,787375,Filer,"House 729, Bahria Town, Karachi",03201115065
90878-4874888-1,FBR-101482,Mr. Charles Stewart,6561530,663858,Filer,"Plot 986, Bahria Town, Islamabad",03362854459
56150-2993202-1,FBR-101483,Mr. Kristen Gomez,6779813,231872,Filer,"House 102, Model Town, Lahore",03716858907
89319-8514063-1,FBR-101484,Chaudhry Shawn Sheppard,3861171,299468,Filer,"House 194, Model Town, Islamabad",03394556732
29566-1166120-2,FBR-101485,Kimberly Barton,6534860,742466,Filer,"House 536, Gulberg, Rawalpindi",03181236949
33476-6852477-4,FBR-101486,E. Owens,1194450,43502,Filer,"Flat 191, Model Town, Rawalpindi",03106247392
64827-8844387-2,FBR-101487,Chaudhry Julie Townsend,5878133,348127,Filer,"Plot 77, Johar Town, Islamabad",03790612231
32752-9016614-6,FBR-101488,Mr. Kristie Little,2483805,24783,Filer,"Kothi 577, Gulberg, Rawalpindi",03200895231
41947-1083617-5,FBR-101489,Ruben Hicks,5360217,264044,Filer,"Plot 849, DHA, Rawalpindi",03431578129
93453-6688333-5,FBR-101490,Carlos Rivera,1267980,66933,Filer,"Kothi 754, Johar Town, Karachi",03876846761
79105-6993137-7,FBR-101491,Mr. Mr. Stephen Rogers,4152225,126304,Filer,"Plot 539, Johar Town, Islamabad",03586236030
35887-9144406-6,FBR-101492,Chaudhry Mr. Anthony Shields,852233,44641,Filer,"Kothi 639, Model Town, Lahore",03063363993
81938-4558712-3,FBR-101493,Chaudhry Michelle Mccarty,3422072,245298,Filer,"Kothi 682, DHA, Lahore",03048929912
33676-7379392-3,FBR-101494,Chaudhry David Ruiz,871837,11508,Non-Filer,"Kothi 371, DHA, Islamabad",03638619948
39925-4648648-4,FBR-101495,Chaudhry Veronica Armstrong,6230485,502092,Filer,"Flat 948, DHA, Lahore",03981606392
73823-8069310-6,FBR-101496,Chaudhry Steven Taylor,650290,9805,Non-Filer,"House 716, Model Town, Rawalpindi",03307563231
78594-9212253-6,FBR-101497,Martin Rodriguez,4047824,377948,Filer,"Plot 900, Model Town, Karachi",03291675942
40076-6375546-8,FBR-101498,Mr. Jeffrey Smith,2202106,12430,Non-Filer,"Flat 512, DHA, Rawalpindi",03165568980
39462-1217180-8,FBR-101499,K. Johnson,6110414,702311,Filer,"House 465, Johar Town, Rawalpindi",03823170954
82896-9321610-2,FBR-101500,Eric A. Thomas,4409081,393600,Filer,"House 714, Model Town, Karachi",03886924579
90614-1714394-7,FBR-101501,Lauren A. Thompson,1724569,144328,Filer,"Plot 280, Gulberg, Islamabad",03663463060
33139-3326333-5,FBR-101502,Alicia A. Mcbride,6949530,786454,Filer,"Flat 345, Johar Town, Islamabad",03366201828
12471-4991869-2,FBR-101503,S. Jennings,3216864,356567,Filer,"Flat 696, Model Town, Lahore",03775296096
35619-5135110-1,FBR-101504,Chaudhry Sheila Smith,6305174,593556,Filer,"Kothi 432, Bahria Town, Karachi",03241677242
25981-8441656-4,FBR-101505,Mr. Travis Combs,645466,5469,Non-Filer,"Kothi 753, Johar Town, Karachi",03915743024
22320-5792360-3,FBR-101506,Emily Hill,1869463,72313,Filer,"House 740, Gulberg, Lahore",03957437413
29923-8519037-4,FBR-101507,Mr. Jack Yates,1762746,122242,Filer,"Flat 196, Model Town, Rawalpindi",03826192327
87985-9696342-4,FBR-101508,Shannon A. Johnson,4309197,409893,Filer,"House 323, DHA, Lahore",03191173545
73721-2780393-3,FBR-101509,Heidi Santos,5768349,522457,Filer,"Plot 442, DHA, Lahore",03764773912
97764-5230107-4,FBR-101510,Mr. Harold Fisher,4799207,553164,Filer,"Kothi 998, Model Town, Islamabad",03051299205
23562-5604445-6,FBR-101511,Chaudhry Sandra Simmons,2910623,139558,Filer,"House 551, DHA, Karachi",03090070024
17916-6998474-4,FBR-101512,Mr. Richard Oliver,964774,3488,Non-Filer,"Plot 81, Johar Town, Islamabad",03483764991
69169-8872823-2,FBR-101513,Michael Ray,3108962,276841,Filer,"House 573, DHA, Islamabad",03703276866
69058-5401124-6,FBR-101514,Brittany A. Burns,4423951,354827,Filer,"Flat 634, Johar Town, Rawalpindi",03167338059
43363-8571420-7,FBR-101515,J. Gonzalez,1843472,66670,Filer,"Plot 367, Model Town, Lahore",03702359587
60781-5999666-4,FBR-101516,Chaudhry Lisa Dixon,4172189,333675,Filer,"Plot 9, Bahria Town, Islamabad",03693025519
30266-6533567-8,FBR-101517,Susan Hayes,855610,14648,Non-Filer,"House 737, Model Town, Karachi",03302733417
74172-3183513-7,FBR-101518,T. Foster,2376243,54986,Filer,"Flat 667, Gulberg, Karachi",03072861814
79105-9723521-5,FBR-101519,A. Dawson,4979897,457660,Filer,"House 62, Johar Town, Lahore",03316777122
61972-8517879-1,FBR-101520,Mr. Kim Malone,6816044,775946,Filer,"Plot 133, DHA, Karachi",03622941928
82674-5547302-9,FBR-101521,Nicholas A. Mendoza,5745904,274479,Filer,"Plot 234, Johar Town, Rawalpindi",03990825510
10470-9175098-1,FBR-101522,B. Buckley,2293826,49163,Filer,"Kothi 986, Johar Town, Lahore",03861291697
62426-9525842-6,FBR-101523,H. Horne,6996407,396364,Filer,"Plot 861, Bahria Town, Rawalpindi",03630230603
25260-3582682-2,FBR-101524,Chaudhry Yvonne Santiago,5007670,444822,Filer,"Flat 275, Gulberg, Rawalpindi",03670290059
17219-9787336-4,FBR-101525,Linda Rodriguez,2281642,159526,Filer,"House 329, Johar Town, Lahore",03643162723
54837-6326574-7,FBR-101526,Tara A. Tucker,5656853,213213,Filer,"Flat 699, DHA, Islamabad",03968010824
31423-9827433-8,FBR-101527,Elizabeth Kim,4649480,486676,Filer,"Kothi 859, Model Town, Islamabad",03515355816
61694-7585406-8,FBR-101528,Chaudhry Nicholas Watts,1363656,48755,Filer,"Plot 352, Bahria Town, Lahore",03160003956
29863-7918495-1,FBR-101529,Beth Wall,5386939,383507,Filer,"Flat 395, Johar Town, Lahore",03144068410
48144-4445628-8,FBR-101530,Mr. Charles Howard,6991506,385734,Filer,"Flat 30, DHA, Karachi",03726294306
54206-3485929-3,FBR-101531,Kenneth Wade,4352937,375550,Filer,"Plot 497, Bahria Town, Islamabad",03391151469
84024-6409399-6,FBR-101532,Mr. Sarah Anderson,2248753,194280,Filer,"Plot 769, Model Town, Lahore",03647744298
64707-9117093-9,FBR-101533,Mr. Kristin Yates,1980289,214805,Filer,"Flat 960, Gulberg, Islamabad",03200231024
94225-1351492-4,FBR-101534,Mr. Roy Baird,630439,8670,Non-Filer,"Kothi 666, Johar Town, Lahore",03225645703
75020-3760354-8,FBR-101535,Mr. Becky Decker,3812256,356417,Filer,"Kothi 740, Gulberg, Islamabad",03270526244
24507-4858819-8,FBR-101536,Mr. Tammy Bailey,6244617,222519,Filer,"Plot 643, Model Town, Lahore",03820455496
48470-5537776-7,FBR-101537,Tammy A. Hoffman,6049237,686787,Filer,"Flat 487, Model Town, Lahore",03714702600
85771-1762211-6,FBR-101538,Mr. Lynn Guzman,3014332,178228,Filer,"Plot 405, Bahria Town, Islamabad",03409364284
39481-7347711-3,FBR-101539,Angela Castro,852563,64292,Filer,"Kothi 861, Model Town, Lahore",03376316722
98836-1439146-1,FBR-101540,C. Higgins,4985391,368639,Filer,"House 447, Model Town, Rawalpindi",03202872113
27542-3381802-7,FBR-101541,Robert A. Olson,1852709,64032,Filer,"Plot 373, Gulberg, Lahore",03968726213
65119-3218426-8,FBR-101542,Deborah Davila,2198561,13204,Non-Filer,"Plot 905, DHA, Islamabad",03634495966
28367-3786291-3,FBR-101543,N. White,1942286,92665,Filer,"House 781, DHA, Islamabad",03350520152
12998-2804541-5,FBR-101544,Sara Watson,1180602,23760,Filer,"Flat 325, DHA, Islamabad",03135871985
22287-5956179-6,FBR-101545,Amy Moore,727616,2669,Non-Filer,"Flat 228, Gulberg, Islamabad",03893184891
38965-4338629-7,FBR-101546,J. Cantu,4339523,247818,Filer,"Kothi 482, Model Town, Karachi",03753001774
71500-4703893-2,FBR-101547,Mark A. MD,2500987,249559,Filer,"Kothi 270, Gulberg, Islamabad",03500010696
58999-3373726-9,FBR-101548,Chaudhry Kathryn Smith,2338266,88493,Filer,"Kothi 185, DHA, Islamabad",03841881880
79059-6201961-6,FBR-101549,Andrew A. Lawrence,4156800,184343,Filer,"House 160, DHA, Islamabad",03074552011
69917-5864072-1,FBR-101550,Anthony Alvarado,1874021,57745,Filer,"Flat 810, DHA, Islamabad",03500153102
73986-2532126-3,FBR-101551,Melissa Mitchell DDS,1052958,7304,Non-Filer,"Kothi 773, Johar Town, Karachi",03142620664
65618-9294470-6,FBR-101552,Kathleen A. Smith,4322060,455788,Filer,"Kothi 584, Gulberg, Rawalpindi",03314214610
53882-4529969-7,FBR-101553,B. Olson,4823243,203331,Filer,"Kothi 6, DHA, Rawalpindi",03733954649
56046-8271080-1,FBR-101554,Robert Walker,6091433,704415,Filer,"Flat 951, Johar Town, Lahore",03545832188
85001-4592270-6,FBR-101555,Chaudhry Matthew Marshall,1776506,160518,Filer,"Kothi 737, DHA, Rawalpindi",03782885503
65203-2978396-4,FBR-101556,Mr. Krista Phelps,767865,11254,Non-Filer,"Plot 739, Bahria Town, Rawalpindi",03297421938
70607-9631924-6,FBR-101557,Mr. Thomas Moreno,5604925,254496,Filer,"Kothi 825, Gulberg, Rawalpindi",03136632014
73768-4988160-3,FBR-101558,Mr. David Good,5104213,306942,Filer,"Plot 790, DHA, Rawalpindi",03030873712
90691-6482446-5,FBR-101559,E. Dunlap,1741940,55801,Filer,"Plot 379, Gulberg, Lahore",03009353392
46735-4856980-1,FBR-101560,Amanda Everett,1835470,62586,Filer,"Flat 918, DHA, Lahore",03864005984
94688-4746222-7,FBR-101561,Chaudhry Ann Mcknight,3927623,305031,Filer,"Kothi 400, Gulberg, Rawalpindi",03611393925
42085-7086318-7,FBR-101562,C. Miles,1176414,413,Non-Filer,"Flat 376, Model Town, Karachi",03530223052
63998-4432692-1,FBR-101563,Mr. Donald Williams,1531405,119367,Filer,"Plot 82, Johar Town, Islamabad",03661801582
27676-7407462-8,FBR-101564,Brenda Thompson,5951886,554462,Filer,"Plot 783, Model Town, Lahore",03246834804
79498-9399331-8,FBR-101565,Kelly Taylor,3110252,281767,Filer,"Plot 4, Model Town, Islamabad",03036377907
34201-1806275-9,FBR-101566,J. Diaz,5662980,342202,Filer,"House 333, Model Town, Islamabad",03302521145
34916-7300768-4,FBR-101567,Tracy Neal,3215623,366960,Filer,"House 600, DHA, Rawalpindi",03768377277
99845-8110324-1,FBR-101568,Mr. Paul Adkins,2389072,282142,Filer,"Kothi 632, Johar Town, Rawalpindi",03488926007
56183-4974308-7,FBR-101569,Dr. A. DVM,3150048,329763,Filer,"Plot 10, Johar Town, Karachi",03035461323
64023-3211652-8,FBR-101570,Chaudhry Terri Kim,2258069,138191,Filer,"Plot 319, Bahria Town, Islamabad",03365153608
23982-1626274-2,FBR-101571,C. Curtis,1832877,11010,Non-Filer,"Flat 275, Model Town, Karachi",03550456181
69288-5849084-2,FBR-101572,S. Eaton,841724,43561,Filer,"Flat 78, Model Town, Islamabad",03247472962
97799-9975269-3,FBR-101573,Chaudhry Elizabeth Mckenzie,5274385,412456,Filer,"Flat 45, Gulberg, Rawalpindi",03178332600
23758-3245892-1,FBR-101574,C. Graham,5486814,507229,Filer,"Flat 685, Model Town, Lahore",03837753589
45937-3614998-2,FBR-101575,Alexandra Miles,6972598,348389,Filer,"Plot 413, Gulberg, Lahore",03326959815
21498-6903575-1,FBR-101576,Chaudhry Joshua Gordon,4138671,212184,Filer,"Kothi 599, Model Town, Rawalpindi",03884249809
62125-6049889-7,FBR-101577,Mr. Wendy Shaffer,2321419,120092,Filer,"Flat 353, Model Town, Rawalpindi",03271792179
62690-4523907-2,FBR-101578,Chaudhry Frank Juarez,5592127,483920,Filer,"Flat 938, Bahria Town, Rawalpindi",03844264062
38917-5765305-2,FBR-101579,Andrew Blake,1134780,3399,Non-Filer,"Plot 119, Johar Town, Rawalpindi",03262482532
94299-4146176-4,FBR-101580,Mr. Lisa Garcia,3877029,413560,Filer,"Plot 495, Bahria Town, Islamabad",03845466229
53034-5688704-7,FBR-101581,Carrie A. Mason,5983202,270878,Filer,"Kothi 739, Bahria Town, Rawalpindi",03286179652
91950-9220717-2,FBR-101582,Chaudhry George Lee,3606044,427789,Filer,"Kothi 541, Bahria Town, Islamabad",03594650998
78715-9176485-1,FBR-101583,Chaudhry Whitney Holden,2944510,298999,Filer,"Plot 708, Johar Town, Rawalpindi",03641521542
75390-5408483-8,FBR-101584,Kevin Mosley,4858393,292621,Filer,"Flat 292, Johar Town, Lahore",03259668559
42710-9279061-6,FBR-101585,Chaudhry Jill Rodriguez,4787616,444531,Filer,"House 971, Johar Town, Lahore",03980309238
25405-2662047-8,FBR-101586,Mr. Robert Campos,1050863,5761,Non-Filer,"Kothi 422, DHA, Islamabad",03909434348
36965-2475782-8,FBR-101587,Chaudhry Kathryn Herring,5614505,643204,Filer,"House 839, Model Town, Rawalpindi",03726788364
76171-1875669-9,FBR-101588,Kelly A. Humphrey,2490090,122888,Filer,"House 236, Bahria Town, Rawalpindi",03988968882
30835-2514721-2,FBR-101589,Chaudhry Dr. Jared Thompson MD,2361392,30223,Filer,"House 758, Bahria Town, Lahore",03594672360
19974-6590279-3,FBR-101590,Chaudhry Steven Blair,6170897,326391,Filer,"Kothi 225, DHA, Lahore",03752993552
27863-3926068-9,FBR-101591,Thomas Taylor,4122334,431908,Filer,"Flat 467, Model Town, Rawalpindi",03870858299
76364-1205110-9,FBR-101592,Leslie A. Miller,1680060,165711,Filer,"Flat 375, DHA, Lahore",03702324237
10614-3532172-7,FBR-101593,Jimmy A. Abbott,5152147,212661,Filer,"Plot 475, Bahria Town, Lahore",03495215472
77454-6430804-2,FBR-101594,Angela A. Jones,3261031,176274,Filer,"House 144, Gulberg, Karachi",03935581386
88655-2946619-6,FBR-101595,Mr. Patrick Payne,475530,557,Non-Filer,"Kothi 34, Johar Town, Rawalpindi",03941892694
27390-7371875-1,FBR-101596,Laurie Snyder,2295820,252327,Filer,"Flat 102, DHA, Islamabad",03918650639
36758-9619743-3,FBR-101597,Krista A. Ramos,3229154,106578,Filer,"Plot 317, Bahria Town, Islamabad",03687872404
96208-4851961-2,FBR-101598,Chaudhry Jill Fuller,4359983,209776,Filer,"Kothi 531, DHA, Islamabad",03351078986
47173-5881033-3,FBR-101599,Mr. Carrie Riley,2179740,23657,Filer,"Kothi 944, Johar Town, Islamabad",03730270780
88140-1795757-5,FBR-101600,Steven A. Moore,3811205,218207,Filer,"House 704, Bahria Town, Lahore",03242366190
47206-7105058-7,FBR-101601,Chaudhry Erika Pitts,1166292,8403,Non-Filer,"House 330, Johar Town, Islamabad",03991317539
23922-7311448-9,FBR-101602,N. Perry,2283624,112854,Filer,"House 746, Gulberg, Lahore",03965853172
62074-3944361-4,FBR-101603,Chaudhry Kevin Cervantes,2972638,94985,Filer,"House 408, DHA, Islamabad",03904088683
81322-2781449-6,FBR-101604,Christian A. Garrett,3020785,274952,Filer,"Kothi 426, Bahria Town, Rawalpindi",03188569873
12726-4063526-7,FBR-101605,S. Nichols,2289616,12562,Non-Filer,"Flat 914, Johar Town, Islamabad",03817506586
16031-1392670-5,FBR-101606,Jason A. Barnes,1526213,16755,Non-Filer,"House 663, Bahria Town, Islamabad",03736193553
26396-9868813-2,FBR-101607,Chaudhry Courtney Washington,828215,10110,Non-Filer,"Flat 173, DHA, Islamabad",03762009863
91264-5679971-7,FBR-101608,Jeffrey A. Kaufman,2730885,167041,Filer,"Kothi 609, Johar Town, Rawalpindi",03822925285
17102-6098171-8,FBR-101609,Catherine A. Williams,815039,51009,Filer,"Flat 905, Bahria Town, Lahore",03132978052
38915-1538604-7,FBR-101610,Ashley Bailey,4378373,357865,Filer,"House 155, Model Town, Karachi",03781522079
60781-1214877-7,FBR-101611,Mr. Barbara Thompson,3300405,202328,Filer,"House 458, Johar Town, Lahore",03015877617
99574-2323822-1,FBR-101612,Amanda Tran MD,475086,12087,Non-Filer,"House 735, Model Town, Karachi",03558333487
69878-2870668-3,FBR-101613,Mr. Jeffery Robinson,4616414,375125,Filer,"Plot 931, Model Town, Rawalpindi",03379000375
99701-9992939-7,FBR-101614,R. Morris,4353400,189289,Filer,"House 519, Model Town, Rawalpindi",03768890851
26936-7138670-2,FBR-101615,Mr. Paige Lee,6975239,313465,Filer,"Plot 673, Gulberg, Karachi",03222898641
82001-8959532-9,FBR-101616,Kara Ryan,1020285,1290,Non-Filer,"House 342, DHA, Karachi",03042651078
67212-2798002-3,FBR-101617,Regina Smith,2796775,299346,Filer,"Plot 204, Johar Town, Rawalpindi",03433051882
90703-4105101-8,FBR-101618,Susan Olson,1057356,26897,Filer,"Kothi 857, Johar Town, Karachi",03169583898
53794-7533901-1,FBR-101619,J. Carr,4196202,405636,Filer,"Kothi 538, Johar Town, Rawalpindi",03920163392
10347-2784585-8,FBR-101620,Chaudhry Troy Petersen,6591562,395166,Filer,"Flat 413, Gulberg, Rawalpindi",03758570435
16864-8094155-2,FBR-101621,B. Murphy,2776219,193971,Filer,"Kothi 778, Model Town, Karachi",03635830486
51615-3382852-2,FBR-101622,Mr. Lawrence Salazar,1136851,63385,Filer,"Flat 326, Model Town, Karachi",03164380753
52151-1727632-3,FBR-101623,Michael Henderson,1166931,8495,Non-Filer,"Kothi 134, Gulberg, Lahore",03714557290
89886-1929392-5,FBR-101624,Chaudhry Richard Garcia,5725840,478423,Filer,"Kothi 192, Johar Town, Islamabad",03913744790
25527-1225695-6,FBR-101625,Mr. Nicole Gonzalez,2183418,35193,Filer,"House 378, Gulberg, Islamabad",03607733225
53552-2577243-3,FBR-101626,Mr. Angel Williamson,1043171,58678,Filer,"Kothi 815, Model Town, Karachi",03230059777
29039-6853630-1,FBR-101627,Alexander A. Yang,3185773,215067,Filer,"Flat 708, Johar Town, Rawalpindi",03462185583
25924-9873848-2,FBR-101628,Samantha Gardner,3745505,321107,Filer,"Kothi 325, Gulberg, Rawalpindi",03892016497
64498-3550832-3,FBR-101629,K. Wheeler,5833607,597017,Filer,"House 251, Bahria Town, Islamabad",03475856447
51105-2446086-6,FBR-101630,Mr. James Fox,5540808,301746,Filer,"Flat 470, Model Town, Islamabad",03523107578
64568-3201020-3,FBR-101631,Chaudhry Matthew Pearson,522134,12334,Non-Filer,"Plot 433, Johar Town, Karachi",03967682177
32391-3958990-5,FBR-101632,A. Schneider,3181610,359313,Filer,"House 49, Johar Town, Rawalpindi",03745309503
61867-2431760-8,FBR-101633,Mr. Margaret Allen,1339492,48389,Filer,"Flat 964, DHA, Karachi",03875827368
82622-7016686-3,FBR-101634,Amanda A. Stevens,1889743,190989,Filer,"House 611, Bahria Town, Rawalpindi",03698589518
55183-9126496-2,FBR-101635,Gregg A. Walker,6553239,211595,Filer,"Plot 409, Model Town, Rawalpindi",03816031778
59602-5663314-6,FBR-101636,Chaudhry Chelsea Hood,6977878,266688,Filer,"Flat 102, Model Town, Lahore",03307227186
87728-1167974-7,FBR-101637,Mr. Christopher Morgan,966632,14671,Non-Filer,"Kothi 632, Gulberg, Rawalpindi",03510353067
68031-2657786-2,FBR-101638,A. Mclean,4624412,541757,Filer,"House 345, Model Town, Karachi",03828386304
28863-2075379-7,FBR-101639,John Fischer,5543826,424718,Filer,"House 231, DHA, Karachi",03361055928
66176-4620296-1,FBR-101640,Chaudhry Chad Farmer,1903502,218833,Filer,"Plot 12, Johar Town, Islamabad",03233226907
38059-5303396-8,FBR-101641,Andrea A. Thompson,1930360,63334,Filer,"Kothi 177, Gulberg, Karachi",03698844812
47346-6958044-8,FBR-101642,Chaudhry Juan Johnston,5984182,487051,Filer,"Plot 779, Gulberg, Islamabad",03688447065
76138-4068470-1,FBR-101643,Heather Ward,3649836,206725,Filer,"Plot 358, Johar Town, Lahore",03067802546
40369-7503890-8,FBR-101644,Chaudhry Krista Lopez,2507468,88620,Filer,"House 374, DHA, Karachi",03921491651
30431-2099141-5,FBR-101645,T. Yates,6238661,201751,Filer,"Plot 98, Johar Town, Karachi",03704118668
63671-4385263-6,FBR-101646,T. Le,5536362,331910,Filer,"House 323, Bahria Town, Lahore",03641484127
88487-6862338-7,FBR-101647,Clifford A. Martin,2236848,131867,Filer,"Kothi 332, Johar Town, Karachi",03309121285
49837-3695576-7,FBR-101648,Mr. Deborah Patterson,3378097,201808,Filer,"Flat 688, Gulberg, Rawalpindi",03976985110
24354-6523272-8,FBR-101649,Jill Richardson,3484573,311995,Filer,"House 305, Gulberg, Karachi",03934773209
65123-5514861-9,FBR-101650,Mr. Sharon Gutierrez,744897,4194,Non-Filer,"Kothi 730, Gulberg, Rawalpindi",03955823556
64238-2097432-6,FBR-101651,Sarah A. Pierce,3783141,324145,Filer,"Plot 263, Gulberg, Rawalpindi",03004839295
68095-8451638-1,FBR-101652,Miss Heather Richardson PhD,2150960,56636,Filer,"Plot 25, Gulberg, Rawalpindi",03050251668
50595-9956076-9,FBR-101653,Randy A. Kennedy,3370580,167505,Filer,"House 314, Gulberg, Rawalpindi",03020465937
17063-1667160-3,FBR-101654,R. Gibson,889146,4661,Non-Filer,"Plot 107, Johar Town, Islamabad",03576948517
77907-7405204-8,FBR-101655,Chaudhry Tina Bowman,5738311,486847,Filer,"Flat 451, Bahria Town, Rawalpindi",03301677165
97447-2354075-1,FBR-101656,Kristina A. Ochoa,4987856,206829,Filer,"Kothi 109, Bahria Town, Lahore",03829742985
46884-1065255-6,FBR-101657,Mr. Diana Tate,2255341,185276,Filer,"Kothi 923, Model Town, Lahore",03849252011
23468-2559795-5,FBR-101658,Mr. Catherine Roman,2884500,190632,Filer,"Flat 69, Gulberg, Rawalpindi",03078952397
23029-9049582-5,FBR-101659,Mr. Lisa Henderson,5424887,342934,Filer,"House 215, Model Town, Karachi",03272894391
47090-8286026-7,FBR-101660,Heather A. PhD,788855,12717,Non-Filer,"House 42, Bahria Town, Lahore",03957904831
37631-7999212-6,FBR-101661,L. Estrada,5532603,414570,Filer,"Flat 43, Johar Town, Islamabad",03511799240
55317-7876890-7,FBR-101662,Chaudhry Christine Torres,1386723,40303,Filer,"Flat 353, Bahria Town, Rawalpindi",03830599332
53877-3833485-8,FBR-101663,Chaudhry Dana Hicks,608744,14273,Non-Filer,"Flat 536, Model Town, Karachi",03732817427
66258-8472075-5,FBR-101664,Mr. Laura Walker,3021838,115347,Filer,"Flat 522, Bahria Town, Rawalpindi",03769502037
54709-4373246-9,FBR-101665,J. Harrell,1960735,12559,Non-Filer,"House 954, Bahria Town, Karachi",03236887759
84247-7633004-3,FBR-101666,Chaudhry James Clark,4530240,390028,Filer,"Plot 93, DHA, Islamabad",03865964780
66905-4911204-9,FBR-101667,V. Macdonald,3757396,369136,Filer,"Flat 378, Johar Town, Lahore",03057032848
16386-7453754-6,FBR-101668,Julie A. PhD,4824318,163695,Filer,"House 928, Gulberg, Rawalpindi",03439503745
88456-9399267-5,FBR-101669,E. Day,2742573,174813,Filer,"House 378, Bahria Town, Islamabad",03473767727
87942-8817635-7,FBR-101670,Brian Sandoval,3689786,174704,Filer,"Plot 22, Gulberg, Rawalpindi",03678408523
42848-8256556-6,FBR-101671,Denise Oconnor,1240127,61209,Filer,"Flat 622, Gulberg, Rawalpindi",03683549344
10297-2928590-3,FBR-101672,Mr. Christian Armstrong,2439750,253089,Filer,"House 456, Gulberg, Rawalpindi",03871085773
92429-8406171-5,FBR-101673,Bradley Warner,1828704,42517,Filer,"House 951, DHA, Lahore",03689293688
72861-1794868-8,FBR-101674,Mr. Christopher Solomon,5548502,593186,Filer,"Flat 720, Gulberg, Lahore",03581654313
85145-9657072-4,FBR-101675,Mr. Thomas Jones,1720182,51365,Filer,"Flat 655, Bahria Town, Rawalpindi",03891053581
22269-5964126-2,FBR-101676,Chaudhry Ray Beck,4135406,337313,Filer,"Kothi 297, Bahria Town, Karachi",03104956742
13975-5710033-5,FBR-101677,Michael Moyer,1649473,18389,Non-Filer,"Kothi 834, Bahria Town, Lahore",03043223763
97392-1902581-8,FBR-101678,Mr. Kimberly Villegas,625797,150,Non-Filer,"Kothi 110, DHA, Lahore",03941044822
56119-6477866-8,FBR-101679,Mr. Adrian Martin,1978095,123557,Filer,"Kothi 612, Bahria Town, Lahore",03652258051
71285-1500533-1,FBR-101680,Ms. Tina Mckenzie PhD,3797311,297106,Filer,"Plot 415, Gulberg, Rawalpindi",03534422028
27181-9479896-8,FBR-101681,Monique Perez DDS,2729868,229684,Filer,"Kothi 339, Bahria Town, Lahore",03661797465
33741-3790998-1,FBR-101682,Chaudhry Isaiah Munoz,4530906,303718,Filer,"Flat 741, DHA, Lahore",03665285229
53508-4096228-9,FBR-101683,R. Hill,1520989,158397,Filer,"Kothi 172, DHA, Karachi",03593947085
63585-8352216-2,FBR-101684,Michael Brown,2861239,113972,Filer,"Kothi 110, Bahria Town, Islamabad",03464530951
53540-4715892-3,FBR-101685,Jamie A. Taylor,2460587,252414,Filer,"Flat 127, Johar Town, Rawalpindi",03727234024
41542-4195555-8,FBR-101686,Lauren A. Sims,4540564,291101,Filer,"House 206, DHA, Karachi",03335835046
38950-1791534-2,FBR-101687,Chaudhry Jacob Lee,1713897,35927,Filer,"House 144, Model Town, Rawalpindi",03387376599
17823-7467125-9,FBR-101688,K. Payne,6015922,360369,Filer,"Plot 298, Johar Town, Lahore",03988171975
69438-9588045-2,FBR-101689,Jason A. Martinez,2544105,131056,Filer,"Kothi 353, Gulberg, Lahore",03760537122
28335-6060961-9,FBR-101690,Erica Patrick,877169,3729,Non-Filer,"Kothi 529, Bahria Town, Rawalpindi",03285819051
32775-9223075-7,FBR-101691,Jerry Crawford MD,3656606,115152,Filer,"Flat 257, Gulberg, Karachi",03363835526
37264-5762876-7,FBR-101692,Mr. Jennifer Anthony DDS,5103198,195174,Filer,"Plot 316, Model Town, Rawalpindi",03890557329
56961-8879239-4,FBR-101693,R. Lynch,6012501,671399,Filer,"Flat 843, Model Town, Islamabad",03472998162
30848-8366915-1,FBR-101694,Mr. Robert Stewart,765795,3621,Non-Filer,"Kothi 537, Johar Town, Karachi",03597407189
99491-5382919-9,FBR-101695,C. Richards,2540788,169061,Filer,"Kothi 245, DHA, Rawalpindi",03019570184
64035-6824246-6,FBR-101696,Edward Jones,2462373,31445,Filer,"Plot 552, Gulberg, Lahore",03059220871
89267-8242187-5,FBR-101697,Michele A. Santos,954383,4518,Non-Filer,"Plot 159, Johar Town, Rawalpindi",03979918180
77838-8441782-3,FBR-101698,M. Turner,1895522,17349,Non-Filer,"Flat 988, Gulberg, Lahore",03344057843
50177-9758069-9,FBR-101699,M. Hall,1806273,184024,Filer,"House 664, Model Town, Karachi",03720576231
92441-6997126-7,FBR-101700,H. Watson,847347,43150,Filer,"Flat 852, Johar Town, Rawalpindi",03017246300
85123-7542920-4,FBR-101701,Mr. Rhonda Hardy,3870356,358507,Filer,"Plot 324, Model Town, Rawalpindi",03531539305
52660-1241332-8,FBR-101702,Hector A. Johnson,4895686,585292,Filer,"Kothi 538, Gulberg, Karachi",03488330661
12702-2115450-9,FBR-101703,Christopher A. Bell,818748,40,Non-Filer,"Plot 581, Johar Town, Lahore",03190435735
68625-9523801-7,FBR-101704,Anna Collins,920481,14352,Non-Filer,"Flat 880, Bahria Town, Rawalpindi",03690823737
65143-6766074-9,FBR-101705,Gabrielle A. Walker,6431805,597694,Filer,"Kothi 374, Bahria Town, Rawalpindi",03219855340
92204-9674684-1,FBR-101706,K. Perez,5317152,284785,Filer,"Flat 526, Model Town, Rawalpindi",03784872854
86135-4879723-7,FBR-101707,Melinda Luna,1807361,50196,Filer,"Kothi 958, Johar Town, Lahore",03506097838
84118-5066010-4,FBR-101708,Eric Green,1638973,74573,Filer,"Flat 673, Model Town, Islamabad",03008982326
88059-9880665-1,FBR-101709,B. Stewart,6465164,698003,Filer,"House 861, Bahria Town, Karachi",03635827195
50660-6154916-9,FBR-101710,Amanda Miller,6371006,296890,Filer,"Plot 759, Johar Town, Karachi",03413995596
63883-2177344-3,FBR-101711,Chaudhry Jill Hughes,3807398,360716,Filer,"Plot 861, Model Town, Rawalpindi",03103567163
21570-5948097-6,FBR-101712,Caleb A. James,727217,1535,Non-Filer,"Plot 150, Gulberg, Karachi",03993221198
94837-6043058-4,FBR-101713,Susan Gonzales DDS,5241973,351909,Filer,"Plot 143, DHA, Karachi",03678151288
75742-9082143-4,FBR-101714,Erik A. Sanders,6438232,662789,Filer,"Plot 750, Bahria Town, Rawalpindi",03110650882
23621-4659830-6,FBR-101715,John A. Diaz,1358515,44708,Filer,"Kothi 110, Bahria Town, Islamabad",03865494215
74455-4207315-9,FBR-101716,Chaudhry Gabrielle Moore,1972502,12933,Non-Filer,"Plot 185, Gulberg, Rawalpindi",03493546321
28933-5824957-4,FBR-101717,Mr. Hannah Hurley,2724305,278599,Filer,"House 750, DHA, Rawalpindi",03590563656
90211-4575023-7,FBR-101718,William A. Crane,1214729,55551,Filer,"Kothi 265, Gulberg, Rawalpindi",03379207687
73264-4572610-3,FBR-101719,Amanda Greene,4994991,489921,Filer,"House 105, Model Town, Islamabad",03113908228
48688-8174668-6,FBR-101720,Chaudhry Emma Moreno,3287189,184692,Filer,"Kothi 555, Bahria Town, Karachi",03428169406
19262-7907587-5,FBR-101721,Anthony Ferguson,6821487,521868,Filer,"Kothi 937, Bahria Town, Karachi",03132308455
16877-4789047-3,FBR-101722,Mr. Robin Miller,1042947,11290,Non-Filer,"Kothi 667, Johar Town, Islamabad",03678976808
39703-1454862-4,FBR-101723,Denise Bowman,1017625,40830,Filer,"Kothi 428, DHA, Karachi",03950628288
93604-3853292-3,FBR-101724,Kenneth A. Fritz,6076718,557620,Filer,"Plot 780, Johar Town, Rawalpindi",03771582010
69433-1979536-4,FBR-101725,J. Cooke,4404166,163200,Filer,"Plot 328, Gulberg, Islamabad",03262496843
13853-1719523-6,FBR-101726,Daniel Aguilar,2733330,265713,Filer,"Flat 422, Bahria Town, Lahore",03318742096
64776-8263012-3,FBR-101727,Allen Williams,1257476,20799,Filer,"House 895, Bahria Town, Islamabad",03797640126
40042-5128004-3,FBR-101728,S. Brown,1002432,14127,Non-Filer,"Kothi 797, Bahria Town, Lahore",03833685742
34381-8320873-7,FBR-101729,Mr. Martin Castillo MD,4988143,212388,Filer,"Kothi 341, DHA, Karachi",03809456890
44400-4625066-5,FBR-101730,J. Gonzalez,3222480,132081,Filer,"Flat 923, DHA, Karachi",03671421702
65419-4002780-5,FBR-101731,Mary Copeland,3118669,301773,Filer,"Flat 251, Johar Town, Lahore",03552691953
77502-9949780-9,FBR-101732,Mr. Mark Santos,1776796,156162,Filer,"House 217, Gulberg, Islamabad",03046184087
92958-5234502-3,FBR-101733,W. Caldwell,983777,8166,Non-Filer,"House 805, Gulberg, Islamabad",03091524440
65069-3185033-8,FBR-101734,J. Torres,5159974,359247,Filer,"Flat 709, DHA, Lahore",03651574864
97395-7644420-5,FBR-101735,Chaudhry Jason Holland,5017689,279286,Filer,"Kothi 254, Gulberg, Lahore",03901096767
56098-4702950-8,FBR-101736,Chaudhry Daniel Bass,5152104,302811,Filer,"House 313, Johar Town, Lahore",03176517408
81036-1729069-2,FBR-101737,Renee Carpenter,2007889,195887,Filer,"Kothi 425, Bahria Town, Rawalpindi",03824743362
87750-5890195-6,FBR-101738,Christian Hampton,1722669,37584,Filer,"Kothi 119, DHA, Rawalpindi",03039007901
44396-6112476-7,FBR-101739,D. Washington,6627775,467545,Filer,"Plot 618, Gulberg, Lahore",03334743814
64971-9692554-6,FBR-101740,Chaudhry Derrick Wagner,955338,9320,Non-Filer,"Flat 708, DHA, Rawalpindi",03041097530
90934-7952815-4,FBR-101741,Hannah Wolfe,4055995,174039,Filer,"House 442, Johar Town, Karachi",03750815682
99492-4074436-6,FBR-101742,Pamela Grant,2512383,116594,Filer,"Plot 325, Johar Town, Karachi",03562014894
64096-1947952-7,FBR-101743,C. Bates,898469,2735,Non-Filer,"Plot 253, Johar Town, Rawalpindi",03941107287
88931-4011350-4,FBR-101744,David Lewis,4142387,271569,Filer,"House 354, Johar Town, Islamabad",03816143556
94595-7647269-7,FBR-101745,Aaron Thomas,3582823,282193,Filer,"Flat 293, Johar Town, Islamabad",03549136593
47250-9232475-5,FBR-101746,Debra A. Pineda,2318390,205422,Filer,"Kothi 308, DHA, Karachi",03974779243
67981-1257131-6,FBR-101747,Jeffrey A. Martin,5712880,630286,Filer,"House 95, Johar Town, Islamabad",03887832035
82164-1901605-1,FBR-101748,Lawrence Hernandez,5887459,352537,Filer,"House 47, Model Town, Islamabad",03787455924
76171-2466482-4,FBR-101749,Mr. Kimberly Bolton,1505922,23779,Filer,"Kothi 487, DHA, Islamabad",03654394985
71406-2524290-1,FBR-101750,Mr. Stephanie Tran,890862,57149,Filer,"House 933, Johar Town, Rawalpindi",03095277691
78879-7276396-6,FBR-101751,R. Davis,5354862,283777,Filer,"Plot 979, Johar Town, Lahore",03294759652
45962-3234000-4,FBR-101752,Julie Beck,6052262,635339,Filer,"Kothi 472, Johar Town, Islamabad",03250330373
66819-6716183-8,FBR-101753,Jay Stanley,3865041,192145,Filer,"Flat 172, Model Town, Islamabad",03956048742
87741-5644920-5,FBR-101754,Rebecca A. Scott,4369202,363162,Filer,"Plot 918, DHA, Rawalpindi",03585044081
49560-6368708-1,FBR-101755,Mr. Jason Barnett,4421736,180499,Filer,"House 614, Gulberg, Islamabad",03544550664
12621-5700731-8,FBR-101756,Vincent A. Brown,873016,2176,Non-Filer,"Flat 693, Model Town, Islamabad",03044641689
47493-2796348-6,FBR-101757,Tracy Mcdonald,6266446,737663,Filer,"Plot 105, Model Town, Karachi",03445752571
84827-7739991-6,FBR-101758,Mr. John Anderson,1073476,1525,Non-Filer,"Plot 934, Model Town, Lahore",03767676925
11233-1498014-3,FBR-101759,Mr. Mark Palmer,6324948,377534,Filer,"Kothi 27, Bahria Town, Rawalpindi",03375889082
52727-1252421-9,FBR-101760,A. Greene,1041568,21652,Filer,"Kothi 222, Gulberg, Rawalpindi",03562483569
31432-1699722-8,FBR-101761,Ryan Jones,3570040,249519,Filer,"Flat 85, Johar Town, Karachi",03807799072
64237-2411481-3,FBR-101762,J. Schultz,2021078,42377,Filer,"Plot 326, Gulberg, Karachi",03589824949
54027-6583297-1,FBR-101763,Jessica Wilson,5388504,481443,Filer,"Kothi 813, DHA, Karachi",03660355676
88592-5484479-6,FBR-101764,Jennifer A. Blake,6776052,495941,Filer,"Kothi 976, Bahria Town, Rawalpindi",03507193233
54358-6343603-6,FBR-101765,Mr. Pamela Clark,4626226,435440,Filer,"Kothi 692, Bahria Town, Rawalpindi",03894069031
19218-8084416-6,FBR-101766,Matthew Ayers,430052,6734,Non-Filer,"Flat 239, Johar Town, Lahore",03756147388
19396-1670077-3,FBR-101767,M. Griffith,2398377,267139,Filer,"Flat 289, Model Town, Islamabad",03139324750
18368-7239392-9,FBR-101768,Ashley A. Barnett,5754606,465578,Filer,"Kothi 793, Gulberg, Rawalpindi",03219263289
11519-9074544-9,FBR-101769,A. Reed,1481370,28775,Filer,"Flat 98, Bahria Town, Karachi",03585114875
27395-2498043-2,FBR-101770,M. Mitchell,6409873,253546,Filer,"Flat 34, DHA, Rawalpindi",03992930442
21362-2923397-4,FBR-101771,Chaudhry Tanya Smith,1662710,133206,Filer,"Kothi 298, Johar Town, Lahore",03676056639
66388-6120437-2,FBR-101772,Kristine Carr,4250788,456263,Filer,"Flat 143, Gulberg, Islamabad",03602779591
39366-7116041-1,FBR-101773,Mr. Angela Brooks,2671348,234116,Filer,"Kothi 122, Model Town, Rawalpindi",03927771811
16671-7888554-5,FBR-101774,Mr. Maria Jennings,5664174,635523,Filer,"Kothi 326, Bahria Town, Rawalpindi",03728416046
51771-2417502-4,FBR-101775,Chaudhry Anna Murphy,2686795,87038,Filer,"Plot 336, DHA, Islamabad",03167366103
91627-3439192-3,FBR-101776,Mr. Michael Davis,2294749,199665,Filer,"House 255, Model Town, Islamabad",03408402443
86956-7934876-7,FBR-101777,Chaudhry Deborah Espinoza,5768355,663334,Filer,"House 170, DHA, Karachi",03230669375
90779-1972350-9,FBR-101778,Chaudhry Steven Jackson,4610035,519615,Filer,"House 293, Model Town, Lahore",03562194111
64189-6745931-8,FBR-101779,Tom Cook,2848861,320205,Filer,"Kothi 224, Model Town, Lahore",03790257425
92092-5212567-8,FBR-101780,Jessica Cherry,4466063,362899,Filer,"House 600, Gulberg, Islamabad",03455727359
73227-9258329-4,FBR-101781,Andrew Byrd,2420656,11521,Non-Filer,"Flat 368, Gulberg, Karachi",03567124362
82628-6105347-5,FBR-101782,Chaudhry Steven George,2606531,170475,Filer,"Plot 661, Gulberg, Rawalpindi",03741229857
32597-8253915-3,FBR-101783,Katherine A. Carter,6246313,352832,Filer,"Flat 810, Gulberg, Lahore",03608337286
23377-4276714-4,FBR-101784,Robert A. Deleon,5843053,605282,Filer,"House 40, Bahria Town, Rawalpindi",03048942974
14955-9429751-7,FBR-101785,Krystal Chavez,1761531,110392,Filer,"House 604, DHA, Lahore",03689557740
28042-1901020-9,FBR-101786,Todd Williams,6323001,291958,Filer,"Flat 724, Johar Town, Rawalpindi",03839289022
44034-6677674-3,FBR-101787,Mr. Rachel Riley,1257137,15255,Non-Filer,"Kothi 343, DHA, Islamabad",03172956929
46316-4758674-7,FBR-101788,Chaudhry David Howard,402681,9859,Non-Filer,"House 410, Bahria Town, Islamabad",03044315819
61079-3798664-1,FBR-101789,Earl A. Abbott,512294,5781,Non-Filer,"House 210, Gulberg, Karachi",03149310250
21353-7758007-5,FBR-101790,Caitlin A. Baker,6614302,688821,Filer,"Kothi 913, Gulberg, Islamabad",03334083663
13316-1718636-3,FBR-101791,K. Martinez,3276073,311923,Filer,"Kothi 271, Bahria Town, Lahore",03045566625
39247-9995438-9,FBR-101792,Anthony Atkins,1104594,63695,Filer,"House 184, Model Town, Karachi",03410992243
86257-7980601-4,FBR-101793,Chaudhry Frank Collins,5252109,539759,Filer,"Flat 70, Bahria Town, Islamabad",03565304563
97435-6013565-5,FBR-101794,Laura Moses,736210,3803,Non-Filer,"Kothi 709, Bahria Town, Lahore",03460265280
92451-3044626-4,FBR-101795,Mr. Michelle Shields,1015692,12834,Non-Filer,"House 971, Model Town, Rawalpindi",03354564429
76524-4343997-6,FBR-101796,Leslie A. MD,2691762,113758,Filer,"Kothi 360, Gulberg, Rawalpindi",03388092840
76380-9403820-7,FBR-101797,Chaudhry Jill Cunningham,4582339,294060,Filer,"House 941, Model Town, Islamabad",03444258877
76926-7032324-3,FBR-101798,Mr. Katie Jones,2696374,246223,Filer,"Plot 263, Bahria Town, Lahore",03732693529
23994-5930647-9,FBR-101799,Anthony A. Fletcher,1779621,211562,Filer,"Flat 517, Bahria Town, Rawalpindi",03825988382
74830-9730806-9,FBR-101800,Connor A. Buchanan,891475,6559,Non-Filer,"Plot 373, Bahria Town, Islamabad",03871093627
27396-6990254-5,FBR-101801,D. Alicia Bass,1439739,13449,Non-Filer,"Plot 168, Bahria Town, Rawalpindi",03889988605
86441-2190543-3,FBR-101802,Mr. Denise Delacruz,1550237,56559,Filer,"Plot 223, Gulberg, Lahore",03657714435
18208-4828429-8,FBR-101803,T. Hawkins,3945179,465277,Filer,"House 521, Bahria Town, Rawalpindi",03588551937
92572-8501528-5,FBR-101804,Nathan Davis,1668726,10065,Non-Filer,"Plot 541, Model Town, Karachi",03384730228
21169-1634046-7,FBR-101805,Mr. James Nelson MD,3203509,252283,Filer,"Flat 446, Johar Town, Karachi",03920817208
72310-6358858-4,FBR-101806,Nicole Martin,4418385,471240,Filer,"House 207, Gulberg, Lahore",03763646549
86872-2495804-6,FBR-101807,Chaudhry Clarence Brown,2296107,91126,Filer,"Flat 248, Gulberg, Rawalpindi",03310816114
45772-7000303-5,FBR-101808,William A. Wells,6040019,540851,Filer,"Kothi 759, Bahria Town, Lahore",03891898627
49231-5727714-8,FBR-101809,Mr. Peter Hendrix,5599064,189250,Filer,"Kothi 453, Johar Town, Islamabad",03932254144
27944-6137466-9,FBR-101810,Tyler Frye,2278152,49766,Filer,"House 989, Model Town, Rawalpindi",03734799607
61767-4860855-1,FBR-101811,Chelsea A. Vance,6254363,747078,Filer,"Flat 393, Model Town, Lahore",03568443344
53511-8177104-1,FBR-101812,Jane A. Thomas,2638952,248068,Filer,"Kothi 158, DHA, Rawalpindi",03079677326
12440-5651666-2,FBR-101813,Mr. Paul Calderon,6098209,357844,Filer,"Flat 778, Gulberg, Karachi",03120961500
42688-3207046-9,FBR-101814,Michael Mcbride,6438075,393690,Filer,"Kothi 364, Bahria Town, Lahore",03178971392
91856-2496110-6,FBR-101815,Chaudhry Donna Tyler,5659226,543167,Filer,"House 666, Gulberg, Karachi",03170249077
23372-4165755-8,FBR-101816,Cindy Wilson,5318322,328339,Filer,"Plot 650, Gulberg, Karachi",03329413801
64745-7600565-7,FBR-101817,R. Turner,4647852,510294,Filer,"Plot 476, Bahria Town, Islamabad",03748303218
33427-6237884-4,FBR-101818,Mr. Linda Wright,5145188,486080,Filer,"House 621, Gulberg, Rawalpindi",03391186231
43089-7687980-7,FBR-101819,J. Jones,2419204,62157,Filer,"Kothi 676, Gulberg, Islamabad",03888191644
70134-7678413-4,FBR-101820,Mr. Hector Butler,6479730,252120,Filer,"Plot 690, Bahria Town, Rawalpindi",03419912360
71913-4682966-9,FBR-101821,Chaudhry Nicholas Lam,4935764,477960,Filer,"House 488, DHA, Karachi",03678677338
82213-9444604-6,FBR-101822,Dr. A. Green,3805533,392436,Filer,"Flat 682, DHA, Rawalpindi",03126615742
53022-7419287-2,FBR-101823,Mr. Jamie Morrison,2191494,28987,Filer,"Kothi 217, Johar Town, Islamabad",03072907255
92557-3325772-7,FBR-101824,Mr. Andrea Wright,2411953,260082,Filer,"Kothi 375, Gulberg, Islamabad",03077826444
97717-7146105-8,FBR-101825,Mr. Anna Lewis,943328,1623,Non-Filer,"Kothi 626, Gulberg, Rawalpindi",03844181980
83765-8493528-2,FBR-101826,Alyssa Mathews MD,908883,5887,Non-Filer,"House 482, Gulberg, Islamabad",03957635860
84275-3805883-2,FBR-101827,T. Boyd,2305638,107303,Filer,"Kothi 489, Johar Town, Rawalpindi",03394150445
38057-4796073-1,FBR-101828,Chaudhry Jerry Thomas,2006591,106373,Filer,"Kothi 370, Gulberg, Rawalpindi",03863499591
54936-5115881-4,FBR-101829,Chaudhry Yvonne Young DVM,4815324,511099,Filer,"House 811, Model Town, Lahore",03252668873
46583-7709410-7,FBR-101830,Richard A. Wood,1633244,71610,Filer,"Kothi 9, Bahria Town, Islamabad",03381116808
52004-7334879-5,FBR-101831,Chaudhry Hannah Quinn,5747967,196744,Filer,"Flat 113, Model Town, Lahore",03795009464
24191-3945412-7,FBR-101832,Mr. Zachary Rodriguez,2371526,64621,Filer,"Flat 56, Johar Town, Lahore",03143399518
22863-6091191-9,FBR-101833,Mr. Michael Benton DVM,971397,6967,Non-Filer,"Plot 462, Johar Town, Karachi",03379041161
28164-3029998-7,FBR-101834,Mr. Rachel Turner,5593463,619610,Filer,"House 476, Johar Town, Islamabad",03623009710
39761-7181699-5,FBR-101835,Ronald Howard,2695594,193770,Filer,"Flat 280, Bahria Town, Islamabad",03688537923
48654-7358143-9,FBR-101836,Paul A. Davis,2001692,209171,Filer,"House 831, Johar Town, Karachi",03302450936
78263-8447899-6,FBR-101837,Mr. Alexander Melton,4262664,476029,Filer,"Plot 658, DHA, Lahore",03710246671
59482-3420111-9,FBR-101838,Melissa A. Perry,1568524,153670,Filer,"House 857, DHA, Islamabad",03882927545
54961-6638338-1,FBR-101839,Laura Lee,3863479,183672,Filer,"Plot 90, DHA, Rawalpindi",03355643656
67815-2205013-8,FBR-101840,L. Greene,3643350,429223,Filer,"Kothi 229, DHA, Karachi",03562088606
85587-9867353-7,FBR-101841,Kristin A. Graham,4963195,228408,Filer,"House 738, Model Town, Karachi",03007447270
46176-3320443-5,FBR-101842,Christine A. Hernandez,3885703,428344,Filer,"Flat 462, Johar Town, Rawalpindi",03394470360
60469-6094027-9,FBR-101843,Mr. Erica Riley DVM,505002,4057,Non-Filer,"House 678, DHA, Islamabad",03092735617
93108-7973095-3,FBR-101844,Mr. Steven Shelton,2550230,182889,Filer,"House 513, Bahria Town, Islamabad",03555084831
17169-3843380-2,FBR-101845,S. Allen,1010123,66128,Filer,"Plot 81, Model Town, Islamabad",03951969695
96043-5874297-5,FBR-101846,Mr. Nathan Thompson,3702772,329155,Filer,"Flat 341, Bahria Town, Rawalpindi",03101620058
24304-1004207-4,FBR-101847,D. West,2559750,161040,Filer,"Kothi 568, Model Town, Karachi",03839061828
77803-8457324-1,FBR-101848,Cory Cortez,4062772,210305,Filer,"Flat 945, Bahria Town, Lahore",03809926849
84857-3055249-8,FBR-101849,Thomas A. Ingram,1937340,207117,Filer,"Kothi 360, Johar Town, Islamabad",03511568802
76599-7938598-1,FBR-101850,Daniel A. Higgins,1943872,143126,Filer,"Kothi 331, Bahria Town, Rawalpindi",03667431468
44806-2333428-8,FBR-101851,Aimee Curtis,1774888,175965,Filer,"Flat 247, Gulberg, Lahore",03343339880
22857-2445099-4,FBR-101852,Chaudhry Jerry Thornton,1150333,11663,Non-Filer,"House 900, Gulberg, Lahore",03658122255
14754-4467032-6,FBR-101853,Mr. Kari Huff,1365350,12209,Non-Filer,"Kothi 622, Johar Town, Rawalpindi",03392621588
89139-3875863-2,FBR-101854,J. Luna,5727851,294443,Filer,"Flat 809, Johar Town, Karachi",03180223269
32815-7865255-4,FBR-101855,C. Ayers,5719733,267133,Filer,"House 58, DHA, Lahore",03875475296
83961-2637537-5,FBR-101856,Mr. Jeremy Grant,1545901,49701,Filer,"Flat 167, DHA, Islamabad",03101392301
71212-2061640-7,FBR-101857,Andrew A. Jenkins,1628354,37207,Filer,"House 225, Gulberg, Rawalpindi",03354355838
99049-4911735-5,FBR-101858,Mr. Mary Ali,6291102,584593,Filer,"Plot 940, Johar Town, Rawalpindi",03159259022
58944-1872513-3,FBR-101859,Mr. Debra Miller,6950228,288847,Filer,"Kothi 740, Bahria Town, Karachi",03667026255
43307-6766389-2,FBR-101860,Mr. Amanda Griffin,2360937,18365,Non-Filer,"House 937, Bahria Town, Islamabad",03224443594
13198-3470664-3,FBR-101861,Mr. Alejandro Davis,835739,42428,Filer,"Flat 937, Model Town, Islamabad",03162083222
26930-8276889-4,FBR-101862,Joseph Burton,2051328,16411,Non-Filer,"Plot 236, Gulberg, Karachi",03721746375
28606-8165090-4,FBR-101863,Chaudhry Brent Donaldson,424169,4774,Non-Filer,"Plot 438, Bahria Town, Islamabad",03231308994
58658-4595975-5,FBR-101864,Courtney Rodriguez,1129485,14693,Non-Filer,"Plot 98, Johar Town, Islamabad",03673760765
48625-9105013-3,FBR-101865,Jessica Hutchinson,2211746,96653,Filer,"House 123, DHA, Karachi",03550409208
37130-3275469-8,FBR-101866,Chaudhry Christopher Collins,3385775,183265,Filer,"Plot 989, DHA, Islamabad",03261488859
58530-2246292-2,FBR-101867,Paul A. Trujillo,1634662,20344,Filer,"Flat 807, Bahria Town, Karachi",03000368772
48346-9192119-9,FBR-101868,Alexander A. Walsh,1210872,18993,Non-Filer,"Kothi 548, Model Town, Rawalpindi",03492846596
27509-4343596-8,FBR-101869,K. Peterson,813793,8565,Non-Filer,"House 345, Gulberg, Rawalpindi",03813124169
92551-5290188-6,FBR-101870,Benjamin A. Martinez,1885272,219462,Filer,"Plot 502, DHA, Lahore",03491984829
64391-9220061-4,FBR-101871,Chaudhry Brian Rodriguez,4315313,489142,Filer,"Kothi 396, Bahria Town, Karachi",03422617576
12060-5134542-7,FBR-101872,Joshua Gonzalez,1668159,67930,Filer,"Plot 718, Gulberg, Islamabad",03038135664
10127-6741120-3,FBR-101873,P. Rodriguez,1475898,40317,Filer,"Flat 175, Gulberg, Islamabad",03954576624
91134-9024831-2,FBR-101874,Chaudhry Elizabeth Tucker,6849633,436085,Filer,"Flat 888, Bahria Town, Rawalpindi",03606617469
70004-3903768-9,FBR-101875,Donna Martinez,4164814,496151,Filer,"House 651, Johar Town, Karachi",03840372553
55772-8806173-9,FBR-101876,Beth A. Maddox,2647519,171001,Filer,"Flat 111, Model Town, Islamabad",03435217989
85591-9480394-4,FBR-101877,T. Turner,6340399,443872,Filer,"House 4, Johar Town, Rawalpindi",03722429498
59635-3167617-8,FBR-101878,Chaudhry Kimberly Reyes,3003478,215193,Filer,"House 86, Bahria Town, Lahore",03840198424
50474-9899280-7,FBR-101879,Mary A. Kirk,1923046,226170,Filer,"Plot 363, Model Town, Lahore",03891752601
35200-3436050-4,FBR-101880,Nathan Kennedy,4594779,355639,Filer,"Plot 826, Gulberg, Karachi",03585254318
86360-2099860-6,FBR-101881,Mr. Daniel Walker,5086201,207496,Filer,"House 839, Model Town, Lahore",03774912649
21510-3360894-8,FBR-101882,Mr. Marco Jackson,2051299,202296,Filer,"Flat 188, Gulberg, Islamabad",03793217107
21905-1917394-1,FBR-101883,Ryan Roberts,433461,870,Non-Filer,"Kothi 971, Model Town, Rawalpindi",03902661556
30102-4163690-2,FBR-101884,D. Smith,1848646,61332,Filer,"Kothi 827, Bahria Town, Karachi",03205469787
44688-9517543-6,FBR-101885,Mr. Eddie Sandoval,6674492,438732,Filer,"Plot 1, Johar Town, Lahore",03605298304
80792-9303607-9,FBR-101886,Chaudhry Greg Wood,6067414,622418,Filer,"Flat 780, Gulberg, Karachi",03962819408
90932-3752667-1,FBR-101887,Mr. Ashley Rogers,5011696,397974,Filer,"House 722, DHA, Islamabad",03253761994
90285-1582773-2,FBR-101888,Chaudhry Tanner Rivera,2993753,308397,Filer,"House 934, DHA, Lahore",03308630345
82196-7484509-1,FBR-101889,Mr. John Mathews,5904667,587398,Filer,"Plot 986, Gulberg, Karachi",03345836082
58833-5453347-3,FBR-101890,Mr. Jesus Gates,5181274,412957,Filer,"House 207, Bahria Town, Rawalpindi",03961656871
69068-5208412-2,FBR-101891,Shawn A. Harris,951136,46927,Filer,"Kothi 366, Bahria Town, Rawalpindi",03698280232
66503-3346052-7,FBR-101892,Mr. Jennifer Moody,3739526,159457,Filer,"House 570, Gulberg, Lahore",03161124618
59630-8556853-1,FBR-101893,Mr. Stephanie Sellers,3607823,362992,Filer,"Plot 592, Model Town, Rawalpindi",03191530138
11608-4721820-9,FBR-101894,Michael A. Campbell,6760826,268530,Filer,"Plot 581, Johar Town, Lahore",03356626771
88840-4022949-4,FBR-101895,Brandon A. Edwards,4770089,476749,Filer,"Kothi 199, Model Town, Rawalpindi",03161256537
61288-9432219-6,FBR-101896,Michelle Zavala,4379076,490287,Filer,"Plot 166, Gulberg, Karachi",03155116209
49316-4022101-6,FBR-101897,Michele Walker,2236020,17689,Non-Filer,"House 716, DHA, Karachi",03069474985
77953-6516213-5,FBR-101898,Mr. Thomas Green,658939,3454,Non-Filer,"Flat 44, Model Town, Islamabad",03775686685
17949-5017402-3,FBR-101899,Mr. Nancy Thomas,1573507,129726,Filer,"Kothi 785, Gulberg, Karachi",03363825540
54552-6639253-3,FBR-101900,Chaudhry Raymond Ibarra,1100706,13473,Non-Filer,"Flat 240, Gulberg, Lahore",03483304165
40376-5320293-6,FBR-101901,Joshua Bullock,5650380,552368,Filer,"House 241, Johar Town, Islamabad",03333186181
96384-2010804-9,FBR-101902,April Wilson,2766188,150397,Filer,"Kothi 390, Bahria Town, Lahore",03532012037
97005-1082875-6,FBR-101903,A. Wagner,5399607,227293,Filer,"Plot 74, Gulberg, Lahore",03729291657
41351-5758519-1,FBR-101904,Allison A. Martin,4175070,258035,Filer,"Plot 138, Johar Town, Islamabad",03901613972
31498-5227330-5,FBR-101905,J. White,5226250,212539,Filer,"Flat 819, Bahria Town, Rawalpindi",03916923969
89282-7099581-3,FBR-101906,Mr. Wesley Taylor,4533200,478749,Filer,"Plot 260, DHA, Karachi",03880500463
43547-1661663-6,FBR-101907,Alexandria A. Watkins,3954014,219158,Filer,"Flat 938, Johar Town, Lahore",03294047955
54680-6159391-8,FBR-101908,T. Watson,3260474,365682,Filer,"House 424, Gulberg, Rawalpindi",03919574293
37604-9254937-2,FBR-101909,Mr. Bethany Gilmore,1071180,27359,Filer,"House 52, Johar Town, Karachi",03765758755
53555-1670719-1,FBR-101910,Thomas Barnes,3338689,256423,Filer,"Plot 419, Gulberg, Lahore",03642184357
35398-2167536-3,FBR-101911,S. Reid,2303406,266566,Filer,"Plot 557, Gulberg, Lahore",03232723517
82687-3679973-4,FBR-101912,Melissa Powers,1872837,60660,Filer,"Flat 493, Bahria Town, Islamabad",03729677014
19408-6640402-3,FBR-101913,J. Miller,785558,14078,Non-Filer,"Flat 22, Bahria Town, Islamabad",03378989005
65326-2759440-3,FBR-101914,Rachel Beard,3226363,187576,Filer,"Plot 932, Bahria Town, Lahore",03526180949
40647-9331309-1,FBR-101915,Steven Lozano,812005,34712,Filer,"Flat 580, Johar Town, Islamabad",03799622881
98380-6587493-4,FBR-101916,Mr. Fernando Bullock,1791951,36537,Filer,"Kothi 453, Model Town, Lahore",03659159286
39058-7716111-1,FBR-101917,M. Fletcher,1042638,9557,Non-Filer,"House 145, DHA, Lahore",03131559733
99102-2200562-5,FBR-101918,A. Mcbride,1884589,197203,Filer,"Plot 333, Bahria Town, Lahore",03209210008
83124-2864045-9,FBR-101919,Mr. Kristina Johnson,2070885,168274,Filer,"Kothi 583, Model Town, Rawalpindi",03208530957
50251-5511111-5,FBR-101920,Chaudhry Dr. Stephanie Hernandez,1797623,92107,Filer,"Plot 920, Johar Town, Lahore",03570456860
35882-8859074-2,FBR-101921,Kenneth Thompson,855172,2037,Non-Filer,"Flat 226, Bahria Town, Lahore",03218126034
75140-1429496-6,FBR-101922,Johnny A. Johnson,3594964,380629,Filer,"House 63, DHA, Lahore",03666600210
37117-7285762-6,FBR-101923,Mr. Steven Marshall,5944082,501290,Filer,"House 718, Bahria Town, Lahore",03274099516
53167-1654170-3,FBR-101924,Chaudhry Gary Kelly,5589565,195145,Filer,"Flat 118, Bahria Town, Lahore",03667000915
33394-4746373-9,FBR-101925,Chaudhry Nicole Rodriguez,2180923,257384,Filer,"Flat 273, DHA, Rawalpindi",03214449715
52738-9419305-8,FBR-101926,Jasmine A. Allen,3799947,325555,Filer,"Flat 674, DHA, Rawalpindi",03298841419
33721-3320935-9,FBR-101927,Amanda Cohen,5246454,477969,Filer,"Flat 46, Model Town, Islamabad",03017993024
49292-9116841-9,FBR-101928,S. Jones,6404289,320012,Filer,"Kothi 543, Model Town, Karachi",03356515002
75887-6925879-8,FBR-101929,Mr. Nancy Anderson,4771478,261003,Filer,"Plot 452, Bahria Town, Karachi",03363654605
22545-7559218-9,FBR-101930,Matthew Williams,5770972,359564,Filer,"Flat 818, Gulberg, Rawalpindi",03945120871
78327-3908110-4,FBR-101931,Samantha Smith,3624484,425050,Filer,"House 431, Johar Town, Rawalpindi",03408098443
29412-1487848-8,FBR-101932,Chaudhry Abigail Mercer,6979277,380641,Filer,"Kothi 590, Johar Town, Rawalpindi",03077494385
36540-6055401-8,FBR-101933,Mr. Nichole Gallagher,3471617,110356,Filer,"House 314, Model Town, Karachi",03973025413
87987-6857501-4,FBR-101934,Sarah Patterson,1843324,119512,Filer,"Flat 126, DHA, Karachi",03340907200
22153-1006928-3,FBR-101935,Christian Tran,2491771,18562,Non-Filer,"Plot 514, DHA, Islamabad",03113371548
87446-3861351-8,FBR-101936,Cynthia A. Mitchell,3521671,325746,Filer,"House 157, DHA, Islamabad",03664981921
43230-3734901-7,FBR-101937,Chaudhry Michelle Moss,4009401,220118,Filer,"Flat 888, Bahria Town, Lahore",03876388844
45593-6465486-4,FBR-101938,Jon Nash,2898982,142802,Filer,"House 416, Model Town, Lahore",03741068855
23468-1232374-3,FBR-101939,S. Harris,6530050,318227,Filer,"Kothi 187, DHA, Islamabad",03064652183
48586-5108953-4,FBR-101940,Anthony Woods,1303417,17821,Non-Filer,"Plot 734, Model Town, Islamabad",03720647284
27969-6464724-9,FBR-101941,Chaudhry Kimberly Johnson,6902114,778492,Filer,"Flat 292, Johar Town, Islamabad",03792520886
39611-8862427-3,FBR-101942,Madison Hunter,3305675,191982,Filer,"Plot 528, Gulberg, Rawalpindi",03990135791
58287-3766192-9,FBR-101943,Shannon A. Becker,2142069,51658,Filer,"House 970, DHA, Lahore",03491983494
35761-3087792-9,FBR-101944,Jason Spencer,2294195,72738,Filer,"Kothi 442, Model Town, Karachi",03199821893
59407-7815085-8,FBR-101945,Chaudhry Erik Henson,1090873,20407,Filer,"House 128, Johar Town, Lahore",03727634042
45624-1143005-4,FBR-101946,M. Thornton,4785581,420840,Filer,"Kothi 311, DHA, Rawalpindi",03418834351
94366-7541910-7,FBR-101947,Chaudhry Tracy Osborn,6513254,334516,Filer,"House 882, Bahria Town, Lahore",03335444658
92707-8324817-9,FBR-101948,Mr. Jaime Soto,3723315,276691,Filer,"Kothi 730, Model Town, Karachi",03129153279
93442-9766522-2,FBR-101949,K. Ward,4486711,208628,Filer,"Kothi 980, Bahria Town, Lahore",03713749735
55801-5998083-8,FBR-101950,Erin A. Murphy,1679184,73161,Filer,"Flat 854, DHA, Rawalpindi",03050910785
42450-7939345-4,FBR-101951,K. Brady,4143005,164241,Filer,"Plot 171, Bahria Town, Karachi",03844366975
43546-6077861-7,FBR-101952,Emily A. Park,2129942,139797,Filer,"Kothi 565, Gulberg, Rawalpindi",03522627937
14627-6736965-6,FBR-101953,Chaudhry Jonathan Mitchell,1685716,35136,Filer,"House 56, Gulberg, Rawalpindi",03483949751
98954-8358076-8,FBR-101954,L. Smith,2320738,87267,Filer,"Kothi 613, DHA, Lahore",03359370455
99323-7108592-6,FBR-101955,Mr. William Dillon,2220720,221226,Filer,"Flat 135, Gulberg, Islamabad",03994494379
71338-3142540-9,FBR-101956,Mr. Laura Short,1321351,12066,Non-Filer,"Plot 588, DHA, Lahore",03570775111
73973-6391333-7,FBR-101957,Mr. Kathryn Adams,6909736,248164,Filer,"Flat 909, Model Town, Rawalpindi",03881457629
69489-2197693-8,FBR-101958,Michelle A. Frank,1212985,21813,Filer,"House 152, Bahria Town, Lahore",03272416669
79309-1853209-7,FBR-101959,S. Griffin,5438655,566457,Filer,"House 462, DHA, Karachi",03047162879
81276-6380701-9,FBR-101960,Sheila Jones,1674211,63730,Filer,"House 978, Model Town, Rawalpindi",03291009658
16575-2957825-3,FBR-101961,Duane Sanchez,5428712,229515,Filer,"Flat 209, Bahria Town, Rawalpindi",03503421075
93880-7058226-4,FBR-101962,James Evans,1146947,68691,Filer,"Plot 910, Johar Town, Karachi",03822603529
37275-4059902-9,FBR-101963,Dustin A. Horne,1216860,49931,Filer,"Plot 981, Bahria Town, Karachi",03731533044
93102-4497362-4,FBR-101964,Chaudhry Dawn Beard,1142837,65668,Filer,"Plot 925, Gulberg, Lahore",03701989407
41166-8411093-3,FBR-101965,N. Garcia,1693844,188789,Filer,"Plot 491, Model Town, Rawalpindi",03735541348
64884-4665835-3,FBR-101966,Chaudhry John Stewart,2777632,318419,Filer,"Flat 53, Model Town, Lahore",03866544710
72241-1081357-4,FBR-101967,Mr. Paul Mccormick,1243608,27847,Filer,"Flat 51, Model Town, Rawalpindi",03024858045
36132-6137356-7,FBR-101968,D. Davis,942865,14955,Non-Filer,"Kothi 607, Model Town, Lahore",03613439916
55448-3623800-3,FBR-101969,Mr. Kenneth Barajas,1287543,59594,Filer,"Plot 535, Bahria Town, Rawalpindi",03167481762
53370-7535758-2,FBR-101970,A. Dickerson,1740489,171967,Filer,"Plot 205, DHA, Rawalpindi",03412915660
75165-5570367-8,FBR-101971,A. Chang,1107219,19009,Non-Filer,"Flat 218, Model Town, Lahore",03363241067
30975-7077154-6,FBR-101972,M. Brennan,1985635,88856,Filer,"Flat 267, DHA, Karachi",03387809286
33593-5204702-8,FBR-101973,Bryan A. Rios,3034418,207439,Filer,"Plot 868, DHA, Rawalpindi",03930866591
42523-3979249-4,FBR-101974,Mr. John Beasley,4340978,397303,Filer,"Plot 908, Bahria Town, Lahore",03616255188
88430-8813921-5,FBR-101975,Adam A. Garcia,4197433,154340,Filer,"Kothi 92, Gulberg, Islamabad",03174456402
39363-1806203-7,FBR-101976,Mr. Elizabeth Mccormick,437658,13608,Non-Filer,"House 213, Johar Town, Karachi",03834156273
41104-7806959-5,FBR-101977,J. Perry,2964414,128154,Filer,"Plot 614, Model Town, Karachi",03740059430
56185-9086599-8,FBR-101978,Chaudhry Megan Walters,5899897,655025,Filer,"Plot 824, Gulberg, Islamabad",03492014297
40447-9604016-9,FBR-101979,Levi A. Villegas,6250051,445008,Filer,"Plot 628, Gulberg, Karachi",03248320552
76489-4661110-4,FBR-101980,Justin A. Rocha,502787,8365,Non-Filer,"Flat 813, Model Town, Islamabad",03911613980
68025-7407255-8,FBR-101981,Ronald Garcia,3098916,178782,Filer,"Kothi 517, Johar Town, Rawalpindi",03236361114
42902-7164197-9,FBR-101982,B. Moore,4914259,326250,Filer,"Plot 398, Gulberg, Rawalpindi",03143896556
43578-4439483-5,FBR-101983,Mr. Rachel Johnston,5860699,350542,Filer,"House 267, DHA, Karachi",03948112868
87494-5356572-6,FBR-101984,Stephanie Wong,1790392,30030,Filer,"Plot 82, Gulberg, Rawalpindi",03175350450
90531-2220781-7,FBR-101985,Mr. David Watkins,900035,8156,Non-Filer,"Kothi 278, Model Town, Islamabad",03786462814
40458-7402634-7,FBR-101986,Chaudhry Cindy Thomas,5931160,541561,Filer,"Plot 303, Model Town, Lahore",03434356513
69375-3582883-5,FBR-101987,Cody Johnston,1867202,16209,Non-Filer,"Flat 102, Bahria Town, Karachi",03533492707
11935-7484661-8,FBR-101988,Chaudhry Stephanie Bender,3765881,225766,Filer,"Plot 386, Bahria Town, Islamabad",03824437628
14768-9416586-3,FBR-101989,Chaudhry Cheryl Bates,983499,66786,Filer,"Flat 691, Johar Town, Rawalpindi",03155096252
52216-6017656-2,FBR-101990,Chaudhry Jasmine Greene,2138181,240841,Filer,"Flat 16, Model Town, Islamabad",03073093838
93273-4725439-1,FBR-101991,Chaudhry Michelle Cole,2378586,65513,Filer,"House 751, DHA, Karachi",03472058101
65312-5677193-5,FBR-101992,Donna A. Roberts,6764993,750672,Filer,"Kothi 936, Gulberg, Rawalpindi",03897449440
84223-9920253-3,FBR-101993,Mr. Garrett Wilson,1795800,48258,Filer,"Flat 249, DHA, Karachi",03847751049
25394-6729559-4,FBR-101994,Chaudhry Ashley Phillips,2685993,89814,Filer,"Flat 302, DHA, Islamabad",03326794109
33293-2662602-6,FBR-101995,A. Baker,1806899,194838,Filer,"Plot 844, DHA, Lahore",03963721528
49960-2060028-6,FBR-101996,M. Gomez,6227826,307700,Filer,"Flat 248, Gulberg, Rawalpindi",03344573148
87825-7245082-3,FBR-101997,Barbara A. Hendricks,3579245,150803,Filer,"Flat 294, DHA, Lahore",03704847230
69593-1507973-9,FBR-101998,K. Martin,2416819,16768,Non-Filer,"House 956, Gulberg, Karachi",03702250525
30193-3930233-2,FBR-101999,Chaudhry Maxwell Martin,3221214,177861,Filer,"Plot 959, DHA, Karachi",03616761186
