registry_no,cnic,buyer_name,property_address,city,province,date,transfer_date,property_type,area_marla,property_value_pkr,registry_office
REG-PUN-2022-19451,35202-1000606-2,S. Qureshi,"House 461, Street 12, Canal Road, Faisalabad",Faisalabad,Punjab,2022-03-02,2022-03-02,Farmhouse,40,79063052,Faisalabad Property Registry
REG-PUN-2017-51322,42101-1001502-4,Khalid Malik,"House 465, Street 9, Gulgasht, Multan",Multan,Punjab,2017-08-10,2017-08-10,Apartment,20,7364596,Multan Property Registry
REG-PUN-2019-63068,42101-1001502-4,K. Malik,"House 351, Street 3, Cantt, Multan",Multan,Punjab,2019-07-12,2019-07-12,Plot,12,20838564,Multan Property Registry
REG-PUN-2026-64103,33100-1001367-9,Ali Raza,"House 303, Street 32, Civil Lines, Gujranwala",Gujranwala,Punjab,2026-12-06,2026-12-06,Apartment,7,7430589,Gujranwala Property Registry
REG-PUN-2024-28176,33100-1001367-9,Ali Raza,"House 303, Street 20, Wapda Town, Gujranwala",Gujranwala,Punjab,2024-05-18,2024-05-18,Plot,3,17508156,Gujranwala Property Registry
REG-PUN-2020-98960,45501-1001027-9,U. Farooq,"House 16, Street 2, Satellite Town, Rawalpindi",Rawalpindi,Punjab,2020-11-20,2020-11-20,Commercial Plaza,20,28988151,Rawalpindi Property Registry
REG-PUN-2024-41674,61101-1000688-6,Asad Iqbal,"House 858, Street 31, DHA Multan, Multan",Multan,Punjab,2024-06-17,2024-06-17,Plot,40,39115605,Multan Property Registry
REG-PUN-2020-33697,42101-1001730-0,Danish Butt,"House 101, Street 7, Gulberg, Faisalabad",Faisalabad,Punjab,2020-03-13,2020-03-13,Apartment,5,10771298,Faisalabad Property Registry
REG-PUN-2017-32622,42101-1001730-0,Chaudhry Danish Butt,"House 769, Street 35, D Ground, Faisalabad",Faisalabad,Punjab,2017-08-07,2017-08-07,Commercial Plaza,7,61840483,Faisalabad Property Registry
REG-PUN-2025-40117,42101-1001730-0,Danish Butt,"House 152, Street 11, Canal Road, Faisalabad",Faisalabad,Punjab,2025-06-17,2025-06-17,House,12,30554606,Faisalabad Property Registry
REG-PUN-2025-15082,61101-1001592-4,Maham Tariq,"House 427, Street 26, Shah Rukn-e-Alam, Multan",Multan,Punjab,2025-11-04,2025-11-04,Apartment,20,8595085,Multan Property Registry
REG-ISL-2022-38806,35202-1000003-1,H. Khan,"House 860, Street 6, E-11, Islamabad",Islamabad,Islamabad,2022-03-23,2022-03-23,House,10,22142383,Islamabad Property Registry
REG-PUN-2016-86827,45501-1000123-1,Kashif Javed Sahib,"House 339, Street 25, Saddar, Rawalpindi",Rawalpindi,Punjab,2016-08-14,2016-08-14,Plot,10,13538539,Rawalpindi Property Registry
REG-PUN-2020-84542,45501-1000123-1,K. Javed,"House 226, Street 1, Bahria Town, Rawalpindi",Rawalpindi,Punjab,2020-01-11,2020-01-11,Plot,5,25365364,Rawalpindi Property Registry
REG-BAL-2018-21943,17301-1001880-0,Chaudhry Sara Ahmed,"House 123, Street 33, Satellite Town, Quetta",Quetta,Balochistan,2018-10-20,2018-10-20,House,7,57002957,Quetta Property Registry
REG-BAL-2025-73122,17301-1001880-0,Sara Ahmed Sahib,"House 334, Street 26, Satellite Town, Quetta",Quetta,Balochistan,2025-12-20,2025-12-20,Plot,40,24596449,Quetta Property Registry
REG-SIN-2025-79837,17301-1000652-4,Chaudhry Muneeb Akhtar,"House 900, Street 30, Hussainabad, Hyderabad",Hyderabad,Sindh,2025-09-30,2025-09-30,Apartment,5,29953704,Hyderabad Property Registry
REG-SIN-2020-75654,17301-1000128-6,A. Iqbal,"House 487, Street 1, Military Road, Sukkur",Sukkur,Sindh,2020-11-02,2020-11-02,House,12,76146973,Sukkur Property Registry
REG-ISL-2018-83902,35202-1001486-2,Fahad Mirza,"House 194, Street 27, DHA Phase 2, Islamabad",Islamabad,Islamabad,2018-11-27,2018-11-27,Farmhouse,7,72238617,Islamabad Property Registry
REG-SIN-2019-45332,61101-1001915-5,Sara Ahmed,"House 93, Street 26, Gulshan-e-Iqbal, Karachi",Karachi,Sindh,2019-07-09,2019-07-09,Commercial Plaza,12,121125443,Karachi Property Registry
REG-KPK-2017-39141,45501-1001134-8,Chaudhry Nimra Aslam,"House 643, Street 31, Hayatabad, Peshawar",Peshawar,KPK,2017-08-19,2017-08-19,Apartment,7,6644724,Peshawar Property Registry
REG-SIN-2026-95068,35202-1000330-0,Danish Butt,"House 684, Street 2, Bahadurabad, Karachi",Karachi,Sindh,2026-01-25,2026-01-25,Commercial Plaza,7,111216160,Karachi Property Registry
REG-PUN-2025-91196,42101-1001954-8,Nida Hussain,"House 465, Street 11, DHA Multan, Multan",Multan,Punjab,2025-05-20,2025-05-20,Farmhouse,3,40497811,Multan Property Registry
REG-KPK-2022-13020,54400-1001285-5,Sara Ahmed Sahib,"House 236, Street 20, Gulbahar, Peshawar",Peshawar,KPK,2022-02-24,2022-02-24,Apartment,10,17183087,Peshawar Property Registry
REG-PUN-2026-37657,17301-1000077-9,A. Khan,"House 279, Street 4, Satellite Town, Rawalpindi",Rawalpindi,Punjab,2026-06-15,2026-06-15,Farmhouse,20,81001453,Rawalpindi Property Registry
REG-PUN-2018-47022,42101-1000171-7,N. Raza,"House 608, Street 16, Chaklala, Rawalpindi",Rawalpindi,Punjab,2018-01-31,2018-01-31,Plot,5,18378368,Rawalpindi Property Registry
REG-PUN-2017-25953,33100-1001375-5,Zainab Ahmed Sahib,"House 564, Street 16, Chaklala, Rawalpindi",Rawalpindi,Punjab,2017-05-29,2017-05-29,Plot,3,19805983,Rawalpindi Property Registry
REG-BAL-2023-57705,54400-1000011-7,Saad Qureshi,"House 459, Street 15, Cantt, Quetta",Quetta,Balochistan,2023-08-02,2023-08-02,House,40,28387833,Quetta Property Registry
REG-KPK-2016-75497,35202-1001343-1,Hira Shah Sahib,"House 165, Street 5, Warsak Road, Peshawar",Peshawar,KPK,2016-05-24,2016-05-24,House,3,87577185,Peshawar Property Registry
REG-KPK-2021-53771,35202-1001343-1,Hira Shah,"House 439, Street 11, Saddar, Peshawar",Peshawar,KPK,2021-01-01,2021-01-01,House,12,8477433,Peshawar Property Registry
REG-PUN-2024-60039,35202-1001562-4,Muneeb Akhtar Sahib,"House 502, Street 5, DHA Phase 5, Lahore",Lahore,Punjab,2024-12-29,2024-12-29,Plot,7,25467637,Lahore Property Registry
REG-PUN-2024-52760,35202-1001562-4,Muneeb Akhtar Sahib,"House 958, Street 20, Gulberg, Lahore",Lahore,Punjab,2024-03-07,2024-03-07,House,12,15011618,Lahore Property Registry
REG-PUN-2017-86049,54400-1000690-0,Sara Ahmed,"House 43, Street 5, D Ground, Faisalabad",Faisalabad,Punjab,2017-12-31,2017-12-31,Apartment,7,13114381,Faisalabad Property Registry
REG-SIN-2022-23603,45501-1001587-9,Umer Farooq Sahib,"House 237, Street 26, Clifton, Karachi",Karachi,Sindh,2022-09-20,2022-09-20,Apartment,5,30428442,Karachi Property Registry
REG-SIN-2019-11129,45501-1001587-9,Chaudhry Umer Farooq,"House 291, Street 31, Nazimabad, Karachi",Karachi,Sindh,2019-08-09,2019-08-09,Commercial Plaza,3,63572261,Karachi Property Registry
REG-PUN-2021-97054,35202-1001839-3,Chaudhry Rabia Noor,"House 342, Street 30, Shah Rukn-e-Alam, Multan",Multan,Punjab,2021-07-25,2021-07-25,Apartment,3,16686867,Multan Property Registry
REG-ISL-2017-13213,35202-1001494-8,Chaudhry Laiba Khan,"House 900, Street 7, F-10, Islamabad",Islamabad,Islamabad,2017-05-03,2017-05-03,Apartment,20,31214880,Islamabad Property Registry
REG-SIN-2017-78067,54400-1001135-5,Danish Butt,"House 17, Street 3, New Pind, Sukkur",Sukkur,Sindh,2017-02-24,2017-02-24,Apartment,3,8900657,Sukkur Property Registry
REG-PUN-2017-38239,33100-1000285-5,Usman Malik,"House 173, Street 10, Peoples Colony, Gujranwala",Gujranwala,Punjab,2017-03-29,2017-03-29,Commercial Plaza,3,156028720,Gujranwala Property Registry
REG-BAL-2016-40027,42101-1001907-9,Maham Tariq,"House 625, Street 3, Samungli Road, Quetta",Quetta,Balochistan,2016-06-08,2016-06-08,Plot,7,15308494,Quetta Property Registry
REG-SIN-2017-29050,42101-1000684-8,R. Noor,"House 692, Street 30, Clifton, Karachi",Karachi,Sindh,2017-03-18,2017-03-18,Commercial Plaza,5,169080435,Karachi Property Registry
REG-KPK-2016-37366,45501-1000765-5,Huma Ghani,"House 913, Street 28, University Road, Peshawar",Peshawar,KPK,2016-07-14,2016-07-14,Commercial Plaza,3,116889383,Peshawar Property Registry
REG-ISL-2023-47934,54400-1000313-1,Shazia Butt,"House 738, Street 20, E-11, Islamabad",Islamabad,Islamabad,2023-12-02,2023-12-02,House,7,30875373,Islamabad Property Registry
REG-ISL-2022-70161,54400-1000313-1,S. Butt,"House 387, Street 28, Bahria Enclave, Islamabad",Islamabad,Islamabad,2022-09-20,2022-09-20,Commercial Plaza,7,48299064,Islamabad Property Registry
REG-ISL-2019-69679,54400-1000313-1,Shazia Butt Sahib,"House 742, Street 13, G-11, Islamabad",Islamabad,Islamabad,2019-08-15,2019-08-15,House,12,31800421,Islamabad Property Registry
REG-KPK-2020-68047,45501-1000221-7,Saad Qureshi,"House 612, Street 20, Gulbahar, Peshawar",Peshawar,KPK,2020-06-01,2020-06-01,House,5,75209945,Peshawar Property Registry
REG-KPK-2021-17089,45501-1000221-7,Saad Qureshi Sahib,"House 732, Street 17, Warsak Road, Peshawar",Peshawar,KPK,2021-07-04,2021-07-04,Farmhouse,12,34567454,Peshawar Property Registry
REG-PUN-2026-85049,61101-1000546-2,T. Hussain,"House 515, Street 3, Canal Road, Faisalabad",Faisalabad,Punjab,2026-10-28,2026-10-28,Plot,7,22400847,Faisalabad Property Registry
REG-PUN-2017-93867,54400-1000130-0,Sara Ahmed,"House 468, Street 22, Gulgasht, Multan",Multan,Punjab,2017-07-29,2017-07-29,Commercial Plaza,20,81643448,Multan Property Registry
REG-ISL-2023-46785,61101-1001133-1,Hira Shah,"House 851, Street 24, F-10, Islamabad",Islamabad,Islamabad,2023-06-06,2023-06-06,Plot,10,26711239,Islamabad Property Registry
REG-BAL-2022-87127,54400-1000157-9,Maham Tariq Sahib,"House 502, Street 21, Satellite Town, Quetta",Quetta,Balochistan,2022-11-04,2022-11-04,Apartment,5,28111655,Quetta Property Registry
REG-SIN-2018-83200,35202-1000640-0,Zainab Ahmed,"House 699, Street 13, Nazimabad, Karachi",Karachi,Sindh,2018-03-10,2018-03-10,Farmhouse,12,28230164,Karachi Property Registry
REG-PUN-2026-13992,54400-1000170-0,Huma Ghani Sahib,"House 313, Street 31, Bosan Road, Multan",Multan,Punjab,2026-09-17,2026-09-17,Farmhouse,40,33813166,Multan Property Registry
REG-ISL-2025-65395,35202-1001271-7,Saad Qureshi Sahib,"House 157, Street 7, G-11, Islamabad",Islamabad,Islamabad,2025-12-06,2025-12-06,Apartment,5,31388932,Islamabad Property Registry
REG-ISL-2022-89832,35202-1001271-7,Saad Qureshi Sahib,"House 137, Street 12, F-10, Islamabad",Islamabad,Islamabad,2022-05-08,2022-05-08,Plot,10,3547387,Islamabad Property Registry
REG-PUN-2021-39601,42101-1001588-6,Hira Shah,"House 10, Street 23, DHA Multan, Multan",Multan,Punjab,2021-03-15,2021-03-15,Plot,40,3974710,Multan Property Registry
REG-PUN-2017-76145,42101-1001588-6,Hira Shah,"House 904, Street 15, Cantt, Multan",Multan,Punjab,2017-04-10,2017-04-10,House,3,8885957,Multan Property Registry
REG-PUN-2026-64133,42101-1001588-6,Chaudhry Hira Shah,"House 98, Street 34, Gulgasht, Multan",Multan,Punjab,2026-01-13,2026-01-13,House,10,64604267,Multan Property Registry
REG-SIN-2022-22556,42101-1001958-6,Shazia Butt,"House 456, Street 19, Military Road, Sukkur",Sukkur,Sindh,2022-02-23,2022-02-23,Plot,7,12243104,Sukkur Property Registry
REG-PUN-2023-90513,54400-1001691-7,Saad Qureshi,"House 684, Street 30, DHA Multan, Multan",Multan,Punjab,2023-12-25,2023-12-25,Commercial Plaza,7,130492954,Multan Property Registry
REG-SIN-2024-98884,35202-1001726-2,Chaudhry Saad Qureshi,"House 837, Street 31, New Pind, Sukkur",Sukkur,Sindh,2024-03-30,2024-03-30,Plot,3,8684598,Sukkur Property Registry
REG-SIN-2021-81060,35202-1001726-2,S. Qureshi,"House 241, Street 7, Military Road, Sukkur",Sukkur,Sindh,2021-07-25,2021-07-25,Plot,5,9202403,Sukkur Property Registry
REG-PUN-2024-92542,45501-1001377-9,Umer Farooq,"House 191, Street 15, Saddar, Rawalpindi",Rawalpindi,Punjab,2024-09-29,2024-09-29,House,7,41145767,Rawalpindi Property Registry
REG-PUN-2026-54261,17301-1001860-0,Usman Malik,"House 29, Street 30, Wapda Town, Gujranwala",Gujranwala,Punjab,2026-07-13,2026-07-13,Commercial Plaza,5,49080182,Gujranwala Property Registry
REG-PUN-2022-61232,42101-1001143-1,A. Iqbal,"House 734, Street 19, Satellite Town, Rawalpindi",Rawalpindi,Punjab,2022-07-24,2022-07-24,Commercial Plaza,12,153936933,Rawalpindi Property Registry
REG-PUN-2017-83928,42101-1001143-1,Asad Iqbal,"House 490, Street 5, Saddar, Rawalpindi",Rawalpindi,Punjab,2017-11-02,2017-11-02,House,12,58633066,Rawalpindi Property Registry
REG-PUN-2020-77595,61101-1000381-7,N. Raza,"House 409, Street 21, Bahria Town, Rawalpindi",Rawalpindi,Punjab,2020-02-16,2020-02-16,Farmhouse,10,70851032,Rawalpindi Property Registry
REG-PUN-2022-33980,61101-1000381-7,Naveed Raza Sahib,"House 443, Street 11, Satellite Town, Rawalpindi",Rawalpindi,Punjab,2022-08-09,2022-08-09,Plot,7,9107338,Rawalpindi Property Registry
REG-SIN-2017-95443,17301-1000960-0,D. Butt,"House 729, Street 13, Queens Road, Sukkur",Sukkur,Sindh,2017-05-22,2017-05-22,Plot,10,19248886,Sukkur Property Registry
REG-SIN-2022-90202,45501-1001938-6,Hira Shah,"House 756, Street 10, Nazimabad, Karachi",Karachi,Sindh,2022-07-14,2022-07-14,Farmhouse,20,110988055,Karachi Property Registry
REG-KPK-2023-86000,61101-1000430-0,Zainab Ahmed Sahib,"House 484, Street 15, University Road, Peshawar",Peshawar,KPK,2023-06-06,2023-06-06,Apartment,12,9805142,Peshawar Property Registry
REG-PUN-2017-52583,45501-1000796-2,Mariam Malik,"House 452, Street 31, Bosan Road, Multan",Multan,Punjab,2017-06-30,2017-06-30,Farmhouse,12,60737868,Multan Property Registry
REG-PUN-2022-54463,45501-1000796-2,Mariam Malik,"House 327, Street 24, Bosan Road, Multan",Multan,Punjab,2022-12-15,2022-12-15,Commercial Plaza,10,75887413,Multan Property Registry
REG-PUN-2018-36534,42101-1001453-1,Kashif Javed,"House 78, Street 35, Satellite Town, Gujranwala",Gujranwala,Punjab,2018-12-04,2018-12-04,Farmhouse,12,99524431,Gujranwala Property Registry
REG-PUN-2020-91456,42101-1001453-1,Kashif Javed,"House 560, Street 26, Peoples Colony, Gujranwala",Gujranwala,Punjab,2020-10-28,2020-10-28,Commercial Plaza,3,32422121,Gujranwala Property Registry
REG-BAL-2021-24996,17301-1000795-5,S. Ahmed,"House 872, Street 16, Samungli Road, Quetta",Quetta,Balochistan,2021-10-30,2021-10-30,Commercial Plaza,5,129542164,Quetta Property Registry
REG-SIN-2025-34730,35202-1001701-7,Taha Hussain Sahib,"House 716, Street 4, Qasimabad, Hyderabad",Hyderabad,Sindh,2025-07-09,2025-07-09,Plot,5,21032070,Hyderabad Property Registry
REG-SIN-2022-24614,35202-1001701-7,Taha Hussain,"House 343, Street 3, Latifabad, Hyderabad",Hyderabad,Sindh,2022-01-04,2022-01-04,House,5,52925894,Hyderabad Property Registry
REG-SIN-2021-76925,35202-1001346-2,Fahad Mirza,"House 386, Street 23, Rohri, Sukkur",Sukkur,Sindh,2021-12-22,2021-12-22,Plot,3,5612875,Sukkur Property Registry
REG-PUN-2024-49693,33100-1001429-3,Nida Hussain,"House 802, Street 27, Bahria Town, Lahore",Lahore,Punjab,2024-05-08,2024-05-08,Plot,20,36371619,Lahore Property Registry
REG-PUN-2016-99118,35202-1001706-2,Mariam Malik,"House 565, Street 27, Satellite Town, Rawalpindi",Rawalpindi,Punjab,2016-01-18,2016-01-18,Apartment,3,30743503,Rawalpindi Property Registry
REG-BAL-2023-53762,35202-1001792-4,A. Khan,"House 181, Street 32, Cantt, Quetta",Quetta,Balochistan,2023-04-05,2023-04-05,Apartment,40,31580041,Quetta Property Registry
REG-BAL-2016-70287,35202-1001792-4,Ayesha Khan Sahib,"House 752, Street 22, Cantt, Quetta",Quetta,Balochistan,2016-11-16,2016-11-16,Commercial Plaza,5,89091676,Quetta Property Registry
REG-BAL-2025-51997,35202-1001792-4,Ayesha Khan,"House 485, Street 24, Brewery Road, Quetta",Quetta,Balochistan,2025-04-12,2025-04-12,House,20,78551628,Quetta Property Registry
REG-PUN-2020-12274,54400-1000586-2,Mariam Malik Sahib,"House 323, Street 3, Civil Lines, Gujranwala",Gujranwala,Punjab,2020-03-24,2020-03-24,House,5,10512785,Gujranwala Property Registry
REG-PUN-2019-39599,54400-1001896-2,Chaudhry Hamza Sheikh,"House 328, Street 2, Bahria Town, Lahore",Lahore,Punjab,2019-10-07,2019-10-07,Plot,12,38660025,Lahore Property Registry
REG-PUN-2024-16407,54400-1001896-2,Hamza Sheikh,"House 806, Street 29, Model Town, Lahore",Lahore,Punjab,2024-01-26,2024-01-26,Apartment,10,32891371,Lahore Property Registry
REG-BAL-2017-50252,61101-1000544-8,Rabia Noor,"House 922, Street 15, Samungli Road, Quetta",Quetta,Balochistan,2017-07-24,2017-07-24,Apartment,7,15076200,Quetta Property Registry
REG-PUN-2020-11056,45501-1000928-6,Kashif Javed Sahib,"House 893, Street 33, Gulgasht, Multan",Multan,Punjab,2020-09-11,2020-09-11,Apartment,3,28399004,Multan Property Registry
REG-SIN-2017-75079,17301-1000528-6,Hassan Khan,"House 219, Street 16, Rohri, Sukkur",Sukkur,Sindh,2017-12-23,2017-12-23,Apartment,5,10740854,Sukkur Property Registry
REG-PUN-2024-42524,45501-1000247-9,Ali Raza Sahib,"House 761, Street 29, Model Town, Gujranwala",Gujranwala,Punjab,2024-04-01,2024-04-01,Farmhouse,7,61584336,Gujranwala Property Registry
REG-ISL-2022-16378,17301-1000963-1,Kashif Javed,"House 44, Street 22, E-11, Islamabad",Islamabad,Islamabad,2022-11-30,2022-11-30,Apartment,10,21487657,Islamabad Property Registry
REG-BAL-2022-92011,42101-1001372-4,Ayesha Khan,"House 394, Street 24, Satellite Town, Quetta",Quetta,Balochistan,2022-01-25,2022-01-25,Plot,12,19701739,Quetta Property Registry
REG-PUN-2026-83545,35202-1001011-7,N. Raza,"House 172, Street 30, Madina Town, Faisalabad",Faisalabad,Punjab,2026-09-11,2026-09-11,Plot,3,27246017,Faisalabad Property Registry
REG-PUN-2023-85485,35202-1001011-7,Naveed Raza,"House 733, Street 30, Madina Town, Faisalabad",Faisalabad,Punjab,2023-01-26,2023-01-26,Commercial Plaza,5,92249593,Faisalabad Property Registry
REG-BAL-2017-38401,61101-1000225-5,D. Butt,"House 483, Street 14, Brewery Road, Quetta",Quetta,Balochistan,2017-04-01,2017-04-01,Farmhouse,12,64146332,Quetta Property Registry
REG-BAL-2025-86500,61101-1000225-5,Danish Butt,"House 698, Street 1, Jinnah Town, Quetta",Quetta,Balochistan,2025-01-27,2025-01-27,Commercial Plaza,12,175986108,Quetta Property Registry
REG-PUN-2022-57665,42101-1001994-8,Chaudhry Amna Chaudhry,"House 908, Street 14, Bahria Town, Lahore",Lahore,Punjab,2022-02-05,2022-02-05,Apartment,20,19767881,Lahore Property Registry
REG-SIN-2024-74206,42101-1000019-3,Rabia Noor,"House 287, Street 7, Clifton, Karachi",Karachi,Sindh,2024-11-22,2024-11-22,House,12,77189814,Karachi Property Registry
REG-SIN-2023-17919,45501-1000558-6,Shazia Butt,"House 940, Street 33, Auto Bhan, Hyderabad",Hyderabad,Sindh,2023-07-01,2023-07-01,Plot,7,35015638,Hyderabad Property Registry
REG-SIN-2024-72450,45501-1000558-6,Chaudhry Shazia Butt,"House 252, Street 5, Qasimabad, Hyderabad",Hyderabad,Sindh,2024-10-11,2024-10-11,Farmhouse,20,31044419,Hyderabad Property Registry
REG-SIN-2024-28565,45501-1000558-6,Shazia Butt Sahib,"House 771, Street 32, Qasimabad, Hyderabad",Hyderabad,Sindh,2024-12-29,2024-12-29,Apartment,7,26029926,Hyderabad Property Registry
REG-SIN-2026-55566,54400-1001850-0,Huma Ghani,"House 402, Street 1, DHA Phase 6, Karachi",Karachi,Sindh,2026-05-01,2026-05-01,Commercial Plaza,3,136407024,Karachi Property Registry
REG-KPK-2020-23783,61101-1000203-1,Kamran Qureshi,"House 20, Street 22, Warsak Road, Peshawar",Peshawar,KPK,2020-05-30,2020-05-30,Farmhouse,40,103467707,Peshawar Property Registry
REG-PUN-2026-99950,61101-1001150-0,Huma Ghani,"House 858, Street 25, Wapda Town, Gujranwala",Gujranwala,Punjab,2026-07-12,2026-07-12,Apartment,40,21921923,Gujranwala Property Registry
REG-KPK-2017-85798,42101-1000148-6,Fatima Ali Sahib,"House 439, Street 23, University Road, Peshawar",Peshawar,KPK,2017-07-03,2017-07-03,Commercial Plaza,20,82287369,Peshawar Property Registry
REG-SIN-2024-38456,45501-1000173-1,Shazia Butt,"House 259, Street 20, Rohri, Sukkur",Sukkur,Sindh,2024-05-12,2024-05-12,Apartment,12,26805936,Sukkur Property Registry
REG-PUN-2016-64905,35202-1001926-2,Muhammad Ahmed,"House 521, Street 31, Satellite Town, Gujranwala",Gujranwala,Punjab,2016-04-12,2016-04-12,Commercial Plaza,10,111152324,Gujranwala Property Registry
REG-PUN-2018-52165,54400-1000579-3,Rabia Noor,"House 426, Street 18, Cantt, Multan",Multan,Punjab,2018-12-30,2018-12-30,Commercial Plaza,20,134435768,Multan Property Registry
REG-PUN-2018-90191,54400-1000579-3,Rabia Noor Sahib,"House 479, Street 35, Shah Rukn-e-Alam, Multan",Multan,Punjab,2018-07-10,2018-07-10,Farmhouse,12,53720386,Multan Property Registry
REG-SIN-2025-49175,35202-1001946-2,T. Hussain,"House 990, Street 10, DHA Phase 6, Karachi",Karachi,Sindh,2025-04-16,2025-04-16,Apartment,40,29067613,Karachi Property Registry
REG-PUN-2022-30736,35202-1001789-3,Bilal Ahmed,"House 290, Street 30, Model Town, Lahore",Lahore,Punjab,2022-04-11,2022-04-11,Apartment,40,29991421,Lahore Property Registry
REG-SIN-2021-84031,42101-1000101-7,N. Raza,"House 536, Street 7, Nazimabad, Karachi",Karachi,Sindh,2021-10-17,2021-10-17,Plot,40,21916284,Karachi Property Registry
REG-BAL-2026-42530,35202-1001690-0,Chaudhry Zainab Ahmed,"House 948, Street 5, Jinnah Town, Quetta",Quetta,Balochistan,2026-04-03,2026-04-03,House,12,24632368,Quetta Property Registry
REG-ISL-2023-18113,33100-1001522-4,M. Tariq,"House 297, Street 13, Bahria Enclave, Islamabad",Islamabad,Islamabad,2023-08-17,2023-08-17,Farmhouse,40,78616713,Islamabad Property Registry
REG-PUN-2022-63787,42101-1001061-7,Saad Qureshi Sahib,"House 149, Street 15, Civil Lines, Gujranwala",Gujranwala,Punjab,2022-09-10,2022-09-10,Plot,5,35090892,Gujranwala Property Registry
REG-PUN-2018-67399,54400-1000390-0,Usman Malik,"House 843, Street 32, Wapda Town, Gujranwala",Gujranwala,Punjab,2018-02-25,2018-02-25,Farmhouse,3,92481127,Gujranwala Property Registry
REG-PUN-2020-54698,17301-1000260-0,Danish Butt,"House 262, Street 29, Civil Lines, Gujranwala",Gujranwala,Punjab,2020-11-23,2020-11-23,Commercial Plaza,20,57608182,Gujranwala Property Registry
REG-PUN-2026-45740,61101-1001600-0,Chaudhry Sara Ahmed,"House 29, Street 34, Civil Lines, Gujranwala",Gujranwala,Punjab,2026-04-02,2026-04-02,Farmhouse,12,52695755,Gujranwala Property Registry
REG-SIN-2025-57808,33100-1000738-6,H. Khan,"House 98, Street 31, Queens Road, Sukkur",Sukkur,Sindh,2025-03-23,2025-03-23,Farmhouse,12,40759788,Sukkur Property Registry
REG-PUN-2016-71000,17301-1001766-2,Fahad Mirza,"House 780, Street 11, Model Town, Gujranwala",Gujranwala,Punjab,2016-09-15,2016-09-15,Farmhouse,40,28114996,Gujranwala Property Registry
REG-PUN-2016-31078,42101-1000126-2,T. Hussain,"House 258, Street 34, Gulgasht, Multan",Multan,Punjab,2016-03-02,2016-03-02,Plot,3,6341859,Multan Property Registry
REG-KPK-2026-69997,54400-1000870-0,Huma Ghani,"House 63, Street 3, Gulbahar, Peshawar",Peshawar,KPK,2026-05-04,2026-05-04,Plot,20,28228412,Peshawar Property Registry
REG-PUN-2020-91963,17301-1001908-6,Kashif Javed,"House 757, Street 15, Model Town, Gujranwala",Gujranwala,Punjab,2020-12-03,2020-12-03,Plot,5,8174510,Gujranwala Property Registry
REG-PUN-2021-52761,17301-1001908-6,K. Javed,"House 150, Street 7, Model Town, Gujranwala",Gujranwala,Punjab,2021-12-13,2021-12-13,Commercial Plaza,20,156137806,Gujranwala Property Registry
REG-PUN-2017-11604,17301-1001908-6,Chaudhry Kashif Javed,"House 544, Street 35, Wapda Town, Gujranwala",Gujranwala,Punjab,2017-02-13,2017-02-13,Commercial Plaza,5,125185256,Gujranwala Property Registry
REG-SIN-2024-50676,17301-1000954-8,Chaudhry Sana Iqbal,"House 514, Street 21, Barrage Road, Sukkur",Sukkur,Sindh,2024-10-17,2024-10-17,House,20,60793970,Sukkur Property Registry
REG-SIN-2021-30785,17301-1000954-8,S. Iqbal,"House 330, Street 31, New Pind, Sukkur",Sukkur,Sindh,2021-06-09,2021-06-09,Plot,3,36469538,Sukkur Property Registry
REG-KPK-2026-39566,17301-1001480-0,Z. Ahmed,"House 91, Street 27, Hayatabad, Peshawar",Peshawar,KPK,2026-11-16,2026-11-16,Plot,3,25031145,Peshawar Property Registry
REG-PUN-2018-38932,35202-1000199-3,Laiba Khan,"House 56, Street 16, Satellite Town, Gujranwala",Gujranwala,Punjab,2018-01-29,2018-01-29,Commercial Plaza,20,30533940,Gujranwala Property Registry
REG-SIN-2016-18516,17301-1001524-8,Rabia Noor Sahib,"House 284, Street 19, Gulshan-e-Iqbal, Karachi",Karachi,Sindh,2016-04-14,2016-04-14,Apartment,7,34764025,Karachi Property Registry
REG-BAL-2025-28456,35202-1001729-3,Nimra Aslam,"House 372, Street 19, Samungli Road, Quetta",Quetta,Balochistan,2025-12-20,2025-12-20,Apartment,12,7772583,Quetta Property Registry
REG-SIN-2022-33694,45501-1001325-5,H. Ghani,"House 668, Street 23, Gulshan-e-Iqbal, Karachi",Karachi,Sindh,2022-02-02,2022-02-02,Apartment,10,5044452,Karachi Property Registry
REG-SIN-2026-49371,45501-1001325-5,Huma Ghani Sahib,"House 36, Street 12, Clifton, Karachi",Karachi,Sindh,2026-02-21,2026-02-21,Farmhouse,12,119964437,Karachi Property Registry
REG-PUN-2023-36845,33100-1000057-9,Muneeb Akhtar,"House 90, Street 17, Gulberg, Lahore",Lahore,Punjab,2023-11-29,2023-11-29,Farmhouse,40,53159980,Lahore Property Registry
REG-PUN-2018-48114,33100-1000057-9,Muneeb Akhtar Sahib,"House 905, Street 10, Model Town, Lahore",Lahore,Punjab,2018-06-12,2018-06-12,Farmhouse,3,47778600,Lahore Property Registry
REG-PUN-2026-12147,33100-1000057-9,Muneeb Akhtar,"House 950, Street 23, DHA Phase 5, Lahore",Lahore,Punjab,2026-10-21,2026-10-21,Commercial Plaza,7,101053782,Lahore Property Registry
REG-PUN-2020-93301,42101-1000737-9,Ali Raza,"House 627, Street 9, Johar Town, Lahore",Lahore,Punjab,2020-01-17,2020-01-17,House,40,14382102,Lahore Property Registry
REG-SIN-2017-78907,42101-1000521-7,Chaudhry Naveed Raza,"House 89, Street 27, Clifton, Karachi",Karachi,Sindh,2017-11-11,2017-11-11,House,12,50237363,Karachi Property Registry
REG-SIN-2025-30720,42101-1001410-0,Z. Ahmed,"House 87, Street 20, Nazimabad, Karachi",Karachi,Sindh,2025-10-23,2025-10-23,Plot,3,16089669,Karachi Property Registry
REG-PUN-2025-30800,35202-1000525-5,Waseem Akram,"House 630, Street 1, Chaklala, Rawalpindi",Rawalpindi,Punjab,2025-02-21,2025-02-21,Apartment,20,25581475,Rawalpindi Property Registry
REG-ISL-2017-59037,42101-1000052-4,Maham Tariq,"House 710, Street 8, Bahria Enclave, Islamabad",Islamabad,Islamabad,2017-01-19,2017-01-19,House,40,19041679,Islamabad Property Registry
REG-ISL-2024-71563,42101-1000052-4,M. Tariq,"House 756, Street 9, G-11, Islamabad",Islamabad,Islamabad,2024-09-23,2024-09-23,Plot,12,29012751,Islamabad Property Registry
REG-ISL-2017-42184,42101-1000052-4,Maham Tariq Sahib,"House 747, Street 8, G-11, Islamabad",Islamabad,Islamabad,2017-03-04,2017-03-04,Farmhouse,12,22891679,Islamabad Property Registry
REG-SIN-2018-32753,45501-1001665-5,Imran Siddiqui,"House 574, Street 11, Military Road, Sukkur",Sukkur,Sindh,2018-01-22,2018-01-22,House,3,70275007,Sukkur Property Registry
REG-PUN-2020-24473,54400-1001769-3,Rabia Noor,"House 280, Street 18, DHA Phase 5, Lahore",Lahore,Punjab,2020-09-22,2020-09-22,Plot,7,27156680,Lahore Property Registry
REG-PUN-2021-81484,54400-1001769-3,Rabia Noor,"House 338, Street 21, DHA Phase 5, Lahore",Lahore,Punjab,2021-06-24,2021-06-24,Apartment,5,26751328,Lahore Property Registry
REG-PUN-2019-52368,35202-1000421-7,Muhammad Ahmed,"House 227, Street 23, Bosan Road, Multan",Multan,Punjab,2019-10-20,2019-10-20,Plot,12,24070353,Multan Property Registry
REG-ISL-2022-28983,35202-1001875-5,I. Siddiqui,"House 629, Street 17, F-10, Islamabad",Islamabad,Islamabad,2022-02-14,2022-02-14,House,5,10840587,Islamabad Property Registry
REG-BAL-2026-41101,35202-1000269-3,Laiba Khan,"House 848, Street 30, Jinnah Town, Quetta",Quetta,Balochistan,2026-12-28,2026-12-28,Farmhouse,3,104336719,Quetta Property Registry
REG-SIN-2016-70247,54400-1001006-2,M. Malik,"House 799, Street 19, New Pind, Sukkur",Sukkur,Sindh,2016-06-06,2016-06-06,House,10,15607186,Sukkur Property Registry
REG-PUN-2021-32916,45501-1001661-7,Fahad Mirza,"House 595, Street 26, Chaklala, Rawalpindi",Rawalpindi,Punjab,2021-10-09,2021-10-09,Commercial Plaza,3,84118846,Rawalpindi Property Registry
REG-SIN-2021-53983,54400-1000666-2,Muhammad Ahmed,"House 926, Street 23, Barrage Road, Sukkur",Sukkur,Sindh,2021-02-17,2021-02-17,Apartment,5,25128676,Sukkur Property Registry
REG-SIN-2021-89018,54400-1000666-2,Muhammad Ahmed Sahib,"House 485, Street 21, New Pind, Sukkur",Sukkur,Sindh,2021-04-13,2021-04-13,Plot,12,10994722,Sukkur Property Registry
REG-SIN-2020-40088,33100-1000483-1,Kamran Qureshi,"House 809, Street 1, Latifabad, Hyderabad",Hyderabad,Sindh,2020-11-21,2020-11-21,Farmhouse,3,29271556,Hyderabad Property Registry
REG-SIN-2026-82843,35202-1000364-8,Nimra Aslam,"House 891, Street 9, Bahadurabad, Karachi",Karachi,Sindh,2026-03-14,2026-03-14,Farmhouse,12,116828099,Karachi Property Registry
REG-SIN-2016-68366,35202-1000364-8,Nimra Aslam,"House 855, Street 5, Nazimabad, Karachi",Karachi,Sindh,2016-05-21,2016-05-21,Farmhouse,12,92430512,Karachi Property Registry
REG-SIN-2024-56118,61101-1000114-8,Chaudhry Sana Iqbal,"House 482, Street 16, Qasimabad, Hyderabad",Hyderabad,Sindh,2024-10-03,2024-10-03,Commercial Plaza,3,86698665,Hyderabad Property Registry
REG-PUN-2016-49524,61101-1000479-3,Laiba Khan,"House 322, Street 35, Cantt, Multan",Multan,Punjab,2016-01-03,2016-01-03,Apartment,3,24350976,Multan Property Registry
REG-PUN-2025-22330,61101-1001848-6,Kamran Qureshi Sahib,"House 582, Street 31, Chaklala, Rawalpindi",Rawalpindi,Punjab,2025-11-11,2025-11-11,House,20,9198157,Rawalpindi Property Registry
REG-PUN-2020-94804,61101-1001848-6,K. Qureshi,"House 565, Street 31, Saddar, Rawalpindi",Rawalpindi,Punjab,2020-11-01,2020-11-01,Plot,40,15957500,Rawalpindi Property Registry
REG-PUN-2018-70998,61101-1001848-6,Kamran Qureshi,"House 100, Street 18, Chaklala, Rawalpindi",Rawalpindi,Punjab,2018-08-30,2018-08-30,House,5,50332734,Rawalpindi Property Registry
REG-BAL-2020-31752,54400-1000626-2,Naveed Raza,"House 706, Street 28, Satellite Town, Quetta",Quetta,Balochistan,2020-03-31,2020-03-31,House,7,23040653,Quetta Property Registry
REG-ISL-2021-55793,42101-1001722-4,Ayesha Khan Sahib,"House 507, Street 6, F-10, Islamabad",Islamabad,Islamabad,2021-09-28,2021-09-28,Commercial Plaza,20,46447750,Islamabad Property Registry
REG-ISL-2025-42147,42101-1001722-4,Ayesha Khan Sahib,"House 769, Street 25, E-11, Islamabad",Islamabad,Islamabad,2025-07-25,2025-07-25,Farmhouse,10,104717267,Islamabad Property Registry
REG-ISL-2024-48655,42101-1001722-4,Ayesha Khan,"House 757, Street 2, G-11, Islamabad",Islamabad,Islamabad,2024-05-07,2024-05-07,Commercial Plaza,40,107282144,Islamabad Property Registry
REG-KPK-2017-98798,61101-1001855-5,Waseem Akram,"House 66, Street 30, Warsak Road, Peshawar",Peshawar,KPK,2017-02-07,2017-02-07,Apartment,7,25615174,Peshawar Property Registry
REG-SIN-2020-76042,45501-1000125-5,Imran Siddiqui,"House 763, Street 22, Military Road, Sukkur",Sukkur,Sindh,2020-02-13,2020-02-13,Commercial Plaza,3,159385064,Sukkur Property Registry
REG-SIN-2022-28633,45501-1000125-5,Imran Siddiqui Sahib,"House 234, Street 27, Barrage Road, Sukkur",Sukkur,Sindh,2022-06-12,2022-06-12,House,10,36150190,Sukkur Property Registry
REG-ISL-2025-32241,45501-1001250-0,Chaudhry Sara Ahmed,"House 582, Street 14, F-10, Islamabad",Islamabad,Islamabad,2025-09-27,2025-09-27,Plot,40,24418729,Islamabad Property Registry
REG-SIN-2024-16319,35202-1000166-2,Chaudhry Mariam Malik,"House 239, Street 2, Queens Road, Sukkur",Sukkur,Sindh,2024-07-24,2024-07-24,House,5,68121032,Sukkur Property Registry
REG-KPK-2023-89026,35202-1001705-5,Sara Ahmed,"House 71, Street 12, Hayatabad, Peshawar",Peshawar,KPK,2023-09-05,2023-09-05,Plot,12,21436922,Peshawar Property Registry
REG-PUN-2026-90781,45501-1000107-9,A. Raza,"House 188, Street 1, Model Town, Gujranwala",Gujranwala,Punjab,2026-12-08,2026-12-08,Farmhouse,10,74403211,Gujranwala Property Registry
REG-PUN-2021-84989,17301-1000773-1,Hassan Khan,"House 70, Street 27, Bahria Town, Rawalpindi",Rawalpindi,Punjab,2021-05-14,2021-05-14,House,5,48614699,Rawalpindi Property Registry
REG-PUN-2026-20021,17301-1000773-1,Chaudhry Hassan Khan,"House 167, Street 34, Saddar, Rawalpindi",Rawalpindi,Punjab,2026-06-21,2026-06-21,Farmhouse,40,37919298,Rawalpindi Property Registry
REG-PUN-2022-21526,17301-1000773-1,Hassan Khan,"House 724, Street 29, PWD, Rawalpindi",Rawalpindi,Punjab,2022-09-21,2022-09-21,House,12,25903713,Rawalpindi Property Registry
REG-SIN-2019-98157,61101-1001894-8,Bilal Ahmed Sahib,"House 576, Street 29, Rohri, Sukkur",Sukkur,Sindh,2019-01-17,2019-01-17,Farmhouse,7,61835134,Sukkur Property Registry
REG-PUN-2017-78997,17301-1001554-8,Chaudhry Nimra Aslam,"House 822, Street 18, Gulberg, Faisalabad",Faisalabad,Punjab,2017-09-20,2017-09-20,Farmhouse,7,32019857,Faisalabad Property Registry
REG-PUN-2022-60629,45501-1001513-1,Fatima Ali,"House 524, Street 16, People Colony, Faisalabad",Faisalabad,Punjab,2022-09-29,2022-09-29,House,7,52485623,Faisalabad Property Registry
REG-PUN-2022-73488,45501-1001513-1,Fatima Ali,"House 190, Street 31, D Ground, Faisalabad",Faisalabad,Punjab,2022-02-06,2022-02-06,House,7,16477328,Faisalabad Property Registry
REG-SIN-2017-40914,61101-1001969-3,Sana Iqbal Sahib,"House 99, Street 10, Bahadurabad, Karachi",Karachi,Sindh,2017-10-03,2017-10-03,Apartment,10,6835239,Karachi Property Registry
REG-PUN-2018-22425,42101-1000740-0,Usman Malik,"House 944, Street 32, Bosan Road, Multan",Multan,Punjab,2018-01-19,2018-01-19,House,20,46969277,Multan Property Registry
REG-PUN-2016-54297,45501-1001042-4,Chaudhry Ahmed Baig,"House 183, Street 18, Saddar, Rawalpindi",Rawalpindi,Punjab,2016-09-23,2016-09-23,House,5,70461204,Rawalpindi Property Registry
REG-PUN-2018-34798,61101-1001745-5,Huma Ghani,"House 341, Street 27, Model Town, Gujranwala",Gujranwala,Punjab,2018-10-10,2018-10-10,Farmhouse,10,114708444,Gujranwala Property Registry
REG-PUN-2023-51205,61101-1001745-5,Huma Ghani,"House 905, Street 24, Model Town, Gujranwala",Gujranwala,Punjab,2023-01-18,2023-01-18,Farmhouse,5,52212828,Gujranwala Property Registry
REG-SIN-2025-34346,54400-1000042-4,Ayesha Khan Sahib,"House 220, Street 21, Rohri, Sukkur",Sukkur,Sindh,2025-05-09,2025-05-09,Plot,40,21262546,Sukkur Property Registry
REG-BAL-2023-42676,35202-1000354-8,Bilal Ahmed Sahib,"House 835, Street 12, Satellite Town, Quetta",Quetta,Balochistan,2023-06-26,2023-06-26,Apartment,3,32264100,Quetta Property Registry
REG-BAL-2026-30812,35202-1000354-8,Bilal Ahmed,"House 853, Street 11, Samungli Road, Quetta",Quetta,Balochistan,2026-12-05,2026-12-05,House,7,83362900,Quetta Property Registry
REG-KPK-2020-74272,33100-1001713-1,Shazia Butt,"House 370, Street 12, University Road, Peshawar",Peshawar,KPK,2020-07-14,2020-07-14,House,20,19453730,Peshawar Property Registry
REG-PUN-2026-61028,61101-1000556-2,Naveed Raza Sahib,"House 50, Street 2, People Colony, Faisalabad",Faisalabad,Punjab,2026-04-07,2026-04-07,Apartment,12,15274792,Faisalabad Property Registry
REG-PUN-2021-53051,61101-1000556-2,N. Raza,"House 596, Street 10, D Ground, Faisalabad",Faisalabad,Punjab,2021-08-12,2021-08-12,Commercial Plaza,7,100401284,Faisalabad Property Registry
REG-BAL-2021-98730,54400-1001560-0,Imran Siddiqui,"House 957, Street 10, Satellite Town, Quetta",Quetta,Balochistan,2021-04-05,2021-04-05,House,3,72985765,Quetta Property Registry
REG-SIN-2019-17039,33100-1001259-3,Amna Chaudhry,"House 833, Street 32, Bahadurabad, Karachi",Karachi,Sindh,2019-10-07,2019-10-07,House,10,31023777,Karachi Property Registry
REG-SIN-2019-99848,33100-1001259-3,A. Chaudhry,"House 528, Street 25, Bahadurabad, Karachi",Karachi,Sindh,2019-11-30,2019-11-30,Farmhouse,20,88652654,Karachi Property Registry
REG-PUN-2023-40167,33100-1000487-9,Khalid Malik,"House 451, Street 15, Shah Rukn-e-Alam, Multan",Multan,Punjab,2023-02-26,2023-02-26,Farmhouse,12,51027037,Multan Property Registry
REG-PUN-2026-52717,54400-1001034-8,R. Noor,"House 896, Street 24, Madina Town, Faisalabad",Faisalabad,Punjab,2026-04-06,2026-04-06,Commercial Plaza,7,29824454,Faisalabad Property Registry
REG-PUN-2021-87361,17301-1000105-5,Waseem Akram,"House 959, Street 28, Canal Road, Faisalabad",Faisalabad,Punjab,2021-03-05,2021-03-05,Plot,5,38358618,Faisalabad Property Registry
REG-PUN-2019-72305,17301-1000105-5,Waseem Akram Sahib,"House 195, Street 9, Gulberg, Faisalabad",Faisalabad,Punjab,2019-07-01,2019-07-01,Plot,10,29576354,Faisalabad Property Registry
REG-SIN-2025-44436,33100-1001269-3,Sana Iqbal,"House 790, Street 28, Bahadurabad, Karachi",Karachi,Sindh,2025-06-11,2025-06-11,Plot,5,3278435,Karachi Property Registry
REG-PUN-2023-82766,35202-1001508-6,Hassan Khan,"House 197, Street 29, Model Town, Gujranwala",Gujranwala,Punjab,2023-02-24,2023-02-24,Commercial Plaza,10,42153769,Gujranwala Property Registry
REG-PUN-2026-22150,42101-1001863-1,Fatima Ali,"House 555, Street 9, Gulgasht, Multan",Multan,Punjab,2026-08-23,2026-08-23,Commercial Plaza,12,80670240,Multan Property Registry
REG-PUN-2023-72359,42101-1001863-1,Chaudhry Fatima Ali,"House 648, Street 27, Shah Rukn-e-Alam, Multan",Multan,Punjab,2023-04-27,2023-04-27,Plot,12,3088644,Multan Property Registry
REG-PUN-2025-14452,33100-1001282-4,Chaudhry Muneeb Akhtar,"House 972, Street 24, PWD, Rawalpindi",Rawalpindi,Punjab,2025-01-31,2025-01-31,Plot,3,7390928,Rawalpindi Property Registry
REG-BAL-2018-62272,42101-1000711-7,S. Qureshi,"House 951, Street 15, Brewery Road, Quetta",Quetta,Balochistan,2018-01-16,2018-01-16,House,10,78291607,Quetta Property Registry
REG-PUN-2016-18058,35202-1000119-3,N. Aslam,"House 131, Street 10, Peoples Colony, Gujranwala",Gujranwala,Punjab,2016-06-18,2016-06-18,Farmhouse,7,37212397,Gujranwala Property Registry
REG-PUN-2023-20843,35202-1000119-3,Nimra Aslam Sahib,"House 756, Street 12, Satellite Town, Gujranwala",Gujranwala,Punjab,2023-08-19,2023-08-19,Commercial Plaza,3,110630840,Gujranwala Property Registry
REG-PUN-2022-68705,54400-1001442-4,Ayesha Khan,"House 837, Street 6, Canal Road, Faisalabad",Faisalabad,Punjab,2022-04-12,2022-04-12,Plot,12,9680896,Faisalabad Property Registry
REG-PUN-2024-40471,45501-1000766-2,Naveed Raza,"House 204, Street 17, Peoples Colony, Gujranwala",Gujranwala,Punjab,2024-07-21,2024-07-21,Apartment,12,16382101,Gujranwala Property Registry
REG-PUN-2022-37108,42101-1000510-0,Chaudhry Imran Siddiqui,"House 652, Street 35, People Colony, Faisalabad",Faisalabad,Punjab,2022-04-07,2022-04-07,Plot,40,33279191,Faisalabad Property Registry
REG-KPK-2016-70474,61101-1000044-8,Sana Iqbal,"House 654, Street 26, Hayatabad, Peshawar",Peshawar,KPK,2016-12-20,2016-12-20,Plot,10,14180775,Peshawar Property Registry
REG-SIN-2021-82853,54400-1001140-0,Imran Siddiqui,"House 524, Street 19, DHA Phase 6, Karachi",Karachi,Sindh,2021-09-30,2021-09-30,House,10,8302201,Karachi Property Registry
REG-BAL-2021-25075,33100-1000539-3,Nimra Aslam Sahib,"House 29, Street 22, Samungli Road, Quetta",Quetta,Balochistan,2021-01-20,2021-01-20,Farmhouse,5,54137857,Quetta Property Registry
REG-BAL-2022-32374,35202-1000763-1,K. Qureshi,"House 40, Street 10, Satellite Town, Quetta",Quetta,Balochistan,2022-10-26,2022-10-26,Commercial Plaza,3,173614441,Quetta Property Registry
REG-KPK-2016-88015,42101-1000555-5,Huma Ghani,"House 246, Street 14, Gulbahar, Peshawar",Peshawar,KPK,2016-07-18,2016-07-18,Apartment,10,14076757,Peshawar Property Registry
REG-PUN-2019-74835,35202-1000418-6,S. Butt,"House 989, Street 26, Shah Rukn-e-Alam, Multan",Multan,Punjab,2019-11-23,2019-11-23,Plot,7,27117116,Multan Property Registry
REG-PUN-2021-95189,54400-1001561-7,Taha Hussain,"House 171, Street 29, Cantt, Multan",Multan,Punjab,2021-12-31,2021-12-31,Farmhouse,3,39986802,Multan Property Registry
REG-PUN-2022-14732,54400-1001561-7,Taha Hussain,"House 203, Street 20, Cantt, Multan",Multan,Punjab,2022-05-23,2022-05-23,House,10,38716936,Multan Property Registry
REG-PUN-2021-55093,54400-1001561-7,Taha Hussain,"House 928, Street 12, Cantt, Multan",Multan,Punjab,2021-01-24,2021-01-24,Plot,12,30842454,Multan Property Registry
REG-SIN-2019-72979,61101-1001673-1,Kamran Qureshi Sahib,"House 167, Street 12, Qasimabad, Hyderabad",Hyderabad,Sindh,2019-01-25,2019-01-25,Commercial Plaza,5,48463669,Hyderabad Property Registry
REG-ISL-2026-14711,35202-1000191-7,Chaudhry Fahad Mirza,"House 460, Street 20, F-10, Islamabad",Islamabad,Islamabad,2026-12-11,2026-12-11,Commercial Plaza,5,61167575,Islamabad Property Registry
REG-SIN-2022-82596,61101-1000529-3,Chaudhry Bilal Ahmed,"House 260, Street 22, Clifton, Karachi",Karachi,Sindh,2022-10-23,2022-10-23,Apartment,5,11854079,Karachi Property Registry
REG-PUN-2025-48143,42101-1000059-3,Chaudhry Laiba Khan,"House 285, Street 19, Bahria Town, Rawalpindi",Rawalpindi,Punjab,2025-09-09,2025-09-09,House,12,68787013,Rawalpindi Property Registry
REG-PUN-2016-18357,42101-1000059-3,Laiba Khan Sahib,"House 361, Street 6, PWD, Rawalpindi",Rawalpindi,Punjab,2016-08-08,2016-08-08,House,40,24240675,Rawalpindi Property Registry
REG-PUN-2021-88684,42101-1000059-3,Laiba Khan Sahib,"House 603, Street 8, Bahria Town, Rawalpindi",Rawalpindi,Punjab,2021-09-24,2021-09-24,Commercial Plaza,20,91777249,Rawalpindi Property Registry
REG-SIN-2019-83986,42101-1001559-3,Rabia Noor,"House 30, Street 8, New Pind, Sukkur",Sukkur,Sindh,2019-09-26,2019-09-26,House,5,86356033,Sukkur Property Registry
REG-SIN-2024-17441,45501-1000217-9,Chaudhry Ayesha Khan,"House 433, Street 4, New Pind, Sukkur",Sukkur,Sindh,2024-06-06,2024-06-06,House,12,78198915,Sukkur Property Registry
REG-ISL-2020-81276,45501-1001631-7,Taha Hussain,"House 790, Street 18, DHA Phase 2, Islamabad",Islamabad,Islamabad,2020-12-08,2020-12-08,Commercial Plaza,10,109648162,Islamabad Property Registry
REG-SIN-2016-19104,33100-1000309-3,N. Hussain,"House 394, Street 7, Saddar, Hyderabad",Hyderabad,Sindh,2016-01-05,2016-01-05,House,3,57953989,Hyderabad Property Registry
REG-SIN-2023-69341,42101-1000021-7,Taha Hussain,"House 499, Street 2, Queens Road, Sukkur",Sukkur,Sindh,2023-05-02,2023-05-02,Farmhouse,12,39121108,Sukkur Property Registry
REG-PUN-2016-47663,35202-1001721-7,Hamza Sheikh,"House 173, Street 9, D Ground, Faisalabad",Faisalabad,Punjab,2016-04-10,2016-04-10,Plot,5,13943203,Faisalabad Property Registry
REG-PUN-2019-21087,17301-1001266-2,Hamza Sheikh,"House 171, Street 4, Saddar, Rawalpindi",Rawalpindi,Punjab,2019-08-19,2019-08-19,Commercial Plaza,3,172988932,Rawalpindi Property Registry
REG-SIN-2017-48199,35202-1001940-0,Chaudhry Danish Butt,"House 983, Street 22, DHA Phase 6, Karachi",Karachi,Sindh,2017-09-20,2017-09-20,House,7,44428545,Karachi Property Registry
REG-PUN-2021-71537,17301-1000636-2,Hamza Sheikh,"House 441, Street 7, Satellite Town, Gujranwala",Gujranwala,Punjab,2021-02-22,2021-02-22,Apartment,12,29564823,Gujranwala Property Registry
REG-PUN-2025-15036,17301-1000636-2,Hamza Sheikh,"House 64, Street 34, Civil Lines, Gujranwala",Gujranwala,Punjab,2025-08-23,2025-08-23,House,3,16260789,Gujranwala Property Registry
REG-BAL-2016-42732,61101-1000253-1,Chaudhry Fatima Ali,"House 576, Street 15, Samungli Road, Quetta",Quetta,Balochistan,2016-11-18,2016-11-18,Commercial Plaza,40,131363309,Quetta Property Registry
REG-BAL-2023-20820,61101-1000253-1,F. Ali,"House 605, Street 20, Samungli Road, Quetta",Quetta,Balochistan,2023-11-21,2023-11-21,Commercial Plaza,20,156012937,Quetta Property Registry
REG-KPK-2025-54913,17301-1001996-2,Chaudhry Muhammad Ahmed,"House 955, Street 19, Hayatabad, Peshawar",Peshawar,KPK,2025-03-04,2025-03-04,Apartment,5,31501959,Peshawar Property Registry
REG-PUN-2016-32090,61101-1001138-6,Chaudhry Kashif Javed,"House 645, Street 5, Madina Town, Faisalabad",Faisalabad,Punjab,2016-07-15,2016-07-15,Commercial Plaza,20,146699597,Faisalabad Property Registry
REG-PUN-2022-53061,61101-1001138-6,Kashif Javed,"House 938, Street 25, People Colony, Faisalabad",Faisalabad,Punjab,2022-07-07,2022-07-07,Plot,3,7957436,Faisalabad Property Registry
REG-PUN-2025-85354,35202-1001330-0,Waseem Akram,"House 878, Street 13, Model Town, Lahore",Lahore,Punjab,2025-08-28,2025-08-28,Farmhouse,3,75587503,Lahore Property Registry
REG-PUN-2016-57430,35202-1001752-4,Ali Raza Sahib,"House 142, Street 10, Chaklala, Rawalpindi",Rawalpindi,Punjab,2016-03-02,2016-03-02,Farmhouse,40,30535438,Rawalpindi Property Registry
REG-PUN-2022-86452,35202-1001752-4,Ali Raza,"House 577, Street 22, Bahria Town, Rawalpindi",Rawalpindi,Punjab,2022-01-20,2022-01-20,Commercial Plaza,3,162898813,Rawalpindi Property Registry
REG-PUN-2018-87352,35202-1001752-4,Ali Raza,"House 684, Street 25, PWD, Rawalpindi",Rawalpindi,Punjab,2018-12-18,2018-12-18,House,7,41357533,Rawalpindi Property Registry
REG-SIN-2026-79879,35202-1000281-7,Muhammad Ahmed,"House 873, Street 27, DHA Phase 6, Karachi",Karachi,Sindh,2026-08-11,2026-08-11,Apartment,5,22503187,Karachi Property Registry
REG-ISL-2025-49806,42101-1001651-7,H. Sheikh,"House 347, Street 26, E-11, Islamabad",Islamabad,Islamabad,2025-03-20,2025-03-20,Apartment,10,26804195,Islamabad Property Registry
REG-SIN-2022-21264,42101-1001593-1,Chaudhry Kashif Javed,"House 509, Street 24, Hussainabad, Hyderabad",Hyderabad,Sindh,2022-01-14,2022-01-14,Commercial Plaza,20,142645945,Hyderabad Property Registry
REG-PUN-2023-73495,42101-1000207-9,Khalid Malik,"House 53, Street 18, PWD, Rawalpindi",Rawalpindi,Punjab,2023-10-29,2023-10-29,House,5,51454189,Rawalpindi Property Registry
REG-PUN-2023-44991,45501-1000099-3,Chaudhry Nida Hussain,"House 263, Street 28, Model Town, Lahore",Lahore,Punjab,2023-04-22,2023-04-22,Farmhouse,7,22049947,Lahore Property Registry
REG-PUN-2021-15206,45501-1000099-3,N. Hussain,"House 997, Street 21, Model Town, Lahore",Lahore,Punjab,2021-03-25,2021-03-25,Plot,12,19169719,Lahore Property Registry
REG-SIN-2020-82158,33100-1000887-9,Umer Farooq Sahib,"House 306, Street 30, Gulshan-e-Iqbal, Karachi",Karachi,Sindh,2020-01-21,2020-01-21,Commercial Plaza,7,34795885,Karachi Property Registry
REG-ISL-2022-74439,35202-1001613-1,Hassan Khan,"House 165, Street 2, F-10, Islamabad",Islamabad,Islamabad,2022-07-22,2022-07-22,Farmhouse,20,41897790,Islamabad Property Registry
REG-PUN-2021-48892,42101-1001820-0,Waseem Akram,"House 594, Street 17, Civil Lines, Gujranwala",Gujranwala,Punjab,2021-09-28,2021-09-28,Farmhouse,5,35798173,Gujranwala Property Registry
REG-PUN-2025-81569,35202-1000541-7,Fahad Mirza,"House 288, Street 15, Gulberg, Faisalabad",Faisalabad,Punjab,2025-03-16,2025-03-16,Plot,10,32933573,Faisalabad Property Registry
REG-SIN-2021-76208,17301-1001455-5,Imran Siddiqui,"House 376, Street 34, Hussainabad, Hyderabad",Hyderabad,Sindh,2021-03-30,2021-03-30,House,7,28229736,Hyderabad Property Registry
REG-PUN-2017-39357,61101-1000239-3,N. Hussain,"House 642, Street 29, Shah Rukn-e-Alam, Multan",Multan,Punjab,2017-01-28,2017-01-28,House,20,88027630,Multan Property Registry
REG-PUN-2026-40652,17301-1001897-9,A. Khan,"House 646, Street 16, Model Town, Gujranwala",Gujranwala,Punjab,2026-04-02,2026-04-02,Farmhouse,5,107775427,Gujranwala Property Registry
REG-PUN-2023-89178,17301-1001897-9,Ayesha Khan,"House 294, Street 15, Civil Lines, Gujranwala",Gujranwala,Punjab,2023-10-11,2023-10-11,House,5,49054751,Gujranwala Property Registry
REG-PUN-2026-16112,17301-1001897-9,A. Khan,"House 254, Street 15, Peoples Colony, Gujranwala",Gujranwala,Punjab,2026-07-23,2026-07-23,Plot,5,38820023,Gujranwala Property Registry
REG-SIN-2026-41775,33100-1000024-8,L. Khan,"House 130, Street 22, Nazimabad, Karachi",Karachi,Sindh,2026-07-24,2026-07-24,Apartment,5,12848356,Karachi Property Registry
REG-SIN-2021-64034,61101-1001226-2,Muhammad Ahmed,"House 425, Street 5, DHA Phase 6, Karachi",Karachi,Sindh,2021-02-01,2021-02-01,Commercial Plaza,20,124425823,Karachi Property Registry
REG-SIN-2020-63046,61101-1001226-2,M. Ahmed,"House 819, Street 19, Clifton, Karachi",Karachi,Sindh,2020-04-19,2020-04-19,Farmhouse,20,64205447,Karachi Property Registry
REG-PUN-2024-24756,54400-1001924-8,Amna Chaudhry,"House 336, Street 22, Cantt, Multan",Multan,Punjab,2024-08-26,2024-08-26,Apartment,12,12883318,Multan Property Registry
REG-PUN-2016-45703,35202-1001091-7,H. Sheikh,"House 746, Street 13, Cantt, Multan",Multan,Punjab,2016-03-16,2016-03-16,Commercial Plaza,3,160514774,Multan Property Registry
REG-PUN-2021-67621,54400-1001126-2,Hamza Sheikh,"House 843, Street 18, Model Town, Lahore",Lahore,Punjab,2021-12-03,2021-12-03,House,5,57612831,Lahore Property Registry
REG-PUN-2025-35685,54400-1001126-2,Hamza Sheikh Sahib,"House 86, Street 29, Gulberg, Lahore",Lahore,Punjab,2025-08-06,2025-08-06,Apartment,5,5851653,Lahore Property Registry
REG-PUN-2020-61625,54400-1001126-2,Hamza Sheikh,"House 868, Street 23, Gulberg, Lahore",Lahore,Punjab,2020-06-06,2020-06-06,Commercial Plaza,7,139696545,Lahore Property Registry
REG-SIN-2017-63320,45501-1000398-6,Chaudhry Hira Shah,"House 642, Street 5, Clifton, Karachi",Karachi,Sindh,2017-08-08,2017-08-08,Plot,40,16936083,Karachi Property Registry
REG-SIN-2019-98352,54400-1001087-9,Ali Raza,"House 882, Street 19, Rohri, Sukkur",Sukkur,Sindh,2019-03-28,2019-03-28,Apartment,40,15481442,Sukkur Property Registry
REG-PUN-2024-74493,45501-1001783-1,Shazia Butt,"House 132, Street 11, Canal Road, Faisalabad",Faisalabad,Punjab,2024-05-13,2024-05-13,Farmhouse,7,77249294,Faisalabad Property Registry
REG-BAL-2023-57795,33100-1001335-5,U. Malik,"House 792, Street 23, Cantt, Quetta",Quetta,Balochistan,2023-01-30,2023-01-30,House,20,74940613,Quetta Property Registry
REG-KPK-2024-51481,61101-1000950-0,Usman Malik Sahib,"House 711, Street 3, University Road, Peshawar",Peshawar,KPK,2024-11-30,2024-11-30,Plot,3,36309562,Peshawar Property Registry
REG-KPK-2023-90281,61101-1000950-0,U. Malik,"House 522, Street 33, Hayatabad, Peshawar",Peshawar,KPK,2023-02-15,2023-02-15,House,5,85031593,Peshawar Property Registry
REG-KPK-2016-72261,61101-1000950-0,Chaudhry Usman Malik,"House 383, Street 12, University Road, Peshawar",Peshawar,KPK,2016-10-20,2016-10-20,House,5,37753575,Peshawar Property Registry
REG-SIN-2023-76328,17301-1001693-1,Hira Shah Sahib,"House 653, Street 28, Auto Bhan, Hyderabad",Hyderabad,Sindh,2023-08-24,2023-08-24,House,20,46310350,Hyderabad Property Registry
REG-SIN-2019-57074,17301-1001693-1,Hira Shah Sahib,"House 872, Street 14, Auto Bhan, Hyderabad",Hyderabad,Sindh,2019-05-25,2019-05-25,Farmhouse,5,51880227,Hyderabad Property Registry
REG-PUN-2021-55169,35202-1000012-4,Umer Farooq,"House 23, Street 33, Model Town, Gujranwala",Gujranwala,Punjab,2021-07-12,2021-07-12,House,10,69415498,Gujranwala Property Registry
REG-PUN-2016-39114,54400-1000972-4,Ahmed Baig,"House 411, Street 35, Chaklala, Rawalpindi",Rawalpindi,Punjab,2016-11-11,2016-11-11,Commercial Plaza,3,141797825,Rawalpindi Property Registry
REG-SIN-2024-34965,45501-1001461-7,Mariam Malik,"House 937, Street 13, New Pind, Sukkur",Sukkur,Sindh,2024-06-28,2024-06-28,Apartment,20,10851607,Sukkur Property Registry
REG-KPK-2017-44364,54400-1001392-4,Ahmed Baig,"House 85, Street 3, Saddar, Peshawar",Peshawar,KPK,2017-04-19,2017-04-19,Commercial Plaza,10,170387900,Peshawar Property Registry
REG-KPK-2023-71132,54400-1001392-4,Ahmed Baig,"House 994, Street 12, Hayatabad, Peshawar",Peshawar,KPK,2023-06-19,2023-06-19,House,20,39021839,Peshawar Property Registry
REG-KPK-2016-91074,61101-1001563-1,A. Iqbal,"House 688, Street 35, Gulbahar, Peshawar",Peshawar,KPK,2016-10-14,2016-10-14,Farmhouse,7,35024843,Peshawar Property Registry
REG-BAL-2022-28795,33100-1000570-0,Chaudhry Zainab Ahmed,"House 284, Street 33, Cantt, Quetta",Quetta,Balochistan,2022-05-23,2022-05-23,Plot,7,16388777,Quetta Property Registry
REG-PUN-2016-15597,61101-1001854-8,Amna Chaudhry,"House 169, Street 6, Bahria Town, Lahore",Lahore,Punjab,2016-06-30,2016-06-30,Commercial Plaza,20,125023045,Lahore Property Registry
REG-PUN-2026-88845,35202-1001571-7,N. Raza,"House 168, Street 29, Bahria Town, Rawalpindi",Rawalpindi,Punjab,2026-08-10,2026-08-10,House,5,69750706,Rawalpindi Property Registry
REG-SIN-2018-53682,33100-1001853-1,Shazia Butt,"House 489, Street 17, Qasimabad, Hyderabad",Hyderabad,Sindh,2018-06-15,2018-06-15,Plot,7,22204562,Hyderabad Property Registry
REG-SIN-2025-51982,33100-1001853-1,Shazia Butt,"House 943, Street 34, Auto Bhan, Hyderabad",Hyderabad,Sindh,2025-03-26,2025-03-26,Apartment,20,16102877,Hyderabad Property Registry
REG-PUN-2022-99413,42101-1000707-9,A. Khan,"House 124, Street 2, Cantt, Multan",Multan,Punjab,2022-10-08,2022-10-08,Farmhouse,12,49483451,Multan Property Registry
REG-PUN-2026-95944,45501-1001358-6,Kamran Qureshi,"House 950, Street 31, Saddar, Rawalpindi",Rawalpindi,Punjab,2026-11-06,2026-11-06,Commercial Plaza,3,125323862,Rawalpindi Property Registry
REG-SIN-2026-54043,33100-1001870-0,Chaudhry Danish Butt,"House 731, Street 2, Auto Bhan, Hyderabad",Hyderabad,Sindh,2026-02-25,2026-02-25,Commercial Plaza,12,124865654,Hyderabad Property Registry
REG-ISL-2016-45368,54400-1000694-8,Chaudhry Nida Hussain,"House 935, Street 10, Bahria Enclave, Islamabad",Islamabad,Islamabad,2016-05-16,2016-05-16,Farmhouse,7,38075860,Islamabad Property Registry
REG-SIN-2016-30941,42101-1001236-2,Chaudhry Saad Qureshi,"House 559, Street 11, Bahadurabad, Karachi",Karachi,Sindh,2016-06-27,2016-06-27,Plot,12,11488079,Karachi Property Registry
REG-SIN-2021-44904,42101-1001236-2,S. Qureshi,"House 844, Street 12, Gulshan-e-Iqbal, Karachi",Karachi,Sindh,2021-08-15,2021-08-15,Apartment,10,29346850,Karachi Property Registry
REG-PUN-2020-36841,54400-1001881-7,M. Malik,"House 916, Street 17, Satellite Town, Gujranwala",Gujranwala,Punjab,2020-07-24,2020-07-24,Apartment,7,24545037,Gujranwala Property Registry
REG-PUN-2023-62999,35202-1000471-7,F. Mirza,"House 299, Street 28, Gulgasht, Multan",Multan,Punjab,2023-09-19,2023-09-19,Farmhouse,3,61040974,Multan Property Registry
REG-PUN-2023-16379,35202-1000471-7,Chaudhry Fahad Mirza,"House 96, Street 32, Shah Rukn-e-Alam, Multan",Multan,Punjab,2023-09-03,2023-09-03,Farmhouse,10,114221343,Multan Property Registry
REG-SIN-2017-30617,33100-1000212-4,Ali Raza,"House 754, Street 33, Auto Bhan, Hyderabad",Hyderabad,Sindh,2017-02-14,2017-02-14,Commercial Plaza,20,105304108,Hyderabad Property Registry
REG-SIN-2023-14271,45501-1000905-5,Chaudhry Huma Ghani,"House 868, Street 5, Nazimabad, Karachi",Karachi,Sindh,2023-09-19,2023-09-19,Apartment,12,24104753,Karachi Property Registry
REG-PUN-2016-84404,42101-1000933-1,Asad Iqbal Sahib,"House 803, Street 24, Canal Road, Faisalabad",Faisalabad,Punjab,2016-05-28,2016-05-28,Apartment,5,16545399,Faisalabad Property Registry
REG-BAL-2019-46584,45501-1000280-0,W. Akram,"House 905, Street 3, Cantt, Quetta",Quetta,Balochistan,2019-07-08,2019-07-08,Apartment,10,21963251,Quetta Property Registry
REG-PUN-2020-55715,33100-1000784-8,Nimra Aslam,"House 925, Street 5, Wapda Town, Gujranwala",Gujranwala,Punjab,2020-08-23,2020-08-23,Plot,5,28093460,Gujranwala Property Registry
REG-PUN-2016-98526,33100-1000784-8,Nimra Aslam,"House 949, Street 3, Satellite Town, Gujranwala",Gujranwala,Punjab,2016-07-30,2016-07-30,Plot,5,36119320,Gujranwala Property Registry
REG-PUN-2019-65683,54400-1000009-3,Chaudhry Sana Iqbal,"House 742, Street 15, Satellite Town, Gujranwala",Gujranwala,Punjab,2019-07-07,2019-07-07,Apartment,3,22273862,Gujranwala Property Registry
REG-SIN-2026-79196,33100-1000108-6,Hassan Khan,"House 677, Street 13, Auto Bhan, Hyderabad",Hyderabad,Sindh,2026-09-10,2026-09-10,Plot,5,20074606,Hyderabad Property Registry
REG-PUN-2025-92094,42101-1001305-5,Zainab Ahmed Sahib,"House 471, Street 11, Bahria Town, Rawalpindi",Rawalpindi,Punjab,2025-03-15,2025-03-15,Apartment,20,25515786,Rawalpindi Property Registry
REG-PUN-2018-89204,45501-1001734-8,Chaudhry Rabia Noor,"House 277, Street 28, Model Town, Lahore",Lahore,Punjab,2018-05-30,2018-05-30,Plot,12,38694986,Lahore Property Registry
REG-PUN-2016-56394,45501-1001734-8,R. Noor,"House 917, Street 7, Model Town, Lahore",Lahore,Punjab,2016-10-08,2016-10-08,Commercial Plaza,40,47409864,Lahore Property Registry
REG-PUN-2020-65821,45501-1001109-3,L. Khan,"House 103, Street 9, Bahria Town, Rawalpindi",Rawalpindi,Punjab,2020-05-26,2020-05-26,Plot,7,9736337,Rawalpindi Property Registry
REG-PUN-2016-98478,42101-1000767-9,K. Malik,"House 254, Street 32, Civil Lines, Gujranwala",Gujranwala,Punjab,2016-09-01,2016-09-01,Apartment,7,12028303,Gujranwala Property Registry
REG-SIN-2021-88863,35202-1001551-7,Chaudhry Saad Qureshi,"House 250, Street 5, Queens Road, Sukkur",Sukkur,Sindh,2021-05-17,2021-05-17,Apartment,7,5970183,Sukkur Property Registry
REG-SIN-2020-59566,54400-1001260-0,Chaudhry Waseem Akram,"House 992, Street 32, New Pind, Sukkur",Sukkur,Sindh,2020-08-05,2020-08-05,House,12,17791770,Sukkur Property Registry
REG-SIN-2020-16213,35202-1001829-3,Sana Iqbal,"House 668, Street 26, Latifabad, Hyderabad",Hyderabad,Sindh,2020-08-18,2020-08-18,Plot,40,32138055,Hyderabad Property Registry
REG-SIN-2026-73334,35202-1001829-3,Chaudhry Sana Iqbal,"House 228, Street 33, Auto Bhan, Hyderabad",Hyderabad,Sindh,2026-06-18,2026-06-18,Commercial Plaza,10,76580342,Hyderabad Property Registry
REG-ISL-2022-82694,54400-1000338-6,A. Iqbal,"House 706, Street 30, Bahria Enclave, Islamabad",Islamabad,Islamabad,2022-12-10,2022-12-10,Plot,40,9129301,Islamabad Property Registry
REG-PUN-2020-93610,35202-1001710-0,Huma Ghani,"House 761, Street 9, DHA Phase 5, Lahore",Lahore,Punjab,2020-12-23,2020-12-23,Apartment,12,25004470,Lahore Property Registry
REG-PUN-2022-20108,35202-1001710-0,Chaudhry Huma Ghani,"House 209, Street 5, DHA Phase 5, Lahore",Lahore,Punjab,2022-11-08,2022-11-08,House,10,43593189,Lahore Property Registry
REG-PUN-2019-67646,45501-1001421-7,T. Hussain,"House 106, Street 17, Madina Town, Faisalabad",Faisalabad,Punjab,2019-01-02,2019-01-02,Farmhouse,3,75194919,Faisalabad Property Registry
REG-PUN-2024-52204,45501-1001421-7,Taha Hussain,"House 612, Street 22, People Colony, Faisalabad",Faisalabad,Punjab,2024-11-11,2024-11-11,Apartment,7,28099760,Faisalabad Property Registry
REG-PUN-2017-35863,45501-1000440-0,I. Siddiqui,"House 342, Street 15, DHA Multan, Multan",Multan,Punjab,2017-01-26,2017-01-26,Commercial Plaza,7,151065701,Multan Property Registry
REG-PUN-2026-69299,35202-1001676-2,N. Raza,"House 81, Street 28, Wapda Town, Gujranwala",Gujranwala,Punjab,2026-07-09,2026-07-09,House,3,49931838,Gujranwala Property Registry
REG-PUN-2023-69282,35202-1001676-2,Naveed Raza Sahib,"House 14, Street 26, Satellite Town, Gujranwala",Gujranwala,Punjab,2023-05-20,2023-05-20,Plot,3,21089418,Gujranwala Property Registry
REG-SIN-2026-22196,45501-1000305-5,Sara Ahmed Sahib,"House 175, Street 7, Qasimabad, Hyderabad",Hyderabad,Sindh,2026-09-08,2026-09-08,Commercial Plaza,20,70899803,Hyderabad Property Registry
REG-SIN-2025-96624,45501-1000305-5,Sara Ahmed,"House 52, Street 14, Hussainabad, Hyderabad",Hyderabad,Sindh,2025-04-28,2025-04-28,House,40,58720111,Hyderabad Property Registry
REG-PUN-2025-13048,33100-1000755-5,Chaudhry Imran Siddiqui,"House 808, Street 17, Madina Town, Faisalabad",Faisalabad,Punjab,2025-02-05,2025-02-05,Plot,7,34012051,Faisalabad Property Registry
REG-SIN-2025-10859,54400-1000384-8,Amna Chaudhry Sahib,"House 184, Street 29, DHA Phase 6, Karachi",Karachi,Sindh,2025-08-27,2025-08-27,Plot,5,23222924,Karachi Property Registry
REG-SIN-2021-11174,54400-1000384-8,Amna Chaudhry,"House 572, Street 10, Clifton, Karachi",Karachi,Sindh,2021-12-10,2021-12-10,Commercial Plaza,7,108278585,Karachi Property Registry
REG-SIN-2024-92638,54400-1000384-8,Amna Chaudhry,"House 402, Street 22, Bahadurabad, Karachi",Karachi,Sindh,2024-08-09,2024-08-09,Plot,40,8179700,Karachi Property Registry
REG-ISL-2021-29590,33100-1001541-7,M. Ahmed,"House 677, Street 7, F-10, Islamabad",Islamabad,Islamabad,2021-05-02,2021-05-02,Farmhouse,3,107971267,Islamabad Property Registry
REG-SIN-2020-90523,35202-1000039-3,Bilal Ahmed,"House 642, Street 2, Qasimabad, Hyderabad",Hyderabad,Sindh,2020-12-06,2020-12-06,Apartment,12,34786201,Hyderabad Property Registry
REG-PUN-2021-86281,61101-1001426-2,M. Malik,"House 902, Street 7, Saddar, Rawalpindi",Rawalpindi,Punjab,2021-05-11,2021-05-11,House,7,31669852,Rawalpindi Property Registry
REG-BAL-2025-40037,61101-1001379-3,Chaudhry Nimra Aslam,"House 192, Street 28, Jinnah Town, Quetta",Quetta,Balochistan,2025-10-12,2025-10-12,Farmhouse,10,40548968,Quetta Property Registry
REG-BAL-2018-47745,54400-1001441-7,H. Sheikh,"House 399, Street 28, Samungli Road, Quetta",Quetta,Balochistan,2018-09-15,2018-09-15,Plot,10,3254098,Quetta Property Registry
REG-PUN-2020-70753,35202-1000894-8,R. Noor,"House 57, Street 4, Wapda Town, Gujranwala",Gujranwala,Punjab,2020-07-04,2020-07-04,Commercial Plaza,12,91770032,Gujranwala Property Registry
REG-BAL-2024-13518,33100-1000017-9,Maham Tariq,"House 950, Street 12, Jinnah Town, Quetta",Quetta,Balochistan,2024-12-27,2024-12-27,Commercial Plaza,7,169907902,Quetta Property Registry
REG-PUN-2020-78721,45501-1001642-4,K. Malik,"House 999, Street 2, Johar Town, Lahore",Lahore,Punjab,2020-09-21,2020-09-21,Farmhouse,3,56431354,Lahore Property Registry
REG-SIN-2024-91598,45501-1000502-4,Umer Farooq Sahib,"House 433, Street 22, Latifabad, Hyderabad",Hyderabad,Sindh,2024-06-05,2024-06-05,Plot,5,33455995,Hyderabad Property Registry
REG-KPK-2018-55920,61101-1000347-9,Khalid Malik,"House 946, Street 13, Hayatabad, Peshawar",Peshawar,KPK,2018-10-05,2018-10-05,Farmhouse,5,101556134,Peshawar Property Registry
REG-PUN-2024-41479,45501-1000581-7,Taha Hussain,"House 78, Street 23, Gulberg, Lahore",Lahore,Punjab,2024-02-08,2024-02-08,Plot,12,31897368,Lahore Property Registry
REG-PUN-2018-84516,61101-1000249-3,Bilal Ahmed,"House 967, Street 10, Johar Town, Lahore",Lahore,Punjab,2018-09-22,2018-09-22,Apartment,10,22365626,Lahore Property Registry
REG-ISL-2017-65017,61101-1000327-9,Umer Farooq,"House 625, Street 31, G-11, Islamabad",Islamabad,Islamabad,2017-03-07,2017-03-07,House,20,40276410,Islamabad Property Registry
REG-SIN-2020-52019,35202-1000183-1,Fatima Ali,"House 15, Street 10, New Pind, Sukkur",Sukkur,Sindh,2020-06-20,2020-06-20,Commercial Plaza,5,31061160,Sukkur Property Registry
REG-SIN-2019-66200,35202-1000183-1,Fatima Ali,"House 234, Street 22, New Pind, Sukkur",Sukkur,Sindh,2019-06-23,2019-06-23,Plot,5,38502861,Sukkur Property Registry
REG-PUN-2020-48433,17301-1000254-8,S. Iqbal,"House 752, Street 21, Chaklala, Rawalpindi",Rawalpindi,Punjab,2020-08-24,2020-08-24,Farmhouse,20,61493489,Rawalpindi Property Registry
REG-PUN-2019-54353,17301-1000254-8,S. Iqbal,"House 126, Street 32, Saddar, Rawalpindi",Rawalpindi,Punjab,2019-12-21,2019-12-21,Commercial Plaza,20,90809408,Rawalpindi Property Registry
REG-KPK-2021-51984,35202-1001484-8,Nimra Aslam,"House 978, Street 14, Hayatabad, Peshawar",Peshawar,KPK,2021-11-07,2021-11-07,Plot,12,23846181,Peshawar Property Registry
REG-PUN-2023-27423,45501-1000545-5,Imran Siddiqui Sahib,"House 524, Street 16, Canal Road, Faisalabad",Faisalabad,Punjab,2023-10-11,2023-10-11,Apartment,5,27974870,Faisalabad Property Registry
REG-PUN-2025-71788,61101-1000798-6,K. Qureshi,"House 558, Street 27, Model Town, Gujranwala",Gujranwala,Punjab,2025-11-07,2025-11-07,Apartment,3,29296437,Gujranwala Property Registry
REG-ISL-2021-84279,45501-1000180-0,Usman Malik Sahib,"House 170, Street 8, DHA Phase 2, Islamabad",Islamabad,Islamabad,2021-08-05,2021-08-05,House,20,14203775,Islamabad Property Registry
REG-SIN-2024-69554,61101-1001774-8,L. Khan,"House 10, Street 17, Saddar, Hyderabad",Hyderabad,Sindh,2024-10-21,2024-10-21,House,7,32885375,Hyderabad Property Registry
REG-PUN-2026-41699,45501-1001030-0,D. Butt,"House 83, Street 1, D Ground, Faisalabad",Faisalabad,Punjab,2026-06-04,2026-06-04,Plot,3,33329305,Faisalabad Property Registry
REG-SIN-2025-73819,35202-1000845-5,Usman Malik Sahib,"House 462, Street 12, New Pind, Sukkur",Sukkur,Sindh,2025-06-29,2025-06-29,Plot,3,5708305,Sukkur Property Registry
REG-SIN-2019-35175,35202-1000845-5,Chaudhry Usman Malik,"House 358, Street 7, Rohri, Sukkur",Sukkur,Sindh,2019-01-16,2019-01-16,Farmhouse,10,23255918,Sukkur Property Registry
REG-BAL-2025-56729,35202-1000470-0,Chaudhry Danish Butt,"House 152, Street 16, Jinnah Town, Quetta",Quetta,Balochistan,2025-01-23,2025-01-23,House,20,19719633,Quetta Property Registry
REG-PUN-2026-58107,17301-1000242-4,Chaudhry Khalid Malik,"House 464, Street 1, Cantt, Multan",Multan,Punjab,2026-12-30,2026-12-30,Plot,5,16108936,Multan Property Registry
REG-KPK-2016-33148,42101-1000283-1,Hassan Khan,"House 336, Street 10, Warsak Road, Peshawar",Peshawar,KPK,2016-10-26,2016-10-26,House,7,12010032,Peshawar Property Registry
REG-KPK-2016-27506,42101-1000283-1,H. Khan,"House 895, Street 20, Saddar, Peshawar",Peshawar,KPK,2016-06-07,2016-06-07,Plot,3,16753136,Peshawar Property Registry
REG-SIN-2022-91522,42101-1001485-5,Danish Butt,"House 129, Street 4, Clifton, Karachi",Karachi,Sindh,2022-04-06,2022-04-06,House,3,67227665,Karachi Property Registry
REG-SIN-2024-26979,42101-1001485-5,Danish Butt,"House 788, Street 12, DHA Phase 6, Karachi",Karachi,Sindh,2024-12-21,2024-12-21,Plot,7,18386819,Karachi Property Registry
REG-ISL-2022-87523,17301-1000424-8,B. Ahmed,"House 65, Street 24, G-11, Islamabad",Islamabad,Islamabad,2022-11-26,2022-11-26,Plot,40,8300538,Islamabad Property Registry
REG-ISL-2016-28269,17301-1000424-8,Bilal Ahmed,"House 465, Street 6, E-11, Islamabad",Islamabad,Islamabad,2016-11-11,2016-11-11,Apartment,10,28925776,Islamabad Property Registry
REG-SIN-2025-82160,54400-1001580-0,Usman Malik Sahib,"House 115, Street 2, Bahadurabad, Karachi",Karachi,Sindh,2025-06-22,2025-06-22,House,12,32378333,Karachi Property Registry
REG-BAL-2016-84394,35202-1001815-5,Huma Ghani,"House 283, Street 24, Jinnah Town, Quetta",Quetta,Balochistan,2016-11-11,2016-11-11,Commercial Plaza,12,143056501,Quetta Property Registry
REG-PUN-2016-99471,33100-1000687-9,M. Akhtar,"House 466, Street 1, DHA Multan, Multan",Multan,Punjab,2016-05-16,2016-05-16,House,7,85105280,Multan Property Registry
REG-BAL-2016-88146,45501-1000647-9,M. Tariq,"House 111, Street 26, Jinnah Town, Quetta",Quetta,Balochistan,2016-12-02,2016-12-02,Plot,12,21909323,Quetta Property Registry
REG-BAL-2018-58648,45501-1000647-9,Maham Tariq,"House 677, Street 2, Brewery Road, Quetta",Quetta,Balochistan,2018-03-04,2018-03-04,Farmhouse,7,87495839,Quetta Property Registry
REG-BAL-2022-36434,45501-1000647-9,Maham Tariq Sahib,"House 419, Street 4, Brewery Road, Quetta",Quetta,Balochistan,2022-06-18,2022-06-18,House,5,40686748,Quetta Property Registry
REG-SIN-2024-34347,54400-1001218-6,Chaudhry Kamran Qureshi,"House 777, Street 11, Queens Road, Sukkur",Sukkur,Sindh,2024-07-08,2024-07-08,House,3,77808553,Sukkur Property Registry
REG-PUN-2018-66973,61101-1001696-2,Fahad Mirza,"House 351, Street 21, Shah Rukn-e-Alam, Multan",Multan,Punjab,2018-12-09,2018-12-09,Plot,12,27531124,Multan Property Registry
REG-SIN-2023-97783,61101-1000981-7,Muhammad Ahmed,"House 447, Street 3, Auto Bhan, Hyderabad",Hyderabad,Sindh,2023-03-18,2023-03-18,House,3,67310359,Hyderabad Property Registry
REG-ISL-2021-71296,42101-1001298-6,Chaudhry Hassan Khan,"House 670, Street 12, Bahria Enclave, Islamabad",Islamabad,Islamabad,2021-07-31,2021-07-31,Farmhouse,12,77542103,Islamabad Property Registry
REG-PUN-2021-34139,17301-1000713-1,H. Shah,"House 791, Street 4, Civil Lines, Gujranwala",Gujranwala,Punjab,2021-10-28,2021-10-28,Farmhouse,20,55493429,Gujranwala Property Registry
REG-PUN-2019-86636,35202-1001491-7,Chaudhry Taha Hussain,"House 657, Street 2, Bahria Town, Lahore",Lahore,Punjab,2019-05-17,2019-05-17,Apartment,40,16034028,Lahore Property Registry
REG-SIN-2023-77156,33100-1000375-5,Sara Ahmed,"House 61, Street 13, Clifton, Karachi",Karachi,Sindh,2023-11-29,2023-11-29,Plot,20,15337076,Karachi Property Registry
REG-PUN-2025-46012,42101-1001070-0,Chaudhry Imran Siddiqui,"House 487, Street 16, Satellite Town, Gujranwala",Gujranwala,Punjab,2025-05-09,2025-05-09,House,12,17150722,Gujranwala Property Registry
REG-PUN-2020-81049,42101-1001070-0,I. Siddiqui,"House 388, Street 2, Wapda Town, Gujranwala",Gujranwala,Punjab,2020-11-25,2020-11-25,Farmhouse,5,118617235,Gujranwala Property Registry
REG-PUN-2017-10439,42101-1001070-0,Imran Siddiqui Sahib,"House 620, Street 2, Civil Lines, Gujranwala",Gujranwala,Punjab,2017-12-17,2017-12-17,Commercial Plaza,10,154868389,Gujranwala Property Registry
REG-PUN-2020-48677,17301-1000883-1,F. Ali,"House 665, Street 11, People Colony, Faisalabad",Faisalabad,Punjab,2020-06-21,2020-06-21,Plot,40,28232497,Faisalabad Property Registry
REG-BAL-2026-45189,35202-1001041-7,M. Malik,"House 505, Street 30, Brewery Road, Quetta",Quetta,Balochistan,2026-09-18,2026-09-18,Apartment,10,17400736,Quetta Property Registry
REG-SIN-2026-64983,35202-1000263-1,K. Javed,"House 169, Street 14, Qasimabad, Hyderabad",Hyderabad,Sindh,2026-07-26,2026-07-26,Commercial Plaza,5,114017679,Hyderabad Property Registry
REG-PUN-2022-83759,54400-1001185-5,Huma Ghani,"House 440, Street 30, Satellite Town, Gujranwala",Gujranwala,Punjab,2022-07-21,2022-07-21,Commercial Plaza,12,118627821,Gujranwala Property Registry
REG-PUN-2024-76312,54400-1001345-5,Danish Butt,"House 972, Street 13, Cantt, Multan",Multan,Punjab,2024-06-16,2024-06-16,House,20,19965226,Multan Property Registry
REG-PUN-2026-76774,33100-1001487-9,Maham Tariq,"House 482, Street 24, Cantt, Multan",Multan,Punjab,2026-12-05,2026-12-05,Farmhouse,7,94802531,Multan Property Registry
REG-SIN-2022-87325,17301-1000813-1,F. Ali,"House 679, Street 19, Bahadurabad, Karachi",Karachi,Sindh,2022-10-05,2022-10-05,Plot,7,9291090,Karachi Property Registry
REG-SIN-2018-94929,17301-1000813-1,F. Ali,"House 197, Street 3, DHA Phase 6, Karachi",Karachi,Sindh,2018-12-26,2018-12-26,Commercial Plaza,3,56011052,Karachi Property Registry
REG-SIN-2020-48050,17301-1000813-1,F. Ali,"House 305, Street 1, Nazimabad, Karachi",Karachi,Sindh,2020-10-15,2020-10-15,House,12,82433253,Karachi Property Registry
REG-SIN-2024-58629,61101-1001089-3,B. Ahmed,"House 881, Street 35, Barrage Road, Sukkur",Sukkur,Sindh,2024-12-15,2024-12-15,Apartment,5,8458955,Sukkur Property Registry
REG-SIN-2025-10632,61101-1001089-3,Bilal Ahmed,"House 239, Street 28, New Pind, Sukkur",Sukkur,Sindh,2025-05-28,2025-05-28,Commercial Plaza,12,120642272,Sukkur Property Registry
REG-ISL-2022-93191,35202-1001984-8,Laiba Khan,"House 842, Street 6, E-11, Islamabad",Islamabad,Islamabad,2022-06-08,2022-06-08,Apartment,5,28629705,Islamabad Property Registry
REG-ISL-2018-63198,35202-1001984-8,Laiba Khan,"House 362, Street 13, Bahria Enclave, Islamabad",Islamabad,Islamabad,2018-08-03,2018-08-03,Farmhouse,20,55561148,Islamabad Property Registry
REG-PUN-2022-16273,33100-1001689-3,S. Iqbal,"House 494, Street 24, Wapda Town, Gujranwala",Gujranwala,Punjab,2022-06-22,2022-06-22,Apartment,12,31255477,Gujranwala Property Registry
REG-SIN-2025-32336,61101-1001671-7,M. Malik,"House 740, Street 11, Barrage Road, Sukkur",Sukkur,Sindh,2025-12-27,2025-12-27,Plot,40,26071319,Sukkur Property Registry
REG-PUN-2016-89450,33100-1000494-8,B. Ahmed,"House 273, Street 24, Bahria Town, Rawalpindi",Rawalpindi,Punjab,2016-03-08,2016-03-08,House,3,65186670,Rawalpindi Property Registry
REG-PUN-2020-35337,45501-1000412-4,A. Baig,"House 801, Street 8, Gulberg, Lahore",Lahore,Punjab,2020-03-21,2020-03-21,Apartment,20,19402961,Lahore Property Registry
REG-PUN-2023-48825,17301-1001074-8,Laiba Khan Sahib,"House 878, Street 15, Satellite Town, Gujranwala",Gujranwala,Punjab,2023-01-31,2023-01-31,Commercial Plaza,20,100149802,Gujranwala Property Registry
REG-PUN-2018-18641,17301-1001074-8,Laiba Khan,"House 748, Street 13, Peoples Colony, Gujranwala",Gujranwala,Punjab,2018-07-09,2018-07-09,Plot,7,13206897,Gujranwala Property Registry
REG-PUN-2017-27463,61101-1001801-7,Fahad Mirza,"House 240, Street 9, Saddar, Rawalpindi",Rawalpindi,Punjab,2017-01-28,2017-01-28,Farmhouse,3,21457789,Rawalpindi Property Registry
REG-PUN-2022-10952,61101-1001801-7,Fahad Mirza,"House 780, Street 32, Saddar, Rawalpindi",Rawalpindi,Punjab,2022-08-10,2022-08-10,Farmhouse,5,95130251,Rawalpindi Property Registry
REG-PUN-2021-79885,33100-1000691-7,Chaudhry Mariam Malik,"House 136, Street 15, Model Town, Gujranwala",Gujranwala,Punjab,2021-05-20,2021-05-20,Apartment,3,12152503,Gujranwala Property Registry
REG-ISL-2023-54435,54400-1000708-6,Chaudhry Fatima Ali,"House 952, Street 32, G-11, Islamabad",Islamabad,Islamabad,2023-09-16,2023-09-16,Commercial Plaza,40,148888585,Islamabad Property Registry
REG-PUN-2026-77478,45501-1001132-4,Umer Farooq,"House 767, Street 8, Model Town, Gujranwala",Gujranwala,Punjab,2026-02-24,2026-02-24,Apartment,3,23364419,Gujranwala Property Registry
REG-PUN-2016-44234,61101-1000720-0,Imran Siddiqui Sahib,"House 390, Street 12, Chaklala, Rawalpindi",Rawalpindi,Punjab,2016-12-24,2016-12-24,Apartment,12,28864821,Rawalpindi Property Registry
REG-ISL-2025-48725,54400-1000122-4,Maham Tariq Sahib,"House 497, Street 14, F-10, Islamabad",Islamabad,Islamabad,2025-08-15,2025-08-15,Apartment,12,13904939,Islamabad Property Registry
REG-ISL-2025-31452,54400-1000122-4,Maham Tariq,"House 222, Street 25, E-11, Islamabad",Islamabad,Islamabad,2025-08-16,2025-08-16,House,10,12218968,Islamabad Property Registry
REG-PUN-2024-65783,61101-1001953-1,Kamran Qureshi,"House 208, Street 20, Satellite Town, Rawalpindi",Rawalpindi,Punjab,2024-03-10,2024-03-10,Commercial Plaza,7,135197043,Rawalpindi Property Registry
REG-PUN-2025-90423,61101-1001435-5,Chaudhry Waseem Akram,"House 381, Street 6, Bahria Town, Rawalpindi",Rawalpindi,Punjab,2025-10-18,2025-10-18,Commercial Plaza,10,47326791,Rawalpindi Property Registry
REG-PUN-2022-61108,61101-1001435-5,Chaudhry Waseem Akram,"House 790, Street 2, Chaklala, Rawalpindi",Rawalpindi,Punjab,2022-07-24,2022-07-24,Farmhouse,5,57555896,Rawalpindi Property Registry
REG-BAL-2024-67018,35202-1000468-6,Chaudhry Hira Shah,"House 408, Street 3, Brewery Road, Quetta",Quetta,Balochistan,2024-03-08,2024-03-08,Plot,7,24582785,Quetta Property Registry
REG-BAL-2018-32308,35202-1001309-3,Nimra Aslam,"House 781, Street 29, Jinnah Town, Quetta",Quetta,Balochistan,2018-05-25,2018-05-25,Farmhouse,12,111797231,Quetta Property Registry
REG-KPK-2020-53067,54400-1001525-5,I. Siddiqui,"House 11, Street 26, Saddar, Peshawar",Peshawar,KPK,2020-08-02,2020-08-02,Farmhouse,20,76898045,Peshawar Property Registry
REG-PUN-2021-57064,61101-1001545-5,U. Malik,"House 282, Street 21, Model Town, Lahore",Lahore,Punjab,2021-07-09,2021-07-09,House,40,70584652,Lahore Property Registry
REG-PUN-2022-13078,61101-1001545-5,Usman Malik Sahib,"House 289, Street 25, Johar Town, Lahore",Lahore,Punjab,2022-04-05,2022-04-05,Apartment,5,15751158,Lahore Property Registry
REG-PUN-2022-25217,33100-1001963-1,Hassan Khan Sahib,"House 77, Street 34, Cantt, Multan",Multan,Punjab,2022-02-05,2022-02-05,Commercial Plaza,40,109406827,Multan Property Registry
REG-SIN-2021-11066,35202-1000961-7,F. Mirza,"House 422, Street 17, Military Road, Sukkur",Sukkur,Sindh,2021-12-08,2021-12-08,House,20,70297554,Sukkur Property Registry
REG-PUN-2023-85160,61101-1001187-9,Khalid Malik,"House 913, Street 1, PWD, Rawalpindi",Rawalpindi,Punjab,2023-08-23,2023-08-23,Plot,5,3391291,Rawalpindi Property Registry
REG-PUN-2019-51712,61101-1001187-9,K. Malik,"House 966, Street 20, Chaklala, Rawalpindi",Rawalpindi,Punjab,2019-03-05,2019-03-05,House,5,20126362,Rawalpindi Property Registry
REG-PUN-2025-62904,61101-1001187-9,Khalid Malik,"House 857, Street 2, Chaklala, Rawalpindi",Rawalpindi,Punjab,2025-02-13,2025-02-13,Plot,40,35804594,Rawalpindi Property Registry
REG-PUN-2019-73389,61101-1001114-8,Nida Hussain,"House 874, Street 24, Bahria Town, Rawalpindi",Rawalpindi,Punjab,2019-08-26,2019-08-26,Commercial Plaza,20,40734844,Rawalpindi Property Registry
REG-PUN-2016-66235,61101-1001114-8,Nida Hussain,"House 626, Street 29, Bahria Town, Rawalpindi",Rawalpindi,Punjab,2016-09-13,2016-09-13,House,40,40038645,Rawalpindi Property Registry
REG-PUN-2022-80651,17301-1001211-7,Chaudhry Taha Hussain,"House 295, Street 17, Shah Rukn-e-Alam, Multan",Multan,Punjab,2022-11-08,2022-11-08,Commercial Plaza,7,131910791,Multan Property Registry
REG-PUN-2022-40692,17301-1001211-7,Taha Hussain,"House 469, Street 34, DHA Multan, Multan",Multan,Punjab,2022-12-26,2022-12-26,Farmhouse,12,34638019,Multan Property Registry
REG-PUN-2022-14650,17301-1001211-7,Taha Hussain Sahib,"House 538, Street 34, Gulgasht, Multan",Multan,Punjab,2022-07-16,2022-07-16,Commercial Plaza,40,74841725,Multan Property Registry
REG-KPK-2019-22613,17301-1000420-0,Waseem Akram Sahib,"House 691, Street 12, Warsak Road, Peshawar",Peshawar,KPK,2019-08-24,2019-08-24,Apartment,3,17141841,Peshawar Property Registry
REG-KPK-2023-29112,17301-1000420-0,Waseem Akram Sahib,"House 441, Street 29, Gulbahar, Peshawar",Peshawar,KPK,2023-08-18,2023-08-18,Apartment,5,27972453,Peshawar Property Registry
REG-PUN-2022-16619,17301-1001064-8,Nimra Aslam,"House 608, Street 18, People Colony, Faisalabad",Faisalabad,Punjab,2022-05-15,2022-05-15,Plot,10,37657690,Faisalabad Property Registry
REG-PUN-2018-17297,17301-1001064-8,Nimra Aslam Sahib,"House 990, Street 31, Madina Town, Faisalabad",Faisalabad,Punjab,2018-01-06,2018-01-06,House,20,13746785,Faisalabad Property Registry
REG-BAL-2018-47405,35202-1001366-2,Muhammad Ahmed,"House 294, Street 10, Jinnah Town, Quetta",Quetta,Balochistan,2018-12-05,2018-12-05,Apartment,20,23952141,Quetta Property Registry
REG-BAL-2019-16038,33100-1001072-4,M. Akhtar,"House 294, Street 14, Satellite Town, Quetta",Quetta,Balochistan,2019-06-23,2019-06-23,Farmhouse,3,112444929,Quetta Property Registry
REG-SIN-2024-29844,42101-1001007-9,A. Baig,"House 665, Street 10, New Pind, Sukkur",Sukkur,Sindh,2024-10-25,2024-10-25,House,7,27409328,Sukkur Property Registry
REG-SIN-2019-32011,42101-1001007-9,A. Baig,"House 204, Street 23, Rohri, Sukkur",Sukkur,Sindh,2019-07-24,2019-07-24,House,10,23696871,Sukkur Property Registry
REG-PUN-2024-72831,45501-1000464-8,S. Iqbal,"House 348, Street 20, Bosan Road, Multan",Multan,Punjab,2024-11-27,2024-11-27,Apartment,5,14707453,Multan Property Registry
REG-PUN-2019-93814,33100-1000087-9,Maham Tariq,"House 152, Street 4, Civil Lines, Gujranwala",Gujranwala,Punjab,2019-12-22,2019-12-22,Plot,10,29248335,Gujranwala Property Registry
REG-SIN-2026-51485,45501-1001795-5,Zainab Ahmed,"House 344, Street 3, Queens Road, Sukkur",Sukkur,Sindh,2026-12-16,2026-12-16,Apartment,40,9568495,Sukkur Property Registry
REG-SIN-2024-63707,45501-1001795-5,Z. Ahmed,"House 913, Street 17, Military Road, Sukkur",Sukkur,Sindh,2024-07-12,2024-07-12,Farmhouse,20,103109328,Sukkur Property Registry
REG-PUN-2026-73570,33100-1000210-0,Waseem Akram,"House 655, Street 2, Chaklala, Rawalpindi",Rawalpindi,Punjab,2026-11-18,2026-11-18,Commercial Plaza,3,60303532,Rawalpindi Property Registry
REG-SIN-2017-45747,33100-1001976-2,Fahad Mirza Sahib,"House 473, Street 35, DHA Phase 6, Karachi",Karachi,Sindh,2017-12-31,2017-12-31,Plot,3,12295374,Karachi Property Registry
REG-SIN-2021-99795,17301-1000324-8,S. Iqbal,"House 532, Street 14, Latifabad, Hyderabad",Hyderabad,Sindh,2021-10-13,2021-10-13,Commercial Plaza,7,148842678,Hyderabad Property Registry
REG-PUN-2024-42436,33100-1001196-2,Hamza Sheikh Sahib,"House 409, Street 5, Madina Town, Faisalabad",Faisalabad,Punjab,2024-02-20,2024-02-20,Farmhouse,7,111993783,Faisalabad Property Registry
REG-BAL-2026-47191,42101-1001115-5,Huma Ghani Sahib,"House 638, Street 3, Samungli Road, Quetta",Quetta,Balochistan,2026-05-09,2026-05-09,Farmhouse,12,33365773,Quetta Property Registry
REG-SIN-2019-12418,33100-1000810-0,Usman Malik,"House 645, Street 14, Qasimabad, Hyderabad",Hyderabad,Sindh,2019-03-07,2019-03-07,Apartment,40,34300070,Hyderabad Property Registry
REG-KPK-2020-34298,54400-1001986-2,Mariam Malik,"House 441, Street 20, Warsak Road, Peshawar",Peshawar,KPK,2020-03-22,2020-03-22,Commercial Plaza,12,112362384,Peshawar Property Registry
REG-KPK-2018-62387,54400-1001986-2,Chaudhry Mariam Malik,"House 852, Street 3, Saddar, Peshawar",Peshawar,KPK,2018-12-30,2018-12-30,House,7,66024140,Peshawar Property Registry
REG-SIN-2020-90061,61101-1000029-3,Chaudhry Nida Hussain,"House 426, Street 19, Qasimabad, Hyderabad",Hyderabad,Sindh,2020-08-15,2020-08-15,Plot,5,31286170,Hyderabad Property Registry
REG-SIN-2022-63443,61101-1000029-3,Chaudhry Nida Hussain,"House 971, Street 26, Auto Bhan, Hyderabad",Hyderabad,Sindh,2022-09-26,2022-09-26,Apartment,10,10809386,Hyderabad Property Registry
REG-PUN-2020-27744,42101-1000259-3,Nimra Aslam Sahib,"House 847, Street 28, Saddar, Rawalpindi",Rawalpindi,Punjab,2020-01-31,2020-01-31,Commercial Plaza,5,81300557,Rawalpindi Property Registry
REG-PUN-2017-98801,35202-1001428-6,Kamran Qureshi,"House 409, Street 23, Canal Road, Faisalabad",Faisalabad,Punjab,2017-10-11,2017-10-11,Commercial Plaza,5,42435273,Faisalabad Property Registry
REG-SIN-2022-89747,54400-1000156-2,Fahad Mirza,"House 331, Street 18, Nazimabad, Karachi",Karachi,Sindh,2022-08-16,2022-08-16,Commercial Plaza,20,156524045,Karachi Property Registry
REG-SIN-2026-17554,54400-1000156-2,F. Mirza,"House 26, Street 26, Nazimabad, Karachi",Karachi,Sindh,2026-08-20,2026-08-20,Commercial Plaza,10,63825984,Karachi Property Registry
REG-SIN-2022-23756,33100-1000022-4,Muneeb Akhtar,"House 421, Street 21, Nazimabad, Karachi",Karachi,Sindh,2022-11-03,2022-11-03,Plot,12,24167956,Karachi Property Registry
REG-SIN-2018-16263,54400-1000350-0,Chaudhry Waseem Akram,"House 665, Street 35, Qasimabad, Hyderabad",Hyderabad,Sindh,2018-12-04,2018-12-04,Farmhouse,12,44896864,Hyderabad Property Registry
REG-KPK-2020-71556,61101-1000875-5,Waseem Akram,"House 796, Street 33, Saddar, Peshawar",Peshawar,KPK,2020-05-06,2020-05-06,Commercial Plaza,12,101844910,Peshawar Property Registry
REG-PUN-2021-54734,61101-1001412-4,Chaudhry Umer Farooq,"House 931, Street 18, D Ground, Faisalabad",Faisalabad,Punjab,2021-06-16,2021-06-16,Plot,7,31408333,Faisalabad Property Registry
REG-PUN-2022-62958,61101-1001412-4,Chaudhry Umer Farooq,"House 772, Street 23, Madina Town, Faisalabad",Faisalabad,Punjab,2022-10-24,2022-10-24,House,5,31179954,Faisalabad Property Registry
REG-PUN-2021-44850,54400-1000153-1,Chaudhry Hira Shah,"House 664, Street 11, Bosan Road, Multan",Multan,Punjab,2021-08-20,2021-08-20,Plot,3,35113576,Multan Property Registry
REG-PUN-2018-19754,45501-1001656-2,Saad Qureshi Sahib,"House 417, Street 16, Cantt, Multan",Multan,Punjab,2018-06-11,2018-06-11,Apartment,5,19073496,Multan Property Registry
REG-SIN-2017-81524,35202-1001841-7,Chaudhry Taha Hussain,"House 83, Street 8, Military Road, Sukkur",Sukkur,Sindh,2017-08-10,2017-08-10,Apartment,40,18893086,Sukkur Property Registry
REG-SIN-2020-28500,61101-1001183-1,Kamran Qureshi Sahib,"House 963, Street 29, Barrage Road, Sukkur",Sukkur,Sindh,2020-08-30,2020-08-30,Commercial Plaza,3,48133441,Sukkur Property Registry
REG-PUN-2024-71014,33100-1000499-3,Sana Iqbal,"House 144, Street 25, Johar Town, Lahore",Lahore,Punjab,2024-11-21,2024-11-21,House,20,26597195,Lahore Property Registry
REG-PUN-2016-56347,33100-1000499-3,Chaudhry Sana Iqbal,"House 81, Street 15, Gulberg, Lahore",Lahore,Punjab,2016-09-02,2016-09-02,Farmhouse,3,83261684,Lahore Property Registry
REG-PUN-2023-59933,45501-1001299-3,B. Ahmed,"House 251, Street 4, Shah Rukn-e-Alam, Multan",Multan,Punjab,2023-06-21,2023-06-21,Commercial Plaza,12,161568730,Multan Property Registry
REG-PUN-2024-84237,33100-1001374-8,Sana Iqbal,"House 910, Street 30, Madina Town, Faisalabad",Faisalabad,Punjab,2024-12-30,2024-12-30,Apartment,10,14589793,Faisalabad Property Registry
REG-ISL-2023-97492,42101-1000739-3,Chaudhry Bilal Ahmed,"House 309, Street 10, Bahria Enclave, Islamabad",Islamabad,Islamabad,2023-07-16,2023-07-16,Farmhouse,12,21857498,Islamabad Property Registry
REG-PUN-2019-85714,45501-1000447-9,A. Baig,"House 106, Street 17, Bahria Town, Lahore",Lahore,Punjab,2019-02-28,2019-02-28,Farmhouse,10,29377830,Lahore Property Registry
REG-SIN-2018-67828,61101-1000175-5,Waseem Akram Sahib,"House 183, Street 6, New Pind, Sukkur",Sukkur,Sindh,2018-11-07,2018-11-07,Commercial Plaza,10,164620481,Sukkur Property Registry
REG-SIN-2020-10874,61101-1000175-5,Waseem Akram,"House 863, Street 9, Rohri, Sukkur",Sukkur,Sindh,2020-02-14,2020-02-14,Commercial Plaza,10,135823536,Sukkur Property Registry
REG-SIN-2016-16270,61101-1000175-5,Waseem Akram,"House 421, Street 28, Barrage Road, Sukkur",Sukkur,Sindh,2016-03-09,2016-03-09,Commercial Plaza,5,148431923,Sukkur Property Registry
REG-BAL-2025-25577,35202-1001263-1,H. Khan,"House 512, Street 7, Satellite Town, Quetta",Quetta,Balochistan,2025-04-09,2025-04-09,Commercial Plaza,3,115819722,Quetta Property Registry
REG-PUN-2017-30952,33100-1001044-8,Nida Hussain,"House 953, Street 24, Saddar, Rawalpindi",Rawalpindi,Punjab,2017-10-01,2017-10-01,Farmhouse,40,72218545,Rawalpindi Property Registry
REG-SIN-2022-49488,17301-1001786-2,Chaudhry Muhammad Ahmed,"House 295, Street 9, Nazimabad, Karachi",Karachi,Sindh,2022-02-19,2022-02-19,Farmhouse,10,53013727,Karachi Property Registry
REG-PUN-2023-49194,17301-1001100-0,D. Butt,"House 95, Street 13, DHA Multan, Multan",Multan,Punjab,2023-01-20,2023-01-20,Plot,5,29800789,Multan Property Registry
REG-PUN-2025-79167,35202-1000257-9,Umer Farooq Sahib,"House 322, Street 19, Civil Lines, Gujranwala",Gujranwala,Punjab,2025-07-12,2025-07-12,Apartment,10,25309293,Gujranwala Property Registry
REG-PUN-2021-55949,35202-1000317-9,Ali Raza Sahib,"House 315, Street 8, Cantt, Multan",Multan,Punjab,2021-02-28,2021-02-28,Plot,7,24573164,Multan Property Registry
REG-PUN-2019-93471,45501-1001401-7,M. Ahmed,"House 238, Street 26, Chaklala, Rawalpindi",Rawalpindi,Punjab,2019-03-13,2019-03-13,Plot,5,11647342,Rawalpindi Property Registry
REG-ISL-2021-74831,45501-1000559-3,Chaudhry Amna Chaudhry,"House 371, Street 15, Bahria Enclave, Islamabad",Islamabad,Islamabad,2021-12-14,2021-12-14,House,12,15490031,Islamabad Property Registry
REG-PUN-2017-22037,61101-1001714-8,A. Chaudhry,"House 998, Street 35, Model Town, Lahore",Lahore,Punjab,2017-12-30,2017-12-30,House,10,54852702,Lahore Property Registry
REG-PUN-2017-61759,61101-1001714-8,A. Chaudhry,"House 854, Street 12, Model Town, Lahore",Lahore,Punjab,2017-11-18,2017-11-18,Commercial Plaza,7,29280716,Lahore Property Registry
REG-PUN-2018-86812,42101-1001740-0,Sara Ahmed,"House 985, Street 17, Civil Lines, Gujranwala",Gujranwala,Punjab,2018-08-17,2018-08-17,Commercial Plaza,5,75681152,Gujranwala Property Registry
REG-PUN-2023-17599,45501-1001127-9,Chaudhry Ayesha Khan,"House 785, Street 30, Model Town, Gujranwala",Gujranwala,Punjab,2023-09-02,2023-09-02,Farmhouse,10,101584855,Gujranwala Property Registry
REG-PUN-2025-47545,45501-1001127-9,Ayesha Khan,"House 636, Street 19, Wapda Town, Gujranwala",Gujranwala,Punjab,2025-07-26,2025-07-26,Farmhouse,7,70628220,Gujranwala Property Registry
REG-SIN-2019-11681,17301-1000391-7,H. Sheikh,"House 489, Street 24, DHA Phase 6, Karachi",Karachi,Sindh,2019-10-02,2019-10-02,Apartment,5,24046985,Karachi Property Registry
REG-SIN-2019-57572,17301-1000391-7,Hamza Sheikh,"House 134, Street 10, Bahadurabad, Karachi",Karachi,Sindh,2019-02-28,2019-02-28,Commercial Plaza,12,156565090,Karachi Property Registry
REG-BAL-2017-10905,42101-1001329-3,A. Chaudhry,"House 581, Street 1, Brewery Road, Quetta",Quetta,Balochistan,2017-03-16,2017-03-16,House,10,88772866,Quetta Property Registry
REG-BAL-2020-12490,42101-1001329-3,A. Chaudhry,"House 101, Street 27, Cantt, Quetta",Quetta,Balochistan,2020-05-24,2020-05-24,Commercial Plaza,5,175690857,Quetta Property Registry
REG-BAL-2017-45257,42101-1001329-3,Amna Chaudhry Sahib,"House 326, Street 18, Cantt, Quetta",Quetta,Balochistan,2017-10-17,2017-10-17,Apartment,5,16569492,Quetta Property Registry
REG-PUN-2024-30667,54400-1000577-9,Maham Tariq Sahib,"House 370, Street 12, Peoples Colony, Gujranwala",Gujranwala,Punjab,2024-10-22,2024-10-22,Farmhouse,3,60631902,Gujranwala Property Registry
REG-PUN-2024-29610,54400-1000577-9,Maham Tariq Sahib,"House 526, Street 12, Wapda Town, Gujranwala",Gujranwala,Punjab,2024-02-19,2024-02-19,Apartment,3,11502276,Gujranwala Property Registry
REG-PUN-2016-25657,54400-1000577-9,Maham Tariq,"House 170, Street 21, Wapda Town, Gujranwala",Gujranwala,Punjab,2016-08-20,2016-08-20,Commercial Plaza,5,142854199,Gujranwala Property Registry
REG-BAL-2022-33784,45501-1001506-2,Muhammad Ahmed,"House 179, Street 26, Samungli Road, Quetta",Quetta,Balochistan,2022-11-17,2022-11-17,Farmhouse,3,35245932,Quetta Property Registry
REG-PUN-2026-60966,54400-1001481-7,Saad Qureshi,"House 711, Street 14, Shah Rukn-e-Alam, Multan",Multan,Punjab,2026-07-25,2026-07-25,Plot,12,27153948,Multan Property Registry
REG-BAL-2016-76826,45501-1000612-4,Maham Tariq Sahib,"House 83, Street 27, Samungli Road, Quetta",Quetta,Balochistan,2016-12-27,2016-12-27,Plot,5,11094188,Quetta Property Registry
REG-ISL-2019-87261,42101-1000641-7,Chaudhry Saad Qureshi,"House 974, Street 3, E-11, Islamabad",Islamabad,Islamabad,2019-01-23,2019-01-23,Apartment,40,34094909,Islamabad Property Registry
REG-SIN-2021-10182,61101-1000601-7,Hamza Sheikh,"House 432, Street 22, Nazimabad, Karachi",Karachi,Sindh,2021-06-30,2021-06-30,Commercial Plaza,12,63731819,Karachi Property Registry
REG-PUN-2026-96869,33100-1001014-8,A. Chaudhry,"House 623, Street 25, Gulberg, Faisalabad",Faisalabad,Punjab,2026-12-14,2026-12-14,Apartment,5,30218274,Faisalabad Property Registry
REG-PUN-2018-10236,33100-1001014-8,Amna Chaudhry,"House 159, Street 15, Gulberg, Faisalabad",Faisalabad,Punjab,2018-07-02,2018-07-02,Commercial Plaza,7,122105340,Faisalabad Property Registry
REG-SIN-2019-68727,35202-1000911-7,Muhammad Ahmed Sahib,"House 933, Street 10, Latifabad, Hyderabad",Hyderabad,Sindh,2019-11-15,2019-11-15,Commercial Plaza,10,170658670,Hyderabad Property Registry
REG-SIN-2020-36944,33100-1001035-5,I. Siddiqui,"House 110, Street 32, Queens Road, Sukkur",Sukkur,Sindh,2020-10-10,2020-10-10,Commercial Plaza,10,142933964,Sukkur Property Registry
REG-SIN-2025-36240,33100-1001035-5,Chaudhry Imran Siddiqui,"House 349, Street 14, Queens Road, Sukkur",Sukkur,Sindh,2025-04-07,2025-04-07,Apartment,10,5870401,Sukkur Property Registry
REG-SIN-2019-59561,17301-1000561-7,Muhammad Ahmed,"House 491, Street 25, Bahadurabad, Karachi",Karachi,Sindh,2019-06-08,2019-06-08,Apartment,40,20578572,Karachi Property Registry
REG-SIN-2017-85522,61101-1000841-7,M. Ahmed,"House 18, Street 32, Bahadurabad, Karachi",Karachi,Sindh,2017-07-01,2017-07-01,Apartment,10,28039999,Karachi Property Registry
REG-PUN-2017-50794,33100-1001893-1,Hassan Khan Sahib,"House 641, Street 33, PWD, Rawalpindi",Rawalpindi,Punjab,2017-08-16,2017-08-16,Farmhouse,5,101163450,Rawalpindi Property Registry
REG-PUN-2017-43040,33100-1001242-4,Chaudhry Maham Tariq,"House 455, Street 22, Model Town, Gujranwala",Gujranwala,Punjab,2017-04-02,2017-04-02,Plot,7,4320184,Gujranwala Property Registry
REG-SIN-2026-13508,17301-1001919-3,Chaudhry Nida Hussain,"House 821, Street 32, Rohri, Sukkur",Sukkur,Sindh,2026-06-30,2026-06-30,Plot,5,20187271,Sukkur Property Registry
REG-SIN-2025-55884,45501-1001450-0,Danish Butt Sahib,"House 410, Street 26, Latifabad, Hyderabad",Hyderabad,Sindh,2025-10-13,2025-10-13,Farmhouse,5,40795150,Hyderabad Property Registry
REG-SIN-2022-40477,45501-1001450-0,Danish Butt,"House 741, Street 16, Qasimabad, Hyderabad",Hyderabad,Sindh,2022-06-30,2022-06-30,Commercial Plaza,12,86702544,Hyderabad Property Registry
REG-SIN-2017-69524,45501-1001450-0,Danish Butt Sahib,"House 669, Street 1, Hussainabad, Hyderabad",Hyderabad,Sindh,2017-06-29,2017-06-29,Commercial Plaza,5,43858293,Hyderabad Property Registry
REG-PUN-2020-37240,61101-1000268-6,Asad Iqbal,"House 241, Street 17, Canal Road, Faisalabad",Faisalabad,Punjab,2020-01-15,2020-01-15,Farmhouse,12,92403297,Faisalabad Property Registry
REG-PUN-2019-43994,61101-1000268-6,Asad Iqbal,"House 851, Street 22, Canal Road, Faisalabad",Faisalabad,Punjab,2019-12-25,2019-12-25,Farmhouse,20,44305910,Faisalabad Property Registry
REG-SIN-2024-94985,61101-1000838-6,S. Butt,"House 662, Street 32, Nazimabad, Karachi",Karachi,Sindh,2024-08-13,2024-08-13,House,20,33649928,Karachi Property Registry
REG-PUN-2018-79915,35202-1000086-2,F. Mirza,"House 710, Street 29, Canal Road, Faisalabad",Faisalabad,Punjab,2018-11-20,2018-11-20,Apartment,5,6217086,Faisalabad Property Registry
REG-PUN-2023-79257,61101-1000497-9,Ayesha Khan Sahib,"House 727, Street 28, Wapda Town, Gujranwala",Gujranwala,Punjab,2023-07-08,2023-07-08,Apartment,40,33141080,Gujranwala Property Registry
REG-SIN-2026-58182,45501-1000444-8,Laiba Khan,"House 681, Street 8, Gulshan-e-Iqbal, Karachi",Karachi,Sindh,2026-06-25,2026-06-25,Commercial Plaza,10,47560654,Karachi Property Registry
REG-SIN-2026-95481,35202-1001879-3,Laiba Khan Sahib,"House 912, Street 32, New Pind, Sukkur",Sukkur,Sindh,2026-03-21,2026-03-21,House,7,82449990,Sukkur Property Registry
REG-BAL-2025-31417,45501-1000802-4,Chaudhry Khalid Malik,"House 706, Street 12, Jinnah Town, Quetta",Quetta,Balochistan,2025-12-16,2025-12-16,House,3,68259187,Quetta Property Registry
REG-PUN-2019-18315,17301-1001530-0,Chaudhry Sara Ahmed,"House 903, Street 30, Chaklala, Rawalpindi",Rawalpindi,Punjab,2019-04-01,2019-04-01,Apartment,7,20726967,Rawalpindi Property Registry
REG-PUN-2018-73707,17301-1001530-0,Sara Ahmed,"House 478, Street 20, Saddar, Rawalpindi",Rawalpindi,Punjab,2018-03-19,2018-03-19,Apartment,10,33216246,Rawalpindi Property Registry
REG-SIN-2022-23225,17301-1000916-2,Hamza Sheikh,"House 946, Street 22, Military Road, Sukkur",Sukkur,Sindh,2022-04-12,2022-04-12,Commercial Plaza,7,178196218,Sukkur Property Registry
REG-PUN-2020-14494,35202-1000456-2,M. Ahmed,"House 591, Street 29, DHA Phase 5, Lahore",Lahore,Punjab,2020-09-18,2020-09-18,House,5,19863027,Lahore Property Registry
REG-PUN-2026-93274,35202-1001094-8,Sana Iqbal,"House 403, Street 7, Peoples Colony, Gujranwala",Gujranwala,Punjab,2026-10-27,2026-10-27,House,12,85226209,Gujranwala Property Registry
REG-PUN-2023-41292,42101-1001518-6,Hira Shah,"House 471, Street 6, Gulberg, Lahore",Lahore,Punjab,2023-09-12,2023-09-12,Commercial Plaza,7,149565559,Lahore Property Registry
REG-PUN-2020-85983,33100-1000045-5,Z. Ahmed,"House 533, Street 29, Satellite Town, Rawalpindi",Rawalpindi,Punjab,2020-04-20,2020-04-20,Commercial Plaza,3,43271066,Rawalpindi Property Registry
REG-PUN-2025-31849,45501-1001768-6,Kashif Javed,"House 122, Street 14, People Colony, Faisalabad",Faisalabad,Punjab,2025-04-17,2025-04-17,House,12,84054925,Faisalabad Property Registry
REG-ISL-2016-63753,35202-1000653-1,Asad Iqbal,"House 517, Street 24, E-11, Islamabad",Islamabad,Islamabad,2016-05-29,2016-05-29,Commercial Plaza,40,131552992,Islamabad Property Registry
REG-ISL-2019-34674,35202-1000653-1,Chaudhry Asad Iqbal,"House 628, Street 11, E-11, Islamabad",Islamabad,Islamabad,2019-08-22,2019-08-22,Commercial Plaza,5,140122899,Islamabad Property Registry
REG-ISL-2018-42245,35202-1000653-1,Asad Iqbal,"House 495, Street 6, E-11, Islamabad",Islamabad,Islamabad,2018-08-21,2018-08-21,Apartment,5,29275679,Islamabad Property Registry
REG-KPK-2020-28487,61101-1000286-2,Hamza Sheikh Sahib,"House 76, Street 5, Warsak Road, Peshawar",Peshawar,KPK,2020-09-04,2020-09-04,Apartment,20,7956847,Peshawar Property Registry
REG-PUN-2019-92561,42101-1001788-6,Hassan Khan Sahib,"House 194, Street 30, D Ground, Faisalabad",Faisalabad,Punjab,2019-10-17,2019-10-17,House,20,36305758,Faisalabad Property Registry
REG-PUN-2026-95400,42101-1000262-4,Maham Tariq Sahib,"House 571, Street 28, Satellite Town, Gujranwala",Gujranwala,Punjab,2026-09-18,2026-09-18,Plot,20,33932882,Gujranwala Property Registry
REG-PUN-2023-78681,42101-1001084-8,Chaudhry Amna Chaudhry,"House 523, Street 16, Shah Rukn-e-Alam, Multan",Multan,Punjab,2023-12-22,2023-12-22,Commercial Plaza,40,106246709,Multan Property Registry
REG-SIN-2017-56421,54400-1001504-8,Amna Chaudhry,"House 848, Street 34, Queens Road, Sukkur",Sukkur,Sindh,2017-04-09,2017-04-09,Apartment,10,32750345,Sukkur Property Registry
REG-BAL-2023-52446,35202-1000388-6,Hassan Khan,"House 544, Street 16, Satellite Town, Quetta",Quetta,Balochistan,2023-09-23,2023-09-23,Farmhouse,20,54069381,Quetta Property Registry
REG-BAL-2021-33589,42101-1000635-5,U. Malik,"House 473, Street 14, Satellite Town, Quetta",Quetta,Balochistan,2021-01-23,2021-01-23,Plot,3,36064393,Quetta Property Registry
REG-PUN-2025-82526,33100-1000637-9,Ayesha Khan,"House 509, Street 33, Cantt, Multan",Multan,Punjab,2025-06-17,2025-06-17,House,7,65831983,Multan Property Registry
REG-PUN-2016-30285,33100-1000637-9,Ayesha Khan Sahib,"House 912, Street 32, Cantt, Multan",Multan,Punjab,2016-05-28,2016-05-28,Commercial Plaza,20,103014183,Multan Property Registry
REG-PUN-2023-85427,17301-1000840-0,Waseem Akram,"House 457, Street 2, Chaklala, Rawalpindi",Rawalpindi,Punjab,2023-05-30,2023-05-30,House,20,46172756,Rawalpindi Property Registry
REG-SIN-2021-72348,61101-1000697-9,Khalid Malik,"House 890, Street 33, Barrage Road, Sukkur",Sukkur,Sindh,2021-02-10,2021-02-10,Apartment,12,30046269,Sukkur Property Registry
REG-SIN-2021-84103,61101-1000697-9,K. Malik,"House 279, Street 18, New Pind, Sukkur",Sukkur,Sindh,2021-03-30,2021-03-30,Commercial Plaza,20,71217620,Sukkur Property Registry
REG-PUN-2016-75351,45501-1001883-1,Kamran Qureshi,"House 665, Street 34, DHA Multan, Multan",Multan,Punjab,2016-04-06,2016-04-06,Farmhouse,5,102182698,Multan Property Registry
REG-PUN-2019-78522,42101-1001647-9,A. Raza,"House 555, Street 34, Shah Rukn-e-Alam, Multan",Multan,Punjab,2019-03-08,2019-03-08,Plot,12,17811991,Multan Property Registry
REG-PUN-2021-27405,42101-1001647-9,Ali Raza,"House 737, Street 4, DHA Multan, Multan",Multan,Punjab,2021-04-22,2021-04-22,Plot,12,9603548,Multan Property Registry
REG-PUN-2023-57260,17301-1001247-9,Muneeb Akhtar,"House 275, Street 31, Wapda Town, Gujranwala",Gujranwala,Punjab,2023-05-16,2023-05-16,Commercial Plaza,3,169717227,Gujranwala Property Registry
REG-PUN-2026-43472,35202-1001217-9,A. Baig,"House 946, Street 12, Model Town, Gujranwala",Gujranwala,Punjab,2026-07-29,2026-07-29,Commercial Plaza,40,164864179,Gujranwala Property Registry
REG-PUN-2019-15777,54400-1000121-7,F. Mirza,"House 59, Street 5, Model Town, Gujranwala",Gujranwala,Punjab,2019-04-19,2019-04-19,Plot,7,19645220,Gujranwala Property Registry
REG-PUN-2017-92821,54400-1000121-7,F. Mirza,"House 402, Street 24, Model Town, Gujranwala",Gujranwala,Punjab,2017-09-27,2017-09-27,Farmhouse,5,109084313,Gujranwala Property Registry
REG-PUN-2017-30791,17301-1000442-4,Chaudhry Muneeb Akhtar,"House 481, Street 8, Bahria Town, Rawalpindi",Rawalpindi,Punjab,2017-05-04,2017-05-04,Apartment,7,34719037,Rawalpindi Property Registry
REG-KPK-2018-79556,61101-1000326-2,Saad Qureshi,"House 190, Street 23, Gulbahar, Peshawar",Peshawar,KPK,2018-11-13,2018-11-13,House,40,74523787,Peshawar Property Registry
REG-PUN-2026-69934,17301-1000965-5,Imran Siddiqui,"House 67, Street 20, Bosan Road, Multan",Multan,Punjab,2026-05-13,2026-05-13,Farmhouse,40,42817896,Multan Property Registry
REG-PUN-2023-82948,17301-1000965-5,Imran Siddiqui,"House 772, Street 34, Shah Rukn-e-Alam, Multan",Multan,Punjab,2023-10-20,2023-10-20,House,7,84417185,Multan Property Registry
REG-PUN-2025-79844,17301-1000965-5,Imran Siddiqui,"House 323, Street 17, Cantt, Multan",Multan,Punjab,2025-09-03,2025-09-03,Farmhouse,7,80052779,Multan Property Registry
REG-PUN-2018-72341,54400-1001790-0,Chaudhry Usman Malik,"House 788, Street 12, Chaklala, Rawalpindi",Rawalpindi,Punjab,2018-10-12,2018-10-12,Farmhouse,20,20733494,Rawalpindi Property Registry
REG-BAL-2023-11192,33100-1001666-2,Chaudhry Taha Hussain,"House 855, Street 9, Satellite Town, Quetta",Quetta,Balochistan,2023-01-06,2023-01-06,Apartment,10,28210323,Quetta Property Registry
REG-BAL-2024-50190,33100-1001666-2,Taha Hussain,"House 916, Street 10, Satellite Town, Quetta",Quetta,Balochistan,2024-05-25,2024-05-25,Apartment,3,9020283,Quetta Property Registry
REG-PUN-2026-62821,17301-1001103-1,Kashif Javed Sahib,"House 665, Street 15, Model Town, Lahore",Lahore,Punjab,2026-04-25,2026-04-25,Plot,3,5498648,Lahore Property Registry
REG-PUN-2016-11518,17301-1001103-1,Kashif Javed,"House 762, Street 21, Gulberg, Lahore",Lahore,Punjab,2016-12-05,2016-12-05,Commercial Plaza,40,110902946,Lahore Property Registry
REG-PUN-2020-87858,17301-1001103-1,Kashif Javed,"House 865, Street 32, Gulberg, Lahore",Lahore,Punjab,2020-10-19,2020-10-19,Plot,12,35175515,Lahore Property Registry
REG-PUN-2025-13918,54400-1001000-0,I. Siddiqui,"House 403, Street 26, PWD, Rawalpindi",Rawalpindi,Punjab,2025-11-24,2025-11-24,Commercial Plaza,40,173766643,Rawalpindi Property Registry
REG-PUN-2023-93582,54400-1001000-0,I. Siddiqui,"House 248, Street 33, Satellite Town, Rawalpindi",Rawalpindi,Punjab,2023-02-22,2023-02-22,Farmhouse,40,67750089,Rawalpindi Property Registry
REG-SIN-2020-99077,61101-1001586-2,Saad Qureshi,"House 390, Street 16, Qasimabad, Hyderabad",Hyderabad,Sindh,2020-03-04,2020-03-04,Commercial Plaza,3,121136896,Hyderabad Property Registry
REG-SIN-2020-60536,42101-1000659-3,Nida Hussain Sahib,"House 479, Street 28, Clifton, Karachi",Karachi,Sindh,2020-04-21,2020-04-21,Commercial Plaza,7,93237037,Karachi Property Registry
REG-BAL-2024-19055,17301-1001274-8,N. Aslam,"House 485, Street 1, Satellite Town, Quetta",Quetta,Balochistan,2024-02-24,2024-02-24,Farmhouse,40,51584188,Quetta Property Registry
REG-SIN-2022-96804,42101-1001932-4,Ayesha Khan,"House 303, Street 31, DHA Phase 6, Karachi",Karachi,Sindh,2022-10-03,2022-10-03,Apartment,7,9572166,Karachi Property Registry
REG-BAL-2023-70582,61101-1001227-9,A. Raza,"House 411, Street 25, Cantt, Quetta",Quetta,Balochistan,2023-11-12,2023-11-12,Commercial Plaza,20,47826219,Quetta Property Registry
REG-SIN-2023-40047,42101-1001736-2,T. Hussain,"House 331, Street 7, Auto Bhan, Hyderabad",Hyderabad,Sindh,2023-12-02,2023-12-02,Plot,10,32697151,Hyderabad Property Registry
REG-SIN-2021-68079,42101-1001736-2,Taha Hussain,"House 363, Street 4, Auto Bhan, Hyderabad",Hyderabad,Sindh,2021-09-08,2021-09-08,Farmhouse,7,81222486,Hyderabad Property Registry
REG-ISL-2021-97031,42101-1000454-8,Amna Chaudhry,"House 887, Street 19, F-10, Islamabad",Islamabad,Islamabad,2021-09-23,2021-09-23,Farmhouse,12,114829432,Islamabad Property Registry
REG-PUN-2019-65879,54400-1000567-9,A. Khan,"House 442, Street 19, Gulberg, Faisalabad",Faisalabad,Punjab,2019-09-18,2019-09-18,Apartment,10,33502430,Faisalabad Property Registry
REG-ISL-2024-62141,33100-1000357-9,Ayesha Khan,"House 74, Street 27, Bahria Enclave, Islamabad",Islamabad,Islamabad,2024-05-14,2024-05-14,Plot,10,37798409,Islamabad Property Registry
REG-PUN-2021-46542,33100-1001826-2,Hamza Sheikh,"House 941, Street 19, Chaklala, Rawalpindi",Rawalpindi,Punjab,2021-04-29,2021-04-29,House,20,26049376,Rawalpindi Property Registry
REG-SIN-2018-74057,35202-1000294-8,N. Aslam,"House 36, Street 31, Qasimabad, Hyderabad",Hyderabad,Sindh,2018-05-28,2018-05-28,Farmhouse,20,119263661,Hyderabad Property Registry
REG-PUN-2019-47878,17301-1000458-6,H. Khan,"House 397, Street 9, People Colony, Faisalabad",Faisalabad,Punjab,2019-01-30,2019-01-30,Farmhouse,12,84578768,Faisalabad Property Registry
REG-KPK-2026-68389,35202-1001678-6,Shazia Butt,"House 289, Street 11, Warsak Road, Peshawar",Peshawar,KPK,2026-11-01,2026-11-01,Commercial Plaza,3,134363102,Peshawar Property Registry
REG-BAL-2016-37280,33100-1000329-3,Nimra Aslam,"House 23, Street 24, Brewery Road, Quetta",Quetta,Balochistan,2016-06-16,2016-06-16,Apartment,7,9449213,Quetta Property Registry
REG-SIN-2016-56448,33100-1001520-0,Danish Butt,"House 615, Street 27, DHA Phase 6, Karachi",Karachi,Sindh,2016-07-07,2016-07-07,Apartment,12,31367057,Karachi Property Registry
REG-PUN-2024-11566,45501-1000976-2,Naveed Raza,"House 181, Street 4, Peoples Colony, Gujranwala",Gujranwala,Punjab,2024-02-11,2024-02-11,Farmhouse,12,24864919,Gujranwala Property Registry
REG-SIN-2019-55399,61101-1001228-6,H. Khan,"House 327, Street 16, Gulshan-e-Iqbal, Karachi",Karachi,Sindh,2019-04-04,2019-04-04,Apartment,10,17316416,Karachi Property Registry
REG-PUN-2025-28502,54400-1001123-1,H. Khan,"House 140, Street 23, Satellite Town, Gujranwala",Gujranwala,Punjab,2025-12-28,2025-12-28,Apartment,7,16303742,Gujranwala Property Registry
REG-ISL-2020-38789,17301-1001219-3,Nida Hussain,"House 247, Street 33, DHA Phase 2, Islamabad",Islamabad,Islamabad,2020-01-06,2020-01-06,Apartment,20,21555820,Islamabad Property Registry
REG-PUN-2020-18041,45501-1001097-9,Umer Farooq Sahib,"House 275, Street 24, Chaklala, Rawalpindi",Rawalpindi,Punjab,2020-02-26,2020-02-26,Plot,40,18447060,Rawalpindi Property Registry
REG-PUN-2025-64612,35202-1000220-0,Zainab Ahmed,"House 417, Street 5, Peoples Colony, Gujranwala",Gujranwala,Punjab,2025-04-23,2025-04-23,Apartment,20,5447590,Gujranwala Property Registry
REG-PUN-2016-75264,33100-1001970-0,Zainab Ahmed Sahib,"House 713, Street 28, Canal Road, Faisalabad",Faisalabad,Punjab,2016-02-15,2016-02-15,Commercial Plaza,7,159421030,Faisalabad Property Registry
REG-KPK-2021-35781,17301-1001835-5,Danish Butt Sahib,"House 809, Street 28, University Road, Peshawar",Peshawar,KPK,2021-03-02,2021-03-02,Farmhouse,5,78058728,Peshawar Property Registry
REG-SIN-2026-65094,42101-1001596-2,T. Hussain,"House 834, Street 30, Hussainabad, Hyderabad",Hyderabad,Sindh,2026-10-12,2026-10-12,Farmhouse,40,31226133,Hyderabad Property Registry
REG-PUN-2018-41305,54400-1001979-3,Chaudhry Rabia Noor,"House 944, Street 18, Cantt, Multan",Multan,Punjab,2018-05-23,2018-05-23,Commercial Plaza,7,176829382,Multan Property Registry
REG-PUN-2025-44546,54400-1001979-3,Rabia Noor,"House 890, Street 20, Bosan Road, Multan",Multan,Punjab,2025-05-12,2025-05-12,Commercial Plaza,20,54115800,Multan Property Registry
REG-PUN-2021-87580,54400-1001979-3,Rabia Noor Sahib,"House 27, Street 18, DHA Multan, Multan",Multan,Punjab,2021-02-17,2021-02-17,House,10,35337456,Multan Property Registry
REG-SIN-2019-78498,33100-1001243-1,Kashif Javed,"House 884, Street 6, Latifabad, Hyderabad",Hyderabad,Sindh,2019-02-28,2019-02-28,Commercial Plaza,12,174216950,Hyderabad Property Registry
REG-ISL-2022-11919,35202-1001787-9,Ali Raza Sahib,"House 56, Street 6, G-11, Islamabad",Islamabad,Islamabad,2022-05-20,2022-05-20,Commercial Plaza,3,102862261,Islamabad Property Registry
REG-PUN-2024-91671,61101-1000552-4,Ahmed Baig,"House 312, Street 6, D Ground, Faisalabad",Faisalabad,Punjab,2024-07-14,2024-07-14,Commercial Plaza,7,46897810,Faisalabad Property Registry
REG-PUN-2023-97230,61101-1000229-3,Rabia Noor,"House 133, Street 9, Civil Lines, Gujranwala",Gujranwala,Punjab,2023-04-11,2023-04-11,Apartment,5,9974797,Gujranwala Property Registry
REG-ISL-2023-23471,61101-1001362-4,Khalid Malik,"House 778, Street 25, Bahria Enclave, Islamabad",Islamabad,Islamabad,2023-01-22,2023-01-22,Farmhouse,7,26109082,Islamabad Property Registry
REG-ISL-2016-27374,61101-1001362-4,Khalid Malik,"House 372, Street 4, F-10, Islamabad",Islamabad,Islamabad,2016-09-12,2016-09-12,Farmhouse,20,90060301,Islamabad Property Registry
REG-PUN-2026-82673,35202-1001720-0,Usman Malik,"House 258, Street 26, DHA Phase 5, Lahore",Lahore,Punjab,2026-08-28,2026-08-28,Plot,20,25235144,Lahore Property Registry
REG-KPK-2020-91380,17301-1001599-3,Chaudhry Laiba Khan,"House 420, Street 8, Hayatabad, Peshawar",Peshawar,KPK,2020-09-10,2020-09-10,House,3,78892642,Peshawar Property Registry
REG-KPK-2018-49939,17301-1001599-3,L. Khan,"House 268, Street 29, Hayatabad, Peshawar",Peshawar,KPK,2018-01-08,2018-01-08,Commercial Plaza,10,27128737,Peshawar Property Registry
REG-BAL-2016-28857,61101-1001834-8,Nimra Aslam,"House 884, Street 4, Jinnah Town, Quetta",Quetta,Balochistan,2016-07-15,2016-07-15,House,20,70089216,Quetta Property Registry
REG-BAL-2026-80289,61101-1001834-8,Chaudhry Nimra Aslam,"House 388, Street 7, Brewery Road, Quetta",Quetta,Balochistan,2026-01-31,2026-01-31,Commercial Plaza,20,59504362,Quetta Property Registry
REG-BAL-2025-13147,61101-1001834-8,Nimra Aslam,"House 248, Street 8, Jinnah Town, Quetta",Quetta,Balochistan,2025-12-15,2025-12-15,Commercial Plaza,3,179373670,Quetta Property Registry
REG-SIN-2020-67347,54400-1000245-5,Waseem Akram,"House 534, Street 7, Nazimabad, Karachi",Karachi,Sindh,2020-05-09,2020-05-09,Farmhouse,5,94369529,Karachi Property Registry
REG-SIN-2020-76938,33100-1000411-7,M. Malik,"House 291, Street 22, Barrage Road, Sukkur",Sukkur,Sindh,2020-11-20,2020-11-20,Farmhouse,20,36904955,Sukkur Property Registry
REG-SIN-2022-79948,33100-1000411-7,Mariam Malik,"House 730, Street 31, Rohri, Sukkur",Sukkur,Sindh,2022-04-10,2022-04-10,House,20,71630143,Sukkur Property Registry
REG-PUN-2016-91659,54400-1001501-7,Naveed Raza Sahib,"House 919, Street 23, Shah Rukn-e-Alam, Multan",Multan,Punjab,2016-08-01,2016-08-01,Commercial Plaza,3,30495489,Multan Property Registry
REG-PUN-2026-74369,54400-1001501-7,Naveed Raza,"House 378, Street 22, Gulgasht, Multan",Multan,Punjab,2026-09-30,2026-09-30,Farmhouse,5,106245788,Multan Property Registry
REG-PUN-2020-55030,54400-1001501-7,Naveed Raza,"House 465, Street 22, DHA Multan, Multan",Multan,Punjab,2020-09-27,2020-09-27,Commercial Plaza,20,43715830,Multan Property Registry
REG-PUN-2018-93456,54400-1000169-3,Nida Hussain,"House 200, Street 23, Saddar, Rawalpindi",Rawalpindi,Punjab,2018-04-22,2018-04-22,House,7,46968377,Rawalpindi Property Registry
REG-ISL-2026-80142,17301-1000936-2,Chaudhry Mariam Malik,"House 939, Street 22, DHA Phase 2, Islamabad",Islamabad,Islamabad,2026-03-21,2026-03-21,Commercial Plaza,7,150681594,Islamabad Property Registry
REG-ISL-2016-87299,17301-1000065-5,Huma Ghani,"House 761, Street 7, E-11, Islamabad",Islamabad,Islamabad,2016-11-04,2016-11-04,Farmhouse,5,91977310,Islamabad Property Registry
REG-ISL-2025-71855,17301-1000065-5,Huma Ghani,"House 946, Street 26, DHA Phase 2, Islamabad",Islamabad,Islamabad,2025-01-31,2025-01-31,Commercial Plaza,12,134697537,Islamabad Property Registry
REG-ISL-2021-95663,45501-1000741-7,Chaudhry Hamza Sheikh,"House 580, Street 29, Bahria Enclave, Islamabad",Islamabad,Islamabad,2021-01-23,2021-01-23,Commercial Plaza,7,142470135,Islamabad Property Registry
REG-PUN-2018-51657,61101-1000177-9,Chaudhry Ali Raza,"House 555, Street 21, Satellite Town, Rawalpindi",Rawalpindi,Punjab,2018-02-11,2018-02-11,Farmhouse,40,104833055,Rawalpindi Property Registry
REG-BAL-2023-47734,33100-1001340-0,Z. Ahmed,"House 188, Street 26, Satellite Town, Quetta",Quetta,Balochistan,2023-11-15,2023-11-15,House,3,46961791,Quetta Property Registry
REG-BAL-2024-51709,33100-1001340-0,Chaudhry Zainab Ahmed,"House 447, Street 4, Samungli Road, Quetta",Quetta,Balochistan,2024-01-25,2024-01-25,Farmhouse,20,119878156,Quetta Property Registry
REG-PUN-2017-30804,45501-1001145-5,Sara Ahmed,"House 876, Street 33, DHA Phase 5, Lahore",Lahore,Punjab,2017-11-15,2017-11-15,Commercial Plaza,5,49966203,Lahore Property Registry
REG-PUN-2016-64389,17301-1000385-5,W. Akram,"House 423, Street 1, PWD, Rawalpindi",Rawalpindi,Punjab,2016-05-20,2016-05-20,Farmhouse,40,29222064,Rawalpindi Property Registry
REG-SIN-2024-35694,35202-1000791-7,Chaudhry Taha Hussain,"House 151, Street 18, DHA Phase 6, Karachi",Karachi,Sindh,2024-01-16,2024-01-16,Commercial Plaza,20,160750011,Karachi Property Registry
REG-SIN-2017-26146,35202-1000791-7,Taha Hussain Sahib,"House 555, Street 3, Gulshan-e-Iqbal, Karachi",Karachi,Sindh,2017-06-13,2017-06-13,Apartment,3,29776975,Karachi Property Registry
REG-KPK-2020-74504,35202-1001903-1,Hira Shah Sahib,"House 90, Street 32, Saddar, Peshawar",Peshawar,KPK,2020-08-12,2020-08-12,Plot,12,29928200,Peshawar Property Registry
REG-KPK-2025-33457,35202-1001903-1,H. Shah,"House 21, Street 10, Hayatabad, Peshawar",Peshawar,KPK,2025-12-30,2025-12-30,Apartment,40,29038306,Peshawar Property Registry
REG-KPK-2021-67573,35202-1000747-9,Umer Farooq Sahib,"House 268, Street 30, Gulbahar, Peshawar",Peshawar,KPK,2021-08-16,2021-08-16,Plot,5,35633140,Peshawar Property Registry
REG-KPK-2018-72200,35202-1000747-9,U. Farooq,"House 747, Street 1, University Road, Peshawar",Peshawar,KPK,2018-11-12,2018-11-12,Apartment,10,25086728,Peshawar Property Registry
REG-ISL-2016-59448,42101-1000445-5,Sara Ahmed,"House 358, Street 4, Bahria Enclave, Islamabad",Islamabad,Islamabad,2016-03-21,2016-03-21,Commercial Plaza,3,38877600,Islamabad Property Registry
REG-KPK-2019-18136,54400-1001233-1,Fatima Ali Sahib,"House 843, Street 12, Saddar, Peshawar",Peshawar,KPK,2019-07-25,2019-07-25,Commercial Plaza,7,32529535,Peshawar Property Registry
REG-KPK-2025-47460,54400-1001233-1,Chaudhry Fatima Ali,"House 731, Street 33, Saddar, Peshawar",Peshawar,KPK,2025-01-14,2025-01-14,Commercial Plaza,7,101232700,Peshawar Property Registry
REG-PUN-2024-30369,61101-1001852-4,Khalid Malik,"House 928, Street 28, D Ground, Faisalabad",Faisalabad,Punjab,2024-04-11,2024-04-11,Apartment,5,22310083,Faisalabad Property Registry
REG-PUN-2026-11734,54400-1000493-1,H. Khan,"House 368, Street 14, D Ground, Faisalabad",Faisalabad,Punjab,2026-10-09,2026-10-09,House,20,60339119,Faisalabad Property Registry
REG-SIN-2024-16784,35202-1000761-7,Chaudhry Mariam Malik,"House 955, Street 17, Rohri, Sukkur",Sukkur,Sindh,2024-05-08,2024-05-08,Commercial Plaza,7,53983068,Sukkur Property Registry
REG-BAL-2019-11066,33100-1000868-6,Kamran Qureshi,"House 234, Street 18, Satellite Town, Quetta",Quetta,Balochistan,2019-07-24,2019-07-24,Farmhouse,20,65374748,Quetta Property Registry
REG-PUN-2023-30932,17301-1000474-8,Rabia Noor Sahib,"House 196, Street 14, Saddar, Rawalpindi",Rawalpindi,Punjab,2023-06-07,2023-06-07,Commercial Plaza,40,83642486,Rawalpindi Property Registry
REG-KPK-2026-91270,17301-1001139-3,R. Noor,"House 606, Street 3, Saddar, Peshawar",Peshawar,KPK,2026-05-31,2026-05-31,House,7,77667596,Peshawar Property Registry
REG-KPK-2022-46207,17301-1001139-3,Rabia Noor,"House 452, Street 3, University Road, Peshawar",Peshawar,KPK,2022-09-09,2022-09-09,Farmhouse,12,82636288,Peshawar Property Registry
REG-SIN-2017-18744,42101-1000144-8,Bilal Ahmed,"House 321, Street 30, Gulshan-e-Iqbal, Karachi",Karachi,Sindh,2017-07-03,2017-07-03,House,10,82083375,Karachi Property Registry
REG-PUN-2021-12771,61101-1001287-9,Ahmed Baig Sahib,"House 217, Street 19, Chaklala, Rawalpindi",Rawalpindi,Punjab,2021-02-16,2021-02-16,Farmhouse,3,101055522,Rawalpindi Property Registry
REG-PUN-2018-63308,61101-1001287-9,A. Baig,"House 48, Street 15, Bahria Town, Rawalpindi",Rawalpindi,Punjab,2018-08-02,2018-08-02,House,7,55297436,Rawalpindi Property Registry
REG-ISL-2019-56563,33100-1001550-0,Z. Ahmed,"House 357, Street 13, E-11, Islamabad",Islamabad,Islamabad,2019-06-16,2019-06-16,Farmhouse,5,119515026,Islamabad Property Registry
REG-ISL-2017-77592,33100-1001550-0,Zainab Ahmed,"House 808, Street 20, F-10, Islamabad",Islamabad,Islamabad,2017-09-19,2017-09-19,House,5,70735783,Islamabad Property Registry
REG-ISL-2016-52590,33100-1001550-0,Z. Ahmed,"House 72, Street 14, G-11, Islamabad",Islamabad,Islamabad,2016-04-19,2016-04-19,Farmhouse,40,110226270,Islamabad Property Registry
REG-BAL-2026-80274,17301-1000137-9,K. Malik,"House 714, Street 20, Brewery Road, Quetta",Quetta,Balochistan,2026-02-13,2026-02-13,House,3,12383639,Quetta Property Registry
REG-PUN-2025-55490,61101-1001802-4,Maham Tariq,"House 188, Street 18, Civil Lines, Gujranwala",Gujranwala,Punjab,2025-09-11,2025-09-11,Farmhouse,7,71066412,Gujranwala Property Registry
REG-SIN-2017-38418,61101-1000865-5,Chaudhry Sara Ahmed,"House 417, Street 3, Rohri, Sukkur",Sukkur,Sindh,2017-06-21,2017-06-21,Commercial Plaza,12,121538981,Sukkur Property Registry
REG-SIN-2023-93660,42101-1000996-2,Fahad Mirza,"House 364, Street 24, New Pind, Sukkur",Sukkur,Sindh,2023-05-02,2023-05-02,Commercial Plaza,7,145664417,Sukkur Property Registry
REG-ISL-2025-49264,45501-1000028-6,Kamran Qureshi Sahib,"House 141, Street 10, E-11, Islamabad",Islamabad,Islamabad,2025-07-02,2025-07-02,Apartment,12,31713400,Islamabad Property Registry
REG-SIN-2021-11067,61101-1000673-1,Chaudhry Fatima Ali,"House 75, Street 17, Latifabad, Hyderabad",Hyderabad,Sindh,2021-12-26,2021-12-26,Apartment,20,7143877,Hyderabad Property Registry
REG-SIN-2020-23708,17301-1000998-6,Kashif Javed,"House 894, Street 2, DHA Phase 6, Karachi",Karachi,Sindh,2020-05-23,2020-05-23,Commercial Plaza,12,120145521,Karachi Property Registry
REG-PUN-2020-27209,35202-1001836-2,Fahad Mirza,"House 783, Street 15, Satellite Town, Gujranwala",Gujranwala,Punjab,2020-01-20,2020-01-20,Plot,3,29895313,Gujranwala Property Registry
REG-ISL-2022-77493,17301-1001746-2,Naveed Raza,"House 585, Street 8, E-11, Islamabad",Islamabad,Islamabad,2022-12-03,2022-12-03,House,40,49480216,Islamabad Property Registry
REG-ISL-2026-96231,17301-1001746-2,N. Raza,"House 808, Street 11, DHA Phase 2, Islamabad",Islamabad,Islamabad,2026-01-19,2026-01-19,Commercial Plaza,20,98279545,Islamabad Property Registry
REG-ISL-2025-47493,35202-1000018-6,K. Javed,"House 127, Street 13, F-10, Islamabad",Islamabad,Islamabad,2025-07-07,2025-07-07,Apartment,3,26574121,Islamabad Property Registry
REG-SIN-2021-58089,17301-1000492-4,A. Raza,"House 803, Street 18, Rohri, Sukkur",Sukkur,Sindh,2021-11-02,2021-11-02,Commercial Plaza,10,70237837,Sukkur Property Registry
REG-SIN-2019-73247,17301-1000492-4,Ali Raza,"House 668, Street 19, Queens Road, Sukkur",Sukkur,Sindh,2019-03-23,2019-03-23,Apartment,12,15993244,Sukkur Property Registry
REG-SIN-2021-12951,17301-1001032-4,M. Tariq,"House 678, Street 23, Bahadurabad, Karachi",Karachi,Sindh,2021-06-27,2021-06-27,Commercial Plaza,20,29504936,Karachi Property Registry
REG-PUN-2016-56624,54400-1000705-5,Usman Malik,"House 378, Street 14, Bahria Town, Rawalpindi",Rawalpindi,Punjab,2016-01-21,2016-01-21,Apartment,5,26920581,Rawalpindi Property Registry
REG-PUN-2022-27056,54400-1000705-5,Chaudhry Usman Malik,"House 27, Street 6, PWD, Rawalpindi",Rawalpindi,Punjab,2022-02-05,2022-02-05,Commercial Plaza,7,43862736,Rawalpindi Property Registry
REG-PUN-2022-11082,45501-1000623-1,Kamran Qureshi,"House 986, Street 12, Madina Town, Faisalabad",Faisalabad,Punjab,2022-12-29,2022-12-29,Farmhouse,7,73346688,Faisalabad Property Registry
REG-PUN-2017-45531,61101-1001108-6,Asad Iqbal,"House 765, Street 31, Gulgasht, Multan",Multan,Punjab,2017-01-21,2017-01-21,Commercial Plaza,7,175497848,Multan Property Registry
REG-PUN-2021-60573,61101-1001108-6,A. Iqbal,"House 111, Street 29, Cantt, Multan",Multan,Punjab,2021-10-02,2021-10-02,Farmhouse,7,100130974,Multan Property Registry
REG-PUN-2021-62424,45501-1000068-6,Shazia Butt,"House 739, Street 21, Bahria Town, Rawalpindi",Rawalpindi,Punjab,2021-09-29,2021-09-29,House,5,87592676,Rawalpindi Property Registry
REG-KPK-2019-68176,17301-1000389-3,Bilal Ahmed,"House 761, Street 26, Hayatabad, Peshawar",Peshawar,KPK,2019-02-23,2019-02-23,Plot,12,16844431,Peshawar Property Registry
REG-PUN-2025-56120,35202-1000376-2,Mariam Malik,"House 390, Street 32, People Colony, Faisalabad",Faisalabad,Punjab,2025-04-01,2025-04-01,Commercial Plaza,40,154464482,Faisalabad Property Registry
REG-KPK-2026-70919,17301-1000152-4,U. Farooq,"House 353, Street 20, Warsak Road, Peshawar",Peshawar,KPK,2026-03-14,2026-03-14,Commercial Plaza,5,132536471,Peshawar Property Registry
REG-KPK-2021-10894,17301-1000152-4,Chaudhry Umer Farooq,"House 554, Street 34, Saddar, Peshawar",Peshawar,KPK,2021-05-14,2021-05-14,Apartment,40,31067284,Peshawar Property Registry
REG-SIN-2024-62389,42101-1000067-9,Chaudhry Khalid Malik,"House 684, Street 34, Nazimabad, Karachi",Karachi,Sindh,2024-02-25,2024-02-25,House,7,21790355,Karachi Property Registry
REG-SIN-2017-80029,42101-1001797-9,Chaudhry Umer Farooq,"House 364, Street 2, Barrage Road, Sukkur",Sukkur,Sindh,2017-04-06,2017-04-06,Farmhouse,5,62197891,Sukkur Property Registry
REG-PUN-2017-81311,33100-1001283-1,A. Iqbal,"House 975, Street 4, People Colony, Faisalabad",Faisalabad,Punjab,2017-03-29,2017-03-29,Commercial Plaza,3,164344504,Faisalabad Property Registry
REG-PUN-2026-66563,33100-1000650-0,Chaudhry Imran Siddiqui,"House 142, Street 16, Bahria Town, Lahore",Lahore,Punjab,2026-10-23,2026-10-23,Commercial Plaza,3,169380753,Lahore Property Registry
REG-PUN-2017-89831,33100-1000650-0,Imran Siddiqui,"House 462, Street 6, Johar Town, Lahore",Lahore,Punjab,2017-07-10,2017-07-10,House,3,57480222,Lahore Property Registry
REG-PUN-2020-20129,54400-1000010-0,Chaudhry Zainab Ahmed,"House 737, Street 19, Civil Lines, Gujranwala",Gujranwala,Punjab,2020-06-20,2020-06-20,Plot,10,13794588,Gujranwala Property Registry
REG-PUN-2021-21326,54400-1000010-0,Zainab Ahmed,"House 116, Street 24, Model Town, Gujranwala",Gujranwala,Punjab,2021-10-26,2021-10-26,Apartment,7,24980195,Gujranwala Property Registry
REG-PUN-2023-51286,54400-1000010-0,Zainab Ahmed,"House 709, Street 35, Civil Lines, Gujranwala",Gujranwala,Punjab,2023-03-20,2023-03-20,House,7,54556991,Gujranwala Property Registry
REG-ISL-2018-96330,45501-1000216-2,Hamza Sheikh,"House 157, Street 35, E-11, Islamabad",Islamabad,Islamabad,2018-01-30,2018-01-30,Commercial Plaza,3,140109145,Islamabad Property Registry
REG-SIN-2017-20622,33100-1000809-3,Bilal Ahmed,"House 629, Street 21, Nazimabad, Karachi",Karachi,Sindh,2017-09-13,2017-09-13,Plot,12,30434571,Karachi Property Registry
REG-BAL-2024-76218,33100-1000744-8,Sana Iqbal,"House 879, Street 29, Brewery Road, Quetta",Quetta,Balochistan,2024-07-16,2024-07-16,Farmhouse,40,118104410,Quetta Property Registry
REG-PUN-2018-86675,17301-1000992-4,Umer Farooq,"House 661, Street 25, People Colony, Faisalabad",Faisalabad,Punjab,2018-11-20,2018-11-20,Commercial Plaza,5,80085414,Faisalabad Property Registry
REG-PUN-2024-34544,35202-1001424-8,Chaudhry Laiba Khan,"House 562, Street 35, Saddar, Rawalpindi",Rawalpindi,Punjab,2024-02-08,2024-02-08,Commercial Plaza,7,95997425,Rawalpindi Property Registry
REG-BAL-2023-24111,61101-1000233-1,Asad Iqbal Sahib,"House 749, Street 22, Satellite Town, Quetta",Quetta,Balochistan,2023-08-16,2023-08-16,Plot,12,18955234,Quetta Property Registry
REG-SIN-2025-45519,33100-1000573-1,Hira Shah,"House 422, Street 17, Latifabad, Hyderabad",Hyderabad,Sindh,2025-09-11,2025-09-11,House,10,80537346,Hyderabad Property Registry
REG-SIN-2024-74864,45501-1001417-9,M. Tariq,"House 529, Street 4, New Pind, Sukkur",Sukkur,Sindh,2024-03-10,2024-03-10,Farmhouse,5,118143791,Sukkur Property Registry
REG-PUN-2018-19119,45501-1000921-7,S. Qureshi,"House 182, Street 10, Satellite Town, Rawalpindi",Rawalpindi,Punjab,2018-12-25,2018-12-25,House,5,78075796,Rawalpindi Property Registry
REG-SIN-2020-49260,54400-1001153-1,Shazia Butt,"House 267, Street 25, Gulshan-e-Iqbal, Karachi",Karachi,Sindh,2020-10-24,2020-10-24,House,5,23391953,Karachi Property Registry
REG-SIN-2016-41384,35202-1001318-6,A. Iqbal,"House 924, Street 12, Clifton, Karachi",Karachi,Sindh,2016-11-20,2016-11-20,Plot,7,5685752,Karachi Property Registry
REG-SIN-2016-16515,35202-1001318-6,Asad Iqbal Sahib,"House 299, Street 16, Clifton, Karachi",Karachi,Sindh,2016-12-20,2016-12-20,Apartment,20,12748173,Karachi Property Registry
REG-ISL-2023-46470,54400-1001079-3,Nida Hussain,"House 85, Street 4, DHA Phase 2, Islamabad",Islamabad,Islamabad,2023-12-28,2023-12-28,Farmhouse,12,113030600,Islamabad Property Registry
REG-ISL-2017-20557,54400-1001079-3,N. Hussain,"House 630, Street 12, Bahria Enclave, Islamabad",Islamabad,Islamabad,2017-11-10,2017-11-10,Farmhouse,40,43489806,Islamabad Property Registry
REG-BAL-2017-33631,33100-1000801-7,Chaudhry Naveed Raza,"House 150, Street 31, Brewery Road, Quetta",Quetta,Balochistan,2017-03-08,2017-03-08,Commercial Plaza,10,134737034,Quetta Property Registry
REG-BAL-2018-70320,35202-1001297-9,Chaudhry Ali Raza,"House 795, Street 2, Jinnah Town, Quetta",Quetta,Balochistan,2018-11-27,2018-11-27,Apartment,3,17610276,Quetta Property Registry
REG-SIN-2020-81137,17301-1000864-8,L. Khan,"House 407, Street 29, Latifabad, Hyderabad",Hyderabad,Sindh,2020-04-21,2020-04-21,Commercial Plaza,10,143915563,Hyderabad Property Registry
REG-SIN-2018-81860,17301-1000864-8,L. Khan,"House 874, Street 16, Saddar, Hyderabad",Hyderabad,Sindh,2018-04-21,2018-04-21,Apartment,10,6881008,Hyderabad Property Registry
REG-SIN-2025-42062,45501-1000475-5,I. Siddiqui,"House 696, Street 11, Gulshan-e-Iqbal, Karachi",Karachi,Sindh,2025-01-18,2025-01-18,Apartment,5,28535410,Karachi Property Registry
REG-PUN-2025-19766,33100-1001073-1,Asad Iqbal Sahib,"House 367, Street 27, Bahria Town, Rawalpindi",Rawalpindi,Punjab,2025-06-26,2025-06-26,House,10,59371444,Rawalpindi Property Registry
REG-ISL-2022-96853,61101-1000757-9,M. Akhtar,"House 259, Street 18, E-11, Islamabad",Islamabad,Islamabad,2022-08-04,2022-08-04,Plot,7,17152424,Islamabad Property Registry
REG-PUN-2017-47709,42101-1001925-5,W. Akram,"House 649, Street 1, Civil Lines, Gujranwala",Gujranwala,Punjab,2017-11-25,2017-11-25,Apartment,12,25558198,Gujranwala Property Registry
REG-SIN-2018-32360,45501-1001001-7,Taha Hussain Sahib,"House 202, Street 25, Queens Road, Sukkur",Sukkur,Sindh,2018-12-29,2018-12-29,Farmhouse,10,32482334,Sukkur Property Registry
REG-SIN-2016-51364,45501-1001001-7,Taha Hussain,"House 447, Street 32, Queens Road, Sukkur",Sukkur,Sindh,2016-07-14,2016-07-14,Farmhouse,12,50198566,Sukkur Property Registry
REG-PUN-2024-13400,33100-1001643-1,Chaudhry Shazia Butt,"House 50, Street 22, Wapda Town, Gujranwala",Gujranwala,Punjab,2024-07-09,2024-07-09,Commercial Plaza,3,149284259,Gujranwala Property Registry
REG-PUN-2021-80980,17301-1000404-8,Rabia Noor Sahib,"House 666, Street 29, Bosan Road, Multan",Multan,Punjab,2021-07-02,2021-07-02,Apartment,7,20272539,Multan Property Registry
REG-PUN-2022-98579,61101-1001904-8,Nimra Aslam,"House 477, Street 28, Canal Road, Faisalabad",Faisalabad,Punjab,2022-07-08,2022-07-08,Commercial Plaza,20,90894367,Faisalabad Property Registry
REG-SIN-2023-42219,42101-1001732-4,Chaudhry Maham Tariq,"House 339, Street 22, DHA Phase 6, Karachi",Karachi,Sindh,2023-03-18,2023-03-18,Commercial Plaza,10,89249632,Karachi Property Registry
REG-KPK-2023-40831,42101-1001090-0,U. Malik,"House 337, Street 31, Warsak Road, Peshawar",Peshawar,KPK,2023-03-10,2023-03-10,House,12,72934879,Peshawar Property Registry
REG-PUN-2016-12730,35202-1000832-4,Ahmed Baig Sahib,"House 210, Street 2, Model Town, Lahore",Lahore,Punjab,2016-10-05,2016-10-05,Farmhouse,7,109756052,Lahore Property Registry
REG-PUN-2020-77004,35202-1000832-4,A. Baig,"House 587, Street 14, DHA Phase 5, Lahore",Lahore,Punjab,2020-02-25,2020-02-25,Apartment,7,33089798,Lahore Property Registry
REG-ISL-2021-38117,42101-1001679-3,Amna Chaudhry,"House 23, Street 17, E-11, Islamabad",Islamabad,Islamabad,2021-03-25,2021-03-25,Plot,3,20490492,Islamabad Property Registry
REG-ISL-2020-56493,42101-1001679-3,Amna Chaudhry,"House 439, Street 33, F-10, Islamabad",Islamabad,Islamabad,2020-11-28,2020-11-28,Apartment,5,6125780,Islamabad Property Registry
REG-SIN-2022-51543,17301-1001418-6,Kashif Javed Sahib,"House 730, Street 30, Barrage Road, Sukkur",Sukkur,Sindh,2022-04-29,2022-04-29,House,12,70219498,Sukkur Property Registry
REG-ISL-2026-68483,45501-1001773-1,Chaudhry Asad Iqbal,"House 60, Street 9, F-10, Islamabad",Islamabad,Islamabad,2026-05-06,2026-05-06,Farmhouse,40,85282209,Islamabad Property Registry
REG-PUN-2021-40639,61101-1000931-7,Taha Hussain,"House 862, Street 19, Civil Lines, Gujranwala",Gujranwala,Punjab,2021-07-22,2021-07-22,Farmhouse,5,108309080,Gujranwala Property Registry
REG-ISL-2020-93177,33100-1001814-8,Nida Hussain Sahib,"House 594, Street 29, DHA Phase 2, Islamabad",Islamabad,Islamabad,2020-01-31,2020-01-31,Apartment,5,15106451,Islamabad Property Registry
REG-PUN-2023-41578,45501-1000020-0,Chaudhry Imran Siddiqui,"House 125, Street 20, Shah Rukn-e-Alam, Multan",Multan,Punjab,2023-01-21,2023-01-21,Commercial Plaza,12,179630520,Multan Property Registry
REG-PUN-2025-98735,35202-1001449-3,Chaudhry Nimra Aslam,"House 906, Street 9, DHA Phase 5, Lahore",Lahore,Punjab,2025-10-17,2025-10-17,Farmhouse,40,107111010,Lahore Property Registry
REG-KPK-2017-82051,54400-1001781-7,Naveed Raza Sahib,"House 894, Street 12, Hayatabad, Peshawar",Peshawar,KPK,2017-11-09,2017-11-09,Farmhouse,12,99729616,Peshawar Property Registry
REG-PUN-2024-96472,17301-1000617-9,Muneeb Akhtar,"House 260, Street 29, Model Town, Gujranwala",Gujranwala,Punjab,2024-10-08,2024-10-08,House,7,27671365,Gujranwala Property Registry
REG-SIN-2024-27185,61101-1000978-6,S. Butt,"House 123, Street 17, Gulshan-e-Iqbal, Karachi",Karachi,Sindh,2024-11-24,2024-11-24,Farmhouse,20,26028165,Karachi Property Registry
REG-PUN-2025-60345,17301-1001988-6,K. Qureshi,"House 886, Street 7, Shah Rukn-e-Alam, Multan",Multan,Punjab,2025-11-23,2025-11-23,Plot,12,13373862,Multan Property Registry
REG-BAL-2017-73694,42101-1000005-5,Usman Malik,"House 637, Street 22, Brewery Road, Quetta",Quetta,Balochistan,2017-01-06,2017-01-06,Plot,3,28779627,Quetta Property Registry
REG-SIN-2023-89153,42101-1000683-1,K. Javed,"House 752, Street 18, Queens Road, Sukkur",Sukkur,Sindh,2023-07-05,2023-07-05,Commercial Plaza,12,126104816,Sukkur Property Registry
REG-PUN-2019-46546,42101-1001170-0,D. Butt,"House 637, Street 24, Saddar, Rawalpindi",Rawalpindi,Punjab,2019-11-21,2019-11-21,Farmhouse,5,116704113,Rawalpindi Property Registry
REG-PUN-2020-98798,61101-1000516-2,Mariam Malik,"House 842, Street 7, People Colony, Faisalabad",Faisalabad,Punjab,2020-12-27,2020-12-27,Farmhouse,5,62056964,Faisalabad Property Registry
REG-SIN-2023-95057,54400-1001058-6,Fatima Ali,"House 655, Street 34, Qasimabad, Hyderabad",Hyderabad,Sindh,2023-05-27,2023-05-27,Apartment,5,10710005,Hyderabad Property Registry
REG-SIN-2020-32008,54400-1001058-6,F. Ali,"House 981, Street 16, Hussainabad, Hyderabad",Hyderabad,Sindh,2020-10-28,2020-10-28,House,12,54249326,Hyderabad Property Registry
REG-PUN-2016-80364,45501-1001339-3,Sana Iqbal,"House 796, Street 2, Chaklala, Rawalpindi",Rawalpindi,Punjab,2016-10-30,2016-10-30,Plot,7,15796471,Rawalpindi Property Registry
REG-SIN-2020-66790,42101-1000215-5,Usman Malik,"House 17, Street 30, New Pind, Sukkur",Sukkur,Sindh,2020-06-20,2020-06-20,Plot,20,3138355,Sukkur Property Registry
REG-PUN-2020-13908,17301-1000081-7,Chaudhry Saad Qureshi,"House 791, Street 15, Model Town, Lahore",Lahore,Punjab,2020-04-09,2020-04-09,Apartment,12,19820217,Lahore Property Registry
REG-PUN-2023-60458,17301-1000081-7,Chaudhry Saad Qureshi,"House 418, Street 5, Johar Town, Lahore",Lahore,Punjab,2023-01-27,2023-01-27,Plot,12,35773472,Lahore Property Registry
REG-PUN-2026-62306,17301-1000081-7,S. Qureshi,"House 713, Street 2, Johar Town, Lahore",Lahore,Punjab,2026-06-03,2026-06-03,Apartment,20,20872435,Lahore Property Registry
REG-PUN-2025-67799,54400-1000616-2,Taha Hussain,"House 850, Street 25, Gulgasht, Multan",Multan,Punjab,2025-06-14,2025-06-14,Plot,3,4281078,Multan Property Registry
REG-PUN-2020-64807,35202-1000054-8,R. Noor,"House 710, Street 3, Shah Rukn-e-Alam, Multan",Multan,Punjab,2020-10-28,2020-10-28,Apartment,20,19609784,Multan Property Registry
REG-PUN-2025-51739,45501-1001733-1,K. Javed,"House 562, Street 28, Chaklala, Rawalpindi",Rawalpindi,Punjab,2025-12-09,2025-12-09,Apartment,12,17830986,Rawalpindi Property Registry
REG-KPK-2023-86726,45501-1001168-6,Hira Shah,"House 685, Street 12, Saddar, Peshawar",Peshawar,KPK,2023-02-20,2023-02-20,Commercial Plaza,10,64559253,Peshawar Property Registry
REG-PUN-2026-80823,33100-1001295-5,Chaudhry Waseem Akram,"House 374, Street 31, Saddar, Rawalpindi",Rawalpindi,Punjab,2026-07-03,2026-07-03,Commercial Plaza,20,49365783,Rawalpindi Property Registry
REG-PUN-2023-28190,17301-1000608-6,H. Shah,"House 422, Street 12, Madina Town, Faisalabad",Faisalabad,Punjab,2023-08-14,2023-08-14,Farmhouse,5,94683246,Faisalabad Property Registry
REG-PUN-2017-45023,45501-1000222-4,U. Farooq,"House 502, Street 33, Chaklala, Rawalpindi",Rawalpindi,Punjab,2017-05-28,2017-05-28,Apartment,3,29575135,Rawalpindi Property Registry
REG-SIN-2023-12428,54400-1001615-5,Usman Malik,"House 534, Street 8, Qasimabad, Hyderabad",Hyderabad,Sindh,2023-09-02,2023-09-02,Commercial Plaza,5,162209059,Hyderabad Property Registry
REG-PUN-2026-81351,33100-1000113-1,Fatima Ali,"House 821, Street 30, Bahria Town, Lahore",Lahore,Punjab,2026-08-29,2026-08-29,Plot,3,14784425,Lahore Property Registry
REG-KPK-2021-87019,61101-1000660-0,H. Ghani,"House 851, Street 28, Hayatabad, Peshawar",Peshawar,KPK,2021-04-26,2021-04-26,Commercial Plaza,20,147560875,Peshawar Property Registry
REG-BAL-2023-40696,42101-1000550-0,Sara Ahmed Sahib,"House 781, Street 24, Jinnah Town, Quetta",Quetta,Balochistan,2023-12-21,2023-12-21,House,40,69786133,Quetta Property Registry
REG-BAL-2023-97108,42101-1000550-0,Sara Ahmed Sahib,"House 931, Street 19, Samungli Road, Quetta",Quetta,Balochistan,2023-10-30,2023-10-30,Apartment,5,5850535,Quetta Property Registry
REG-BAL-2017-39843,42101-1000550-0,Chaudhry Sara Ahmed,"House 884, Street 23, Samungli Road, Quetta",Quetta,Balochistan,2017-05-15,2017-05-15,Plot,5,8455296,Quetta Property Registry
REG-SIN-2025-93796,33100-1001602-4,A. Baig,"House 646, Street 11, Saddar, Hyderabad",Hyderabad,Sindh,2025-07-26,2025-07-26,Farmhouse,12,69585559,Hyderabad Property Registry
REG-KPK-2018-69985,35202-1001657-9,Umer Farooq Sahib,"House 302, Street 12, Saddar, Peshawar",Peshawar,KPK,2018-12-01,2018-12-01,Farmhouse,40,34891278,Peshawar Property Registry
REG-PUN-2024-82898,42101-1001603-1,Chaudhry Kamran Qureshi,"House 155, Street 28, Civil Lines, Gujranwala",Gujranwala,Punjab,2024-08-17,2024-08-17,Plot,3,32564167,Gujranwala Property Registry
REG-SIN-2025-81764,61101-1001146-2,M. Malik,"House 588, Street 19, Barrage Road, Sukkur",Sukkur,Sindh,2025-07-21,2025-07-21,Commercial Plaza,12,58846496,Sukkur Property Registry
REG-SIN-2017-96962,61101-1001146-2,Mariam Malik,"House 41, Street 34, Military Road, Sukkur",Sukkur,Sindh,2017-08-22,2017-08-22,Farmhouse,12,113944195,Sukkur Property Registry
REG-SIN-2017-74923,42101-1001137-9,Maham Tariq Sahib,"House 327, Street 20, Rohri, Sukkur",Sukkur,Sindh,2017-03-24,2017-03-24,Apartment,20,10393424,Sukkur Property Registry
REG-PUN-2018-44634,54400-1000226-2,Fahad Mirza,"House 508, Street 28, Gulberg, Lahore",Lahore,Punjab,2018-06-08,2018-06-08,Plot,5,23629299,Lahore Property Registry
REG-PUN-2020-82031,54400-1000226-2,Fahad Mirza,"House 399, Street 19, Gulberg, Lahore",Lahore,Punjab,2020-03-15,2020-03-15,Commercial Plaza,5,141873803,Lahore Property Registry
REG-PUN-2026-14585,42101-1001169-3,Chaudhry Nimra Aslam,"House 312, Street 9, D Ground, Faisalabad",Faisalabad,Punjab,2026-11-21,2026-11-21,House,12,15367027,Faisalabad Property Registry
REG-SIN-2017-27290,61101-1000852-4,Chaudhry Umer Farooq,"House 789, Street 31, Rohri, Sukkur",Sukkur,Sindh,2017-09-30,2017-09-30,Farmhouse,40,68704494,Sukkur Property Registry
REG-PUN-2023-98569,17301-1001080-0,Huma Ghani,"House 783, Street 26, Chaklala, Rawalpindi",Rawalpindi,Punjab,2023-12-19,2023-12-19,Commercial Plaza,3,179746628,Rawalpindi Property Registry
REG-SIN-2021-30936,33100-1000272-4,Chaudhry Ahmed Baig,"House 937, Street 7, Hussainabad, Hyderabad",Hyderabad,Sindh,2021-09-24,2021-09-24,House,40,8068047,Hyderabad Property Registry
REG-SIN-2026-27589,35202-1000314-8,Amna Chaudhry,"House 968, Street 17, Saddar, Hyderabad",Hyderabad,Sindh,2026-02-09,2026-02-09,Apartment,7,14455294,Hyderabad Property Registry
REG-PUN-2018-48069,33100-1001406-2,Hamza Sheikh Sahib,"House 592, Street 9, Bosan Road, Multan",Multan,Punjab,2018-05-24,2018-05-24,Farmhouse,3,119859682,Multan Property Registry
REG-PUN-2016-87798,35202-1000264-8,Rabia Noor Sahib,"House 935, Street 10, Model Town, Gujranwala",Gujranwala,Punjab,2016-05-29,2016-05-29,Plot,20,4619304,Gujranwala Property Registry
REG-PUN-2023-69724,17301-1000176-2,Chaudhry Muhammad Ahmed,"House 324, Street 13, Madina Town, Faisalabad",Faisalabad,Punjab,2023-11-23,2023-11-23,Plot,40,9286132,Faisalabad Property Registry
REG-ISL-2021-74887,33100-1001998-6,Hassan Khan,"House 128, Street 29, F-10, Islamabad",Islamabad,Islamabad,2021-06-17,2021-06-17,Apartment,5,8725245,Islamabad Property Registry
REG-ISL-2016-12245,33100-1001998-6,Hassan Khan,"House 265, Street 14, DHA Phase 2, Islamabad",Islamabad,Islamabad,2016-03-24,2016-03-24,Apartment,12,6840917,Islamabad Property Registry
REG-PUN-2026-57434,35202-1000859-3,Rabia Noor Sahib,"House 320, Street 11, Gulberg, Lahore",Lahore,Punjab,2026-07-14,2026-07-14,Commercial Plaza,7,57694375,Lahore Property Registry
REG-PUN-2016-36867,61101-1000503-1,Hira Shah,"House 259, Street 30, Saddar, Rawalpindi",Rawalpindi,Punjab,2016-09-18,2016-09-18,Plot,20,19298845,Rawalpindi Property Registry
REG-ISL-2023-99006,17301-1000270-0,S. Ahmed,"House 27, Street 33, F-10, Islamabad",Islamabad,Islamabad,2023-11-19,2023-11-19,House,40,38538959,Islamabad Property Registry
REG-SIN-2025-40061,33100-1000551-7,Mariam Malik,"House 394, Street 12, Military Road, Sukkur",Sukkur,Sindh,2025-01-04,2025-01-04,Plot,12,34911631,Sukkur Property Registry
REG-PUN-2021-84847,54400-1000947-9,Ali Raza Sahib,"House 482, Street 14, Gulgasht, Multan",Multan,Punjab,2021-05-26,2021-05-26,Plot,5,38300400,Multan Property Registry
REG-SIN-2017-75515,45501-1001256-2,Chaudhry Naveed Raza,"House 585, Street 16, Qasimabad, Hyderabad",Hyderabad,Sindh,2017-12-14,2017-12-14,Plot,5,24769519,Hyderabad Property Registry
REG-PUN-2026-42780,45501-1001104-8,Rabia Noor Sahib,"House 934, Street 12, Gulgasht, Multan",Multan,Punjab,2026-02-04,2026-02-04,Commercial Plaza,20,58898944,Multan Property Registry
REG-PUN-2018-87364,45501-1000422-4,Chaudhry Ali Raza,"House 619, Street 35, Civil Lines, Gujranwala",Gujranwala,Punjab,2018-08-02,2018-08-02,Apartment,40,13644444,Gujranwala Property Registry
REG-PUN-2024-15742,42101-1001847-9,Chaudhry Ahmed Baig,"House 302, Street 10, Bahria Town, Lahore",Lahore,Punjab,2024-09-21,2024-09-21,Plot,3,14702369,Lahore Property Registry
REG-PUN-2018-64400,42101-1001847-9,A. Baig,"House 784, Street 20, Gulberg, Lahore",Lahore,Punjab,2018-12-31,2018-12-31,Commercial Plaza,5,177295271,Lahore Property Registry
REG-BAL-2019-19106,17301-1001913-1,Asad Iqbal,"House 626, Street 25, Satellite Town, Quetta",Quetta,Balochistan,2019-01-28,2019-01-28,Apartment,5,6960452,Quetta Property Registry
REG-SIN-2018-26627,61101-1001595-5,I. Siddiqui,"House 873, Street 5, Gulshan-e-Iqbal, Karachi",Karachi,Sindh,2018-08-29,2018-08-29,Apartment,12,19892249,Karachi Property Registry
REG-SIN-2017-50674,35202-1001978-6,Kashif Javed,"House 250, Street 2, Bahadurabad, Karachi",Karachi,Sindh,2017-05-30,2017-05-30,Commercial Plaza,7,114773871,Karachi Property Registry
REG-BAL-2022-83052,17301-1001750-0,Waseem Akram Sahib,"House 61, Street 1, Brewery Road, Quetta",Quetta,Balochistan,2022-03-08,2022-03-08,House,20,9017906,Quetta Property Registry
REG-PUN-2022-94758,42101-1000643-1,Hira Shah,"House 106, Street 22, Bahria Town, Rawalpindi",Rawalpindi,Punjab,2022-10-16,2022-10-16,Commercial Plaza,10,71304888,Rawalpindi Property Registry
REG-PUN-2022-38953,42101-1000566-2,H. Sheikh,"House 297, Street 8, Canal Road, Faisalabad",Faisalabad,Punjab,2022-06-30,2022-06-30,Apartment,5,8092634,Faisalabad Property Registry
REG-SIN-2025-49798,17301-1001885-5,Huma Ghani,"House 15, Street 9, Gulshan-e-Iqbal, Karachi",Karachi,Sindh,2025-03-02,2025-03-02,Commercial Plaza,10,155744499,Karachi Property Registry
REG-PUN-2022-53827,45501-1000973-1,K. Qureshi,"House 65, Street 29, Canal Road, Faisalabad",Faisalabad,Punjab,2022-09-22,2022-09-22,Commercial Plaza,20,159820339,Faisalabad Property Registry
REG-ISL-2024-96048,42101-1001096-2,Saad Qureshi Sahib,"House 186, Street 21, DHA Phase 2, Islamabad",Islamabad,Islamabad,2024-03-05,2024-03-05,Apartment,20,19509310,Islamabad Property Registry
REG-PUN-2025-76551,45501-1001458-6,Asad Iqbal,"House 559, Street 9, Wapda Town, Gujranwala",Gujranwala,Punjab,2025-07-05,2025-07-05,Commercial Plaza,5,68865876,Gujranwala Property Registry
REG-PUN-2017-13923,33100-1000797-9,Chaudhry Ahmed Baig,"House 172, Street 3, Johar Town, Lahore",Lahore,Punjab,2017-07-15,2017-07-15,Commercial Plaza,5,103619728,Lahore Property Registry
REG-KPK-2022-33702,61101-1001258-6,Shazia Butt Sahib,"House 401, Street 18, University Road, Peshawar",Peshawar,KPK,2022-11-18,2022-11-18,Plot,12,17802013,Peshawar Property Registry
REG-PUN-2019-28871,33100-1000513-1,A. Iqbal,"House 580, Street 18, D Ground, Faisalabad",Faisalabad,Punjab,2019-07-19,2019-07-19,Farmhouse,5,53303810,Faisalabad Property Registry
REG-PUN-2024-35346,33100-1000513-1,Asad Iqbal,"House 159, Street 31, Madina Town, Faisalabad",Faisalabad,Punjab,2024-06-28,2024-06-28,Farmhouse,10,50670051,Faisalabad Property Registry
REG-BAL-2019-41568,33100-1000776-2,H. Sheikh,"House 789, Street 2, Cantt, Quetta",Quetta,Balochistan,2019-11-28,2019-11-28,Commercial Plaza,7,96363042,Quetta Property Registry
REG-BAL-2017-91927,33100-1000776-2,Hamza Sheikh,"House 868, Street 2, Satellite Town, Quetta",Quetta,Balochistan,2017-05-26,2017-05-26,Commercial Plaza,20,58994816,Quetta Property Registry
REG-PUN-2021-93279,35202-1001742-4,Ahmed Baig Sahib,"House 554, Street 20, Bahria Town, Rawalpindi",Rawalpindi,Punjab,2021-12-13,2021-12-13,House,10,66705064,Rawalpindi Property Registry
REG-ISL-2025-18375,42101-1000290-0,Z. Ahmed,"House 927, Street 27, G-11, Islamabad",Islamabad,Islamabad,2025-07-27,2025-07-27,Apartment,40,27684286,Islamabad Property Registry
REG-BAL-2025-85358,61101-1000571-7,S. Qureshi,"House 326, Street 6, Brewery Road, Quetta",Quetta,Balochistan,2025-11-03,2025-11-03,Plot,40,11110309,Quetta Property Registry
REG-KPK-2018-18253,33100-1000699-3,A. Chaudhry,"House 253, Street 32, Warsak Road, Peshawar",Peshawar,KPK,2018-01-25,2018-01-25,Plot,12,16158538,Peshawar Property Registry
REG-PUN-2026-26216,54400-1001110-0,Sara Ahmed,"House 842, Street 33, Model Town, Lahore",Lahore,Punjab,2026-10-25,2026-10-25,Farmhouse,7,53750463,Lahore Property Registry
REG-PUN-2026-14435,61101-1000830-0,Sara Ahmed,"House 289, Street 10, Peoples Colony, Gujranwala",Gujranwala,Punjab,2026-06-30,2026-06-30,House,12,81719877,Gujranwala Property Registry
REG-ISL-2026-80311,42101-1001307-9,Chaudhry Umer Farooq,"House 601, Street 19, F-10, Islamabad",Islamabad,Islamabad,2026-07-21,2026-07-21,House,12,27532834,Islamabad Property Registry
REG-SIN-2024-68126,45501-1000974-8,Nida Hussain,"House 460, Street 30, Queens Road, Sukkur",Sukkur,Sindh,2024-10-10,2024-10-10,Apartment,20,28314915,Sukkur Property Registry
REG-SIN-2021-22921,45501-1000974-8,Chaudhry Nida Hussain,"House 105, Street 5, New Pind, Sukkur",Sukkur,Sindh,2021-06-21,2021-06-21,Apartment,7,33230428,Sukkur Property Registry
REG-PUN-2018-48898,42101-1000924-8,N. Aslam,"House 28, Street 32, Shah Rukn-e-Alam, Multan",Multan,Punjab,2018-12-04,2018-12-04,House,10,39725742,Multan Property Registry
REG-SIN-2024-97225,54400-1001626-2,F. Mirza,"House 282, Street 33, Military Road, Sukkur",Sukkur,Sindh,2024-08-05,2024-08-05,Plot,40,34541587,Sukkur Property Registry
REG-PUN-2020-80791,17301-1001704-8,Laiba Khan,"House 649, Street 1, Bosan Road, Multan",Multan,Punjab,2020-09-16,2020-09-16,Farmhouse,10,60530652,Multan Property Registry
REG-PUN-2024-94549,45501-1000987-9,Ayesha Khan,"House 75, Street 10, Gulgasht, Multan",Multan,Punjab,2024-11-01,2024-11-01,Plot,3,7642740,Multan Property Registry
REG-PUN-2022-76133,45501-1000987-9,A. Khan,"House 24, Street 20, DHA Multan, Multan",Multan,Punjab,2022-12-13,2022-12-13,Apartment,10,11363376,Multan Property Registry
REG-PUN-2020-91746,45501-1000987-9,Ayesha Khan,"House 724, Street 5, Cantt, Multan",Multan,Punjab,2020-10-05,2020-10-05,Commercial Plaza,3,34281750,Multan Property Registry
REG-SIN-2026-39080,45501-1001989-3,Nida Hussain Sahib,"House 409, Street 6, Latifabad, Hyderabad",Hyderabad,Sindh,2026-02-01,2026-02-01,Apartment,12,21299436,Hyderabad Property Registry
REG-PUN-2025-19920,45501-1000689-3,Laiba Khan,"House 627, Street 16, D Ground, Faisalabad",Faisalabad,Punjab,2025-11-06,2025-11-06,Farmhouse,20,60305077,Faisalabad Property Registry
REG-PUN-2026-47054,45501-1000689-3,L. Khan,"House 243, Street 17, Madina Town, Faisalabad",Faisalabad,Punjab,2026-04-25,2026-04-25,House,10,60962772,Faisalabad Property Registry
REG-SIN-2023-54559,35202-1000298-6,K. Javed,"House 253, Street 16, Gulshan-e-Iqbal, Karachi",Karachi,Sindh,2023-09-09,2023-09-09,Commercial Plaza,5,153891450,Karachi Property Registry
REG-SIN-2022-41402,54400-1001920-0,Huma Ghani,"House 98, Street 10, Hussainabad, Hyderabad",Hyderabad,Sindh,2022-12-05,2022-12-05,Farmhouse,10,49877169,Hyderabad Property Registry
REG-ISL-2020-23812,54400-1001434-8,Amna Chaudhry,"House 393, Street 18, G-11, Islamabad",Islamabad,Islamabad,2020-08-13,2020-08-13,Commercial Plaza,10,135702548,Islamabad Property Registry
REG-PUN-2026-88582,35202-1000822-4,Maham Tariq,"House 102, Street 11, DHA Multan, Multan",Multan,Punjab,2026-07-02,2026-07-02,House,5,69315943,Multan Property Registry
REG-PUN-2021-91692,35202-1000822-4,Chaudhry Maham Tariq,"House 896, Street 19, Shah Rukn-e-Alam, Multan",Multan,Punjab,2021-08-04,2021-08-04,Farmhouse,10,105542941,Multan Property Registry
REG-SIN-2023-82485,61101-1000369-3,Rabia Noor,"House 283, Street 15, Auto Bhan, Hyderabad",Hyderabad,Sindh,2023-08-08,2023-08-08,Plot,3,28014475,Hyderabad Property Registry
REG-SIN-2026-98654,54400-1000256-2,Saad Qureshi,"House 365, Street 3, Qasimabad, Hyderabad",Hyderabad,Sindh,2026-11-11,2026-11-11,Apartment,12,34315337,Hyderabad Property Registry
REG-ISL-2026-81603,42101-1000899-3,Laiba Khan,"House 540, Street 30, Bahria Enclave, Islamabad",Islamabad,Islamabad,2026-04-09,2026-04-09,Farmhouse,5,97403526,Islamabad Property Registry
REG-KPK-2023-24865,45501-1000658-6,Kamran Qureshi,"House 167, Street 16, University Road, Peshawar",Peshawar,KPK,2023-08-08,2023-08-08,Plot,40,14286655,Peshawar Property Registry
REG-KPK-2016-92880,45501-1000935-5,Chaudhry Sara Ahmed,"House 789, Street 5, Hayatabad, Peshawar",Peshawar,KPK,2016-09-30,2016-09-30,Apartment,40,30347465,Peshawar Property Registry
REG-PUN-2023-47079,61101-1001101-7,F. Mirza,"House 281, Street 21, Gulberg, Lahore",Lahore,Punjab,2023-11-04,2023-11-04,Plot,40,37408182,Lahore Property Registry
REG-PUN-2022-82459,61101-1001101-7,Fahad Mirza,"House 191, Street 17, DHA Phase 5, Lahore",Lahore,Punjab,2022-11-08,2022-11-08,House,3,21629006,Lahore Property Registry
REG-BAL-2026-40805,42101-1000064-8,Chaudhry Nida Hussain,"House 122, Street 27, Cantt, Quetta",Quetta,Balochistan,2026-11-07,2026-11-07,Apartment,10,12141133,Quetta Property Registry
REG-PUN-2016-13317,17301-1000426-2,Hamza Sheikh,"House 572, Street 1, Bahria Town, Rawalpindi",Rawalpindi,Punjab,2016-11-27,2016-11-27,Plot,7,18971302,Rawalpindi Property Registry
REG-SIN-2020-68126,17301-1001122-4,Chaudhry Ali Raza,"House 653, Street 24, Clifton, Karachi",Karachi,Sindh,2020-03-12,2020-03-12,House,10,46904100,Karachi Property Registry
REG-PUN-2019-71487,35202-1001808-6,Chaudhry Asad Iqbal,"House 89, Street 10, Cantt, Multan",Multan,Punjab,2019-11-02,2019-11-02,Farmhouse,10,115792265,Multan Property Registry
REG-KPK-2020-92215,45501-1000194-8,Rabia Noor,"House 291, Street 28, University Road, Peshawar",Peshawar,KPK,2020-08-01,2020-08-01,Plot,5,29822558,Peshawar Property Registry
REG-KPK-2026-64768,45501-1000194-8,Rabia Noor,"House 193, Street 32, Gulbahar, Peshawar",Peshawar,KPK,2026-11-26,2026-11-26,House,7,54874954,Peshawar Property Registry
REG-KPK-2020-30516,45501-1000194-8,Rabia Noor,"House 697, Street 23, Gulbahar, Peshawar",Peshawar,KPK,2020-12-12,2020-12-12,Commercial Plaza,12,39924479,Peshawar Property Registry
REG-ISL-2016-54571,35202-1000914-8,B. Ahmed,"House 884, Street 28, Bahria Enclave, Islamabad",Islamabad,Islamabad,2016-02-24,2016-02-24,House,20,73026157,Islamabad Property Registry
REG-PUN-2017-34834,45501-1000025-5,Sara Ahmed,"House 824, Street 26, Model Town, Gujranwala",Gujranwala,Punjab,2017-10-15,2017-10-15,House,3,75124081,Gujranwala Property Registry
REG-PUN-2021-65894,45501-1000025-5,Sara Ahmed Sahib,"House 865, Street 30, Model Town, Gujranwala",Gujranwala,Punjab,2021-09-25,2021-09-25,Apartment,3,21376476,Gujranwala Property Registry
REG-PUN-2025-61465,45501-1000025-5,Sara Ahmed,"House 481, Street 5, Peoples Colony, Gujranwala",Gujranwala,Punjab,2025-03-17,2025-03-17,Plot,20,9709056,Gujranwala Property Registry
REG-SIN-2023-73409,42101-1000760-0,Sara Ahmed,"House 478, Street 33, Gulshan-e-Iqbal, Karachi",Karachi,Sindh,2023-09-22,2023-09-22,Farmhouse,10,21283487,Karachi Property Registry
REG-SIN-2019-86315,42101-1000760-0,Sara Ahmed Sahib,"House 75, Street 21, Bahadurabad, Karachi",Karachi,Sindh,2019-05-24,2019-05-24,Commercial Plaza,7,68792364,Karachi Property Registry
REG-SIN-2018-21854,42101-1000760-0,S. Ahmed,"House 285, Street 7, Bahadurabad, Karachi",Karachi,Sindh,2018-10-17,2018-10-17,Commercial Plaza,20,173115952,Karachi Property Registry
REG-PUN-2022-20736,33100-1000211-7,Chaudhry Muhammad Ahmed,"House 655, Street 18, Civil Lines, Gujranwala",Gujranwala,Punjab,2022-10-21,2022-10-21,Commercial Plaza,7,74225930,Gujranwala Property Registry
REG-SIN-2020-66117,17301-1000811-7,Hamza Sheikh Sahib,"House 687, Street 24, New Pind, Sukkur",Sukkur,Sindh,2020-03-05,2020-03-05,Commercial Plaza,40,108495320,Sukkur Property Registry
REG-BAL-2026-95584,54400-1001471-7,M. Ahmed,"House 915, Street 10, Brewery Road, Quetta",Quetta,Balochistan,2026-04-10,2026-04-10,Farmhouse,5,33568082,Quetta Property Registry
REG-SIN-2026-46494,54400-1001252-4,Chaudhry Ahmed Baig,"House 714, Street 28, Qasimabad, Hyderabad",Hyderabad,Sindh,2026-10-11,2026-10-11,Plot,3,38987117,Hyderabad Property Registry
REG-SIN-2026-66647,54400-1001252-4,Chaudhry Ahmed Baig,"House 117, Street 26, Hussainabad, Hyderabad",Hyderabad,Sindh,2026-12-14,2026-12-14,Plot,7,6034003,Hyderabad Property Registry
REG-PUN-2021-42494,61101-1001608-6,Chaudhry Shazia Butt,"House 187, Street 6, DHA Multan, Multan",Multan,Punjab,2021-02-07,2021-02-07,Apartment,20,6668342,Multan Property Registry
REG-PUN-2022-96392,54400-1000293-1,Chaudhry Hira Shah,"House 11, Street 4, Cantt, Multan",Multan,Punjab,2022-04-13,2022-04-13,House,40,75003170,Multan Property Registry
REG-SIN-2023-59118,33100-1000816-2,Saad Qureshi,"House 792, Street 8, DHA Phase 6, Karachi",Karachi,Sindh,2023-11-17,2023-11-17,Plot,7,15012419,Karachi Property Registry
REG-PUN-2023-33422,33100-1000200-0,Chaudhry Sara Ahmed,"House 508, Street 14, Gulberg, Faisalabad",Faisalabad,Punjab,2023-01-14,2023-01-14,Farmhouse,3,101167711,Faisalabad Property Registry
REG-SIN-2025-95117,17301-1000695-5,Chaudhry Huma Ghani,"House 865, Street 9, Saddar, Hyderabad",Hyderabad,Sindh,2025-12-19,2025-12-19,Plot,7,10065590,Hyderabad Property Registry
REG-PUN-2026-94824,54400-1001281-7,Chaudhry Taha Hussain,"House 181, Street 35, Model Town, Gujranwala",Gujranwala,Punjab,2026-07-19,2026-07-19,Commercial Plaza,12,173194648,Gujranwala Property Registry
REG-PUN-2016-37124,54400-1001281-7,Chaudhry Taha Hussain,"House 530, Street 14, Wapda Town, Gujranwala",Gujranwala,Punjab,2016-06-27,2016-06-27,Plot,7,7186349,Gujranwala Property Registry
REG-PUN-2023-57491,61101-1000777-9,Chaudhry Ayesha Khan,"House 170, Street 18, Satellite Town, Rawalpindi",Rawalpindi,Punjab,2023-07-20,2023-07-20,Apartment,7,25697569,Rawalpindi Property Registry
REG-SIN-2024-55090,33100-1001463-1,K. Qureshi,"House 165, Street 35, New Pind, Sukkur",Sukkur,Sindh,2024-03-30,2024-03-30,House,5,67537448,Sukkur Property Registry
REG-PUN-2021-16844,61101-1000548-6,Asad Iqbal,"House 80, Street 1, Cantt, Multan",Multan,Punjab,2021-05-26,2021-05-26,Apartment,3,13524524,Multan Property Registry
REG-PUN-2021-47282,42101-1000265-5,I. Siddiqui,"House 975, Street 6, People Colony, Faisalabad",Faisalabad,Punjab,2021-12-04,2021-12-04,House,20,29768840,Faisalabad Property Registry
REG-PUN-2016-92624,33100-1000432-4,Umer Farooq,"House 442, Street 23, Civil Lines, Gujranwala",Gujranwala,Punjab,2016-07-14,2016-07-14,Commercial Plaza,5,155388409,Gujranwala Property Registry
REG-PUN-2021-36101,33100-1000736-2,Muhammad Ahmed,"House 312, Street 30, Satellite Town, Rawalpindi",Rawalpindi,Punjab,2021-09-29,2021-09-29,Plot,40,5732711,Rawalpindi Property Registry
REG-PUN-2017-66600,33100-1000736-2,Muhammad Ahmed,"House 822, Street 32, Bahria Town, Rawalpindi",Rawalpindi,Punjab,2017-06-23,2017-06-23,Farmhouse,20,41807600,Rawalpindi Property Registry
REG-PUN-2021-50911,33100-1000736-2,Muhammad Ahmed Sahib,"House 820, Street 4, Bahria Town, Rawalpindi",Rawalpindi,Punjab,2021-07-08,2021-07-08,House,20,68258217,Rawalpindi Property Registry
REG-PUN-2026-57312,45501-1000782-4,Chaudhry Umer Farooq,"House 612, Street 23, Madina Town, Faisalabad",Faisalabad,Punjab,2026-07-29,2026-07-29,Commercial Plaza,3,71540522,Faisalabad Property Registry
REG-PUN-2024-68364,45501-1000782-4,Chaudhry Umer Farooq,"House 519, Street 15, D Ground, Faisalabad",Faisalabad,Punjab,2024-01-01,2024-01-01,Apartment,7,31732434,Faisalabad Property Registry
REG-PUN-2025-96098,45501-1000782-4,U. Farooq,"House 462, Street 18, Canal Road, Faisalabad",Faisalabad,Punjab,2025-01-05,2025-01-05,Commercial Plaza,20,66033269,Faisalabad Property Registry
REG-BAL-2020-82304,17301-1001971-7,Saad Qureshi Sahib,"House 148, Street 22, Brewery Road, Quetta",Quetta,Balochistan,2020-11-04,2020-11-04,Commercial Plaza,20,87139900,Quetta Property Registry
REG-SIN-2025-40353,45501-1001365-5,W. Akram,"House 842, Street 15, Military Road, Sukkur",Sukkur,Sindh,2025-06-01,2025-06-01,Plot,7,21340553,Sukkur Property Registry
REG-PUN-2021-11164,33100-1000277-9,Khalid Malik,"House 655, Street 13, People Colony, Faisalabad",Faisalabad,Punjab,2021-11-26,2021-11-26,Plot,10,14161375,Faisalabad Property Registry
REG-PUN-2019-89028,61101-1000942-4,Khalid Malik,"House 489, Street 28, Model Town, Lahore",Lahore,Punjab,2019-05-27,2019-05-27,Apartment,3,25419869,Lahore Property Registry
REG-PUN-2023-87100,61101-1000942-4,Khalid Malik Sahib,"House 608, Street 20, Model Town, Lahore",Lahore,Punjab,2023-08-01,2023-08-01,Plot,3,3319401,Lahore Property Registry
REG-ISL-2017-35248,54400-1001460-0,Sara Ahmed,"House 696, Street 24, Bahria Enclave, Islamabad",Islamabad,Islamabad,2017-09-22,2017-09-22,Farmhouse,20,49017977,Islamabad Property Registry
REG-ISL-2020-40064,54400-1001460-0,Sara Ahmed Sahib,"House 112, Street 12, Bahria Enclave, Islamabad",Islamabad,Islamabad,2020-01-29,2020-01-29,Commercial Plaza,20,149151243,Islamabad Property Registry
REG-ISL-2018-19465,54400-1001460-0,Chaudhry Sara Ahmed,"House 692, Street 12, F-10, Islamabad",Islamabad,Islamabad,2018-10-15,2018-10-15,Plot,3,22489780,Islamabad Property Registry
REG-PUN-2021-13268,61101-1000295-5,Danish Butt,"House 606, Street 26, D Ground, Faisalabad",Faisalabad,Punjab,2021-08-22,2021-08-22,Apartment,12,9177793,Faisalabad Property Registry
REG-PUN-2025-38481,42101-1001238-6,Hira Shah,"House 476, Street 17, Gulberg, Faisalabad",Faisalabad,Punjab,2025-02-27,2025-02-27,Plot,7,36002621,Faisalabad Property Registry
REG-PUN-2021-23442,42101-1001238-6,H. Shah,"House 51, Street 6, Gulberg, Faisalabad",Faisalabad,Punjab,2021-03-18,2021-03-18,Farmhouse,20,95211215,Faisalabad Property Registry
REG-PUN-2018-20762,42101-1001238-6,Hira Shah Sahib,"House 146, Street 18, Canal Road, Faisalabad",Faisalabad,Punjab,2018-04-26,2018-04-26,Plot,3,30422761,Faisalabad Property Registry
REG-ISL-2024-38539,54400-1001823-1,Hassan Khan,"House 56, Street 20, E-11, Islamabad",Islamabad,Islamabad,2024-01-29,2024-01-29,Plot,5,36037283,Islamabad Property Registry
REG-ISL-2016-82254,54400-1001823-1,Hassan Khan Sahib,"House 951, Street 32, Bahria Enclave, Islamabad",Islamabad,Islamabad,2016-02-14,2016-02-14,House,10,12531412,Islamabad Property Registry
REG-ISL-2016-17257,54400-1001823-1,H. Khan,"House 602, Street 6, F-10, Islamabad",Islamabad,Islamabad,2016-01-01,2016-01-01,Commercial Plaza,12,176858842,Islamabad Property Registry
REG-PUN-2020-63316,54400-1000953-1,F. Ali,"House 713, Street 18, Wapda Town, Gujranwala",Gujranwala,Punjab,2020-07-12,2020-07-12,Plot,5,24924350,Gujranwala Property Registry
REG-KPK-2024-11637,54400-1000301-7,Chaudhry Taha Hussain,"House 273, Street 15, University Road, Peshawar",Peshawar,KPK,2024-04-23,2024-04-23,Commercial Plaza,10,137486757,Peshawar Property Registry
REG-SIN-2018-32301,61101-1001765-5,Danish Butt,"House 575, Street 11, Hussainabad, Hyderabad",Hyderabad,Sindh,2018-03-17,2018-03-17,Farmhouse,5,48321619,Hyderabad Property Registry
REG-SIN-2017-91300,61101-1001765-5,D. Butt,"House 369, Street 7, Latifabad, Hyderabad",Hyderabad,Sindh,2017-07-13,2017-07-13,House,3,61222512,Hyderabad Property Registry
REG-SIN-2019-61447,61101-1001765-5,Danish Butt Sahib,"House 636, Street 18, Latifabad, Hyderabad",Hyderabad,Sindh,2019-01-14,2019-01-14,Apartment,10,15391443,Hyderabad Property Registry
REG-PUN-2021-41720,33100-1001999-3,Bilal Ahmed Sahib,"House 248, Street 10, Gulgasht, Multan",Multan,Punjab,2021-04-01,2021-04-01,Apartment,7,21699785,Multan Property Registry
REG-PUN-2018-44136,42101-1000831-7,Chaudhry Mariam Malik,"House 564, Street 20, Shah Rukn-e-Alam, Multan",Multan,Punjab,2018-11-28,2018-11-28,Plot,5,37044980,Multan Property Registry
REG-PUN-2018-78153,42101-1001254-8,Nida Hussain,"House 624, Street 6, Chaklala, Rawalpindi",Rawalpindi,Punjab,2018-09-24,2018-09-24,House,20,72925700,Rawalpindi Property Registry
REG-PUN-2025-33288,42101-1001254-8,Chaudhry Nida Hussain,"House 784, Street 26, Saddar, Rawalpindi",Rawalpindi,Punjab,2025-07-03,2025-07-03,House,12,36128164,Rawalpindi Property Registry
REG-PUN-2018-95914,45501-1001319-3,Laiba Khan,"House 841, Street 18, Model Town, Gujranwala",Gujranwala,Punjab,2018-01-07,2018-01-07,Plot,5,18143710,Gujranwala Property Registry
REG-PUN-2026-98446,45501-1001431-7,Naveed Raza,"House 297, Street 29, People Colony, Faisalabad",Faisalabad,Punjab,2026-10-08,2026-10-08,Plot,3,30158644,Faisalabad Property Registry
REG-PUN-2019-30456,17301-1000634-8,Bilal Ahmed Sahib,"House 817, Street 1, Peoples Colony, Gujranwala",Gujranwala,Punjab,2019-06-24,2019-06-24,Apartment,40,8887925,Gujranwala Property Registry
REG-PUN-2019-94824,61101-1000349-3,A. Chaudhry,"House 657, Street 22, DHA Multan, Multan",Multan,Punjab,2019-02-04,2019-02-04,Commercial Plaza,5,122420428,Multan Property Registry
REG-SIN-2026-37317,17301-1001433-1,S. Butt,"House 38, Street 3, DHA Phase 6, Karachi",Karachi,Sindh,2026-05-05,2026-05-05,House,7,9039648,Karachi Property Registry
REG-PUN-2017-57209,33100-1001715-5,W. Akram,"House 236, Street 15, Bahria Town, Lahore",Lahore,Punjab,2017-04-23,2017-04-23,Plot,40,12527870,Lahore Property Registry
REG-SIN-2026-11469,61101-1001727-9,Umer Farooq,"House 356, Street 19, New Pind, Sukkur",Sukkur,Sindh,2026-10-29,2026-10-29,Commercial Plaza,7,143731755,Sukkur Property Registry
REG-SIN-2024-62883,42101-1001063-1,H. Shah,"House 709, Street 22, Bahadurabad, Karachi",Karachi,Sindh,2024-05-23,2024-05-23,Plot,20,34291869,Karachi Property Registry
REG-KPK-2016-40972,61101-1000359-3,Sana Iqbal,"House 306, Street 31, Gulbahar, Peshawar",Peshawar,KPK,2016-12-21,2016-12-21,House,7,38712841,Peshawar Property Registry
REG-PUN-2017-71325,54400-1000182-4,A. Khan,"House 611, Street 8, D Ground, Faisalabad",Faisalabad,Punjab,2017-02-07,2017-02-07,Plot,7,5379659,Faisalabad Property Registry
REG-PUN-2019-38261,54400-1000182-4,Ayesha Khan,"House 185, Street 20, D Ground, Faisalabad",Faisalabad,Punjab,2019-12-21,2019-12-21,Apartment,3,14771963,Faisalabad Property Registry
REG-PUN-2024-87734,17301-1001758-6,Chaudhry Fatima Ali,"House 338, Street 17, DHA Phase 5, Lahore",Lahore,Punjab,2024-05-15,2024-05-15,Apartment,12,7296804,Lahore Property Registry
REG-PUN-2024-20577,45501-1000733-1,Shazia Butt,"House 256, Street 4, Gulberg, Faisalabad",Faisalabad,Punjab,2024-03-04,2024-03-04,Commercial Plaza,10,160359709,Faisalabad Property Registry
REG-PUN-2016-30891,45501-1000733-1,S. Butt,"House 361, Street 30, Canal Road, Faisalabad",Faisalabad,Punjab,2016-12-08,2016-12-08,Apartment,3,6203196,Faisalabad Property Registry
REG-SIN-2024-16032,42101-1000355-5,Usman Malik,"House 912, Street 7, DHA Phase 6, Karachi",Karachi,Sindh,2024-07-15,2024-07-15,Apartment,10,9533028,Karachi Property Registry
REG-KPK-2019-27947,42101-1000582-4,Muneeb Akhtar Sahib,"House 358, Street 10, University Road, Peshawar",Peshawar,KPK,2019-10-09,2019-10-09,Commercial Plaza,3,69806945,Peshawar Property Registry
REG-BAL-2023-27001,54400-1001906-2,Chaudhry Fahad Mirza,"House 478, Street 21, Jinnah Town, Quetta",Quetta,Balochistan,2023-01-17,2023-01-17,Commercial Plaza,10,36537713,Quetta Property Registry
REG-BAL-2021-97510,54400-1001906-2,Chaudhry Fahad Mirza,"House 839, Street 9, Cantt, Quetta",Quetta,Balochistan,2021-01-28,2021-01-28,Plot,20,24640717,Quetta Property Registry
REG-PUN-2017-38143,61101-1001910-0,Imran Siddiqui,"House 813, Street 22, Saddar, Rawalpindi",Rawalpindi,Punjab,2017-01-07,2017-01-07,Apartment,20,14537924,Rawalpindi Property Registry
REG-SIN-2019-67304,45501-1001456-2,Taha Hussain,"House 204, Street 21, Saddar, Hyderabad",Hyderabad,Sindh,2019-10-06,2019-10-06,Plot,12,23694029,Hyderabad Property Registry
REG-ISL-2021-30031,17301-1000383-1,Shazia Butt Sahib,"House 335, Street 22, G-11, Islamabad",Islamabad,Islamabad,2021-09-08,2021-09-08,House,7,66274299,Islamabad Property Registry
REG-KPK-2022-35812,17301-1001056-2,Hamza Sheikh,"House 736, Street 27, Warsak Road, Peshawar",Peshawar,KPK,2022-08-22,2022-08-22,House,3,18755176,Peshawar Property Registry
REG-PUN-2024-97396,61101-1001363-1,Chaudhry Shazia Butt,"House 741, Street 14, DHA Multan, Multan",Multan,Punjab,2024-01-02,2024-01-02,Commercial Plaza,40,99446124,Multan Property Registry
REG-PUN-2023-29620,42101-1001300-0,Usman Malik,"House 773, Street 11, Chaklala, Rawalpindi",Rawalpindi,Punjab,2023-07-18,2023-07-18,Commercial Plaza,20,103671059,Rawalpindi Property Registry
REG-SIN-2019-53721,33100-1001761-7,Chaudhry Saad Qureshi,"House 568, Street 5, Hussainabad, Hyderabad",Hyderabad,Sindh,2019-01-05,2019-01-05,Commercial Plaza,7,117574433,Hyderabad Property Registry
REG-SIN-2017-14342,35202-1001253-1,Chaudhry Kamran Qureshi,"House 710, Street 18, DHA Phase 6, Karachi",Karachi,Sindh,2017-09-03,2017-09-03,Plot,10,10078620,Karachi Property Registry
REG-SIN-2023-65213,35202-1001253-1,Kamran Qureshi,"House 829, Street 27, DHA Phase 6, Karachi",Karachi,Sindh,2023-05-11,2023-05-11,House,12,21662663,Karachi Property Registry
