travel_id,cnic,passenger_name,address,city,province,date,passport_no,travel_type,destination_country,airline,ticket_cost_pkr,hotel_cost_pkr,total_travel_cost_pkr
TRV-2023-470394,17301-1001447-9,Umer Farooq,"House 614, Street 16, Wapda Town, Gujranwala",Gujranwala,Punjab,2023-08-10,PK5575906,International,Bangkok,Qatar Airways,206604,367153,573757
TRV-2017-158278,17301-1001447-9,U. Farooq,"House 614, Street 16, Wapda Town, Gujranwala",Gujranwala,Punjab,2017-12-16,PK1634842,Business,Bangkok,Saudia,249825,761577,1011402
TRV-2018-259955,17301-1001447-9,Umer Farooq,"House 614, Street 16, Wapda Town, Gujranwala",Gujranwala,Punjab,2018-04-12,AB7400758,Umrah,Jeddah,PIA,369312,315605,684917
TRV-2022-231939,17301-1000862-4,Muneeb Akhtar Sahib,"House 133, Street 18, Warsak Road, Peshawar",Peshawar,KPK,2022-10-30,CD4563460,International,Kuala Lumpur,Qatar Airways,156924,332337,489261
TRV-2017-528600,33100-1000499-3,Chaudhry Sana Iqbal,"House 910, Street 28, Model Town, Lahore",Lahore,Punjab,2017-08-05,PK9087036,Tourism,Kuala Lumpur,Airblue,794775,1464895,2259670
TRV-2019-721917,17301-1000196-2,T. Hussain,"House 835, Street 21, Gulgasht, Multan",Multan,Punjab,2019-11-19,XY8506302,Family Visit,Istanbul,Turkish Airlines,444703,1122156,1566859
TRV-2022-228690,45501-1001417-9,M. Tariq,"House 477, Street 20, Rohri, Sukkur",Sukkur,Sindh,2022-07-08,PK6757565,International,Bangkok,Qatar Airways,832207,380445,1212652
TRV-2022-877625,33100-1001496-2,Mariam Malik,"House 285, Street 6, DHA Phase 5, Lahore",Lahore,Punjab,2022-08-27,CD9540248,Umrah,Doha,Qatar Airways,567469,144491,711960
TRV-2025-715369,17301-1000492-4,Chaudhry Ali Raza,"House 583, Street 1, Military Road, Sukkur",Sukkur,Sindh,2025-08-31,AB9673276,International,Dubai,Saudia,397014,592060,989074
TRV-2021-842452,42101-1000148-6,F. Ali,"House 210, Street 17, Hayatabad, Peshawar",Peshawar,KPK,2021-02-07,AB1764321,International,Dubai,Turkish Airlines,106002,1130367,1236369
TRV-2017-696584,33100-1001243-1,Kashif Javed,"House 836, Street 14, Hussainabad, Hyderabad",Hyderabad,Sindh,2017-09-21,AB5902594,International,Istanbul,Qatar Airways,515673,729798,1245471
TRV-2025-301595,45501-1000560-0,Waseem Akram,"House 647, Street 14, Gulbahar, Peshawar",Peshawar,KPK,2025-08-20,XY9201507,International,Kuala Lumpur,Qatar Airways,727351,1193491,1920842
TRV-2025-838989,54400-1001979-3,Rabia Noor Sahib,"House 304, Street 5, DHA Multan, Multan",Multan,Punjab,2025-05-17,CD2890269,Business,Doha,Qatar Airways,724053,1236557,1960610
TRV-2025-331888,45501-1000768-6,Shazia Butt,"House 351, Street 19, Satellite Town, Rawalpindi",Rawalpindi,Punjab,2025-06-27,AB9267629,International,Istanbul,Turkish Airlines,420730,1370844,1791574
TRV-2018-309038,42101-1000918-6,Fatima Ali,"House 496, Street 24, Gulberg, Faisalabad",Faisalabad,Punjab,2018-03-29,AB8664084,Tourism,Kuala Lumpur,Emirates,621180,1317627,1938807
TRV-2019-860944,33100-1000906-2,Naveed Raza,"House 92, Street 9, People Colony, Faisalabad",Faisalabad,Punjab,2019-06-28,CD8676680,Umrah,Baku,Saudia,576500,316189,892689
TRV-2024-984430,17301-1001619-3,Chaudhry Sana Iqbal,"House 619, Street 34, PWD, Rawalpindi",Rawalpindi,Punjab,2024-11-11,AB3455219,Family Visit,Dubai,PIA,653545,217360,870905
TRV-2023-649076,17301-1001717-9,Ali Raza Sahib,"House 527, Street 21, Clifton, Karachi",Karachi,Sindh,2023-03-20,PK7106923,Tourism,Jeddah,Qatar Airways,173205,1477652,1650857
TRV-2023-402450,45501-1001475-5,Usman Malik,"House 79, Street 28, Madina Town, Faisalabad",Faisalabad,Punjab,2023-07-31,XY8560366,Business,Baku,Qatar Airways,240082,128119,368201
TRV-2026-963055,54400-1001576-2,Muhammad Ahmed,"House 13, Street 28, Military Road, Sukkur",Sukkur,Sindh,2026-02-28,AB1227520,International,Baku,SereneAir,124987,1498453,1623440
TRV-2020-790018,54400-1001576-2,Muhammad Ahmed,"House 13, Street 28, Military Road, Sukkur",Sukkur,Sindh,2020-11-08,AB5418367,Tourism,Riyadh,Qatar Airways,584568,606661,1191229
TRV-2025-837322,54400-1001576-2,Muhammad Ahmed,"House 13, Street 28, Military Road, Sukkur",Sukkur,Sindh,2025-06-09,XY9419513,Tourism,Riyadh,Turkish Airlines,598392,1353380,1951772
TRV-2023-912464,35202-1000836-2,N. Raza,"House 296, Street 6, DHA Phase 2, Islamabad",Islamabad,Islamabad,2023-09-25,CD6792070,Family Visit,Abu Dhabi,Turkish Airlines,91312,530255,621567
TRV-2022-449142,54400-1001270-0,Z. Ahmed,"House 338, Street 2, Johar Town, Lahore",Lahore,Punjab,2022-04-06,XY1436392,Business,Istanbul,SereneAir,470150,912884,1383034
TRV-2026-134519,17301-1001747-9,Khalid Malik,"House 167, Street 4, Samungli Road, Quetta",Quetta,Balochistan,2026-09-10,PK4829927,Family Visit,Doha,Turkish Airlines,661584,860639,1522223
TRV-2016-207510,61101-1000372-4,Chaudhry Muneeb Akhtar,"House 339, Street 7, Model Town, Lahore",Lahore,Punjab,2016-08-01,CD6538203,Umrah,London,PIA,365995,1213042,1579037
TRV-2024-854489,61101-1000372-4,Chaudhry Muneeb Akhtar,"House 339, Street 7, Model Town, Lahore",Lahore,Punjab,2024-02-26,AB5442367,Business,Baku,Airblue,665086,746304,1411390
TRV-2021-119285,61101-1000372-4,M. Akhtar,"House 339, Street 7, Model Town, Lahore",Lahore,Punjab,2021-06-09,AB2244476,Umrah,Jeddah,Emirates,608345,1237997,1846342
TRV-2022-430174,35202-1000672-4,Ayesha Khan,"House 393, Street 28, PWD, Rawalpindi",Rawalpindi,Punjab,2022-08-28,XY6298755,Umrah,Dubai,SereneAir,161415,944810,1106225
TRV-2024-324968,61101-1001249-3,L. Khan,"House 634, Street 1, Gulberg, Faisalabad",Faisalabad,Punjab,2024-09-17,CD6227467,Tourism,Riyadh,Qatar Airways,899652,589318,1488970
TRV-2019-700915,61101-1000925-5,D. Butt,"House 667, Street 8, DHA Multan, Multan",Multan,Punjab,2019-03-26,XY8585771,Business,Abu Dhabi,Turkish Airlines,851379,867278,1718657
TRV-2018-705139,45501-1001256-2,Chaudhry Naveed Raza,"House 447, Street 29, Latifabad, Hyderabad",Hyderabad,Sindh,2018-01-14,PK6078890,Business,Baku,Qatar Airways,217398,1338144,1555542
TRV-2017-481524,45501-1001256-2,Naveed Raza,"House 447, Street 29, Latifabad, Hyderabad",Hyderabad,Sindh,2017-07-22,AB4408701,Umrah,Riyadh,Emirates,224263,653948,878211
TRV-2020-657380,45501-1001868-6,Hira Shah,"House 502, Street 8, Saddar, Rawalpindi",Rawalpindi,Punjab,2020-06-25,CD8494635,Umrah,Abu Dhabi,Turkish Airlines,822670,922703,1745373
TRV-2016-973598,45501-1001868-6,Hira Shah,"House 502, Street 8, Saddar, Rawalpindi",Rawalpindi,Punjab,2016-09-30,XY4246545,International,Riyadh,Airblue,577950,1229486,1807436
TRV-2024-572261,33100-1001014-8,A. Chaudhry,"House 904, Street 33, People Colony, Faisalabad",Faisalabad,Punjab,2024-05-19,CD9146706,International,Dubai,Saudia,439471,1317418,1756889
TRV-2017-264703,45501-1000780-0,Zainab Ahmed Sahib,"House 276, Street 34, Auto Bhan, Hyderabad",Hyderabad,Sindh,2017-11-12,XY8026338,Tourism,Istanbul,SereneAir,518215,269408,787623
TRV-2022-681972,45501-1000780-0,Zainab Ahmed,"House 276, Street 34, Auto Bhan, Hyderabad",Hyderabad,Sindh,2022-12-15,XY4010409,Business,Abu Dhabi,Qatar Airways,566668,369491,936159
TRV-2025-153302,45501-1000780-0,Zainab Ahmed Sahib,"House 276, Street 34, Auto Bhan, Hyderabad",Hyderabad,Sindh,2025-03-13,PK7782562,Business,Jeddah,PIA,775364,80511,855875
TRV-2024-422225,45501-1001886-2,Naveed Raza,"House 906, Street 16, G-11, Islamabad",Islamabad,Islamabad,2024-02-27,PK3872647,Business,Doha,Turkish Airlines,277972,790462,1068434
TRV-2019-669862,45501-1000107-9,Ali Raza,"House 566, Street 13, Model Town, Gujranwala",Gujranwala,Punjab,2019-05-27,CD4655857,Tourism,Istanbul,Airblue,864743,754621,1619364
TRV-2022-100083,17301-1001433-1,Shazia Butt Sahib,"House 178, Street 13, Nazimabad, Karachi",Karachi,Sindh,2022-11-12,CD8477402,Business,Abu Dhabi,Saudia,390799,727518,1118317
TRV-2019-571950,35202-1001486-2,Fahad Mirza Sahib,"House 198, Street 34, F-10, Islamabad",Islamabad,Islamabad,2019-01-26,XY1474659,Tourism,Abu Dhabi,Airblue,203146,975207,1178353
TRV-2022-941262,54400-1000415-5,Huma Ghani,"House 471, Street 21, Latifabad, Hyderabad",Hyderabad,Sindh,2022-11-29,AB3757700,International,Istanbul,Qatar Airways,864991,239770,1104761
TRV-2016-190714,54400-1000415-5,H. Ghani,"House 471, Street 21, Latifabad, Hyderabad",Hyderabad,Sindh,2016-11-02,PK3368447,Tourism,Riyadh,Saudia,496283,187421,683704
TRV-2022-404054,33100-1001893-1,Hassan Khan,"House 706, Street 34, Bahria Town, Rawalpindi",Rawalpindi,Punjab,2022-08-07,XY9473870,Tourism,Istanbul,Saudia,180190,756629,936819
TRV-2023-491774,33100-1001893-1,Hassan Khan,"House 706, Street 34, Bahria Town, Rawalpindi",Rawalpindi,Punjab,2023-05-12,AB2335246,Umrah,Dubai,Qatar Airways,877783,130534,1008317
TRV-2016-228161,42101-1001213-1,Asad Iqbal,"House 252, Street 1, E-11, Islamabad",Islamabad,Islamabad,2016-04-28,PK1462728,Family Visit,Bangkok,SereneAir,493238,1383170,1876408
TRV-2018-155115,35202-1000890-0,Danish Butt,"House 369, Street 22, Bahadurabad, Karachi",Karachi,Sindh,2018-11-08,AB1906788,Tourism,Baku,Airblue,873996,1448786,2322782
TRV-2025-592426,35202-1000890-0,Danish Butt,"House 369, Street 22, Bahadurabad, Karachi",Karachi,Sindh,2025-08-06,CD7065534,Tourism,Doha,Saudia,848051,1038535,1886586
TRV-2022-851254,45501-1001461-7,Mariam Malik Sahib,"House 412, Street 35, Rohri, Sukkur",Sukkur,Sindh,2022-06-11,PK1666899,Business,Jeddah,Airblue,438832,1207651,1646483
TRV-2018-221647,45501-1000581-7,Taha Hussain,"House 262, Street 2, Model Town, Lahore",Lahore,Punjab,2018-06-18,CD8457630,International,Abu Dhabi,Turkish Airlines,88281,1370428,1458709
TRV-2020-997960,17301-1000030-0,Chaudhry Huma Ghani,"House 73, Street 9, Gulbahar, Peshawar",Peshawar,KPK,2020-08-14,CD9235960,Umrah,Abu Dhabi,Saudia,706849,565384,1272233
TRV-2024-325399,42101-1000265-5,Imran Siddiqui,"House 423, Street 23, People Colony, Faisalabad",Faisalabad,Punjab,2024-07-07,AB1351621,Business,London,Turkish Airlines,269252,678713,947965
TRV-2021-585835,42101-1000265-5,I. Siddiqui,"House 423, Street 23, People Colony, Faisalabad",Faisalabad,Punjab,2021-08-16,CD9974331,Business,London,Turkish Airlines,686379,799232,1485611
TRV-2019-227026,33100-1001315-5,Imran Siddiqui,"House 604, Street 25, Satellite Town, Gujranwala",Gujranwala,Punjab,2019-01-03,AB5030382,Family Visit,Riyadh,SereneAir,739046,64987,804033
TRV-2023-985330,33100-1001315-5,Imran Siddiqui,"House 604, Street 25, Satellite Town, Gujranwala",Gujranwala,Punjab,2023-02-09,XY2021643,Tourism,Bangkok,Emirates,847749,312277,1160026
TRV-2022-294613,33100-1001967-9,Ayesha Khan,"House 624, Street 13, Cantt, Multan",Multan,Punjab,2022-04-24,PK3435196,Umrah,London,PIA,374838,1101723,1476561
TRV-2026-572291,35202-1001054-8,Chaudhry Bilal Ahmed,"House 388, Street 33, Chaklala, Rawalpindi",Rawalpindi,Punjab,2026-12-08,XY5501629,Umrah,Riyadh,PIA,454035,1414169,1868204
TRV-2025-599107,33100-1001240-0,D. Butt,"House 474, Street 3, Barrage Road, Sukkur",Sukkur,Sindh,2025-09-05,AB6958957,Family Visit,Abu Dhabi,SereneAir,244677,1387556,1632233
TRV-2018-953810,17301-1000223-1,Chaudhry Hira Shah,"House 150, Street 33, Chaklala, Rawalpindi",Rawalpindi,Punjab,2018-01-27,XY1997590,Business,Doha,SereneAir,715183,228315,943498
TRV-2016-294816,17301-1001725-5,Chaudhry Zainab Ahmed,"House 344, Street 9, Brewery Road, Quetta",Quetta,Balochistan,2016-10-11,AB8519520,Business,London,Airblue,309171,1046467,1355638
TRV-2025-910896,61101-1000614-8,R. Noor,"House 793, Street 8, G-11, Islamabad",Islamabad,Islamabad,2025-05-21,AB3449457,International,London,Emirates,421364,312814,734178
TRV-2017-577072,61101-1000614-8,R. Noor,"House 793, Street 8, G-11, Islamabad",Islamabad,Islamabad,2017-04-18,AB4796733,Business,Istanbul,Saudia,245969,647509,893478
TRV-2018-137076,42101-1001236-2,S. Qureshi,"House 304, Street 20, Bahadurabad, Karachi",Karachi,Sindh,2018-01-31,AB9156324,Family Visit,Riyadh,Turkish Airlines,543831,274087,817918
TRV-2018-637189,35202-1000111-7,H. Sheikh,"House 929, Street 5, Saddar, Hyderabad",Hyderabad,Sindh,2018-09-17,PK8876371,International,Istanbul,Qatar Airways,533223,391571,924794
TRV-2024-709653,33100-1000484-8,N. Hussain,"House 289, Street 33, New Pind, Sukkur",Sukkur,Sindh,2024-07-16,AB1576988,Business,Riyadh,Turkish Airlines,659688,878252,1537940
TRV-2016-382866,33100-1000484-8,N. Hussain,"House 289, Street 33, New Pind, Sukkur",Sukkur,Sindh,2016-11-21,CD5654806,Umrah,Istanbul,Emirates,501309,533757,1035066
TRV-2016-929361,33100-1000539-3,N. Aslam,"House 887, Street 18, Cantt, Quetta",Quetta,Balochistan,2016-08-11,CD4652516,Family Visit,Bangkok,Airblue,527235,1236633,1763868
TRV-2021-188560,45501-1000856-2,Chaudhry Fahad Mirza,"House 833, Street 23, Bahria Town, Rawalpindi",Rawalpindi,Punjab,2021-04-03,PK6511040,Umrah,London,Turkish Airlines,94638,499593,594231
TRV-2019-929667,45501-1000856-2,Chaudhry Fahad Mirza,"House 833, Street 23, Bahria Town, Rawalpindi",Rawalpindi,Punjab,2019-07-10,CD7071994,Tourism,Baku,PIA,862367,1432549,2294916
TRV-2026-498112,35202-1001742-4,Ahmed Baig,"House 753, Street 8, Bahria Town, Rawalpindi",Rawalpindi,Punjab,2026-04-17,PK4084306,Tourism,London,PIA,122309,273067,395376
TRV-2018-209054,35202-1001649-3,Chaudhry Bilal Ahmed,"House 382, Street 32, Canal Road, Faisalabad",Faisalabad,Punjab,2018-02-26,AB2372441,Umrah,Jeddah,Airblue,181458,847677,1029135
TRV-2019-509034,45501-1001462-4,A. Baig,"House 273, Street 29, Jinnah Town, Quetta",Quetta,Balochistan,2019-04-25,CD6298524,Family Visit,Riyadh,Turkish Airlines,572641,228194,800835
TRV-2020-428611,61101-1001855-5,Waseem Akram,"House 722, Street 17, University Road, Peshawar",Peshawar,KPK,2020-06-14,XY6903175,Umrah,Baku,Qatar Airways,609259,229065,838324
TRV-2021-916362,61101-1001855-5,Waseem Akram,"House 722, Street 17, University Road, Peshawar",Peshawar,KPK,2021-04-02,CD4946222,Business,Doha,Emirates,157814,885274,1043088
TRV-2018-707030,17301-1000258-6,Hira Shah,"House 750, Street 8, Model Town, Gujranwala",Gujranwala,Punjab,2018-01-01,XY7125873,Business,Abu Dhabi,SereneAir,715563,203870,919433
TRV-2020-459441,33100-1000923-1,Chaudhry Hira Shah,"House 179, Street 28, Auto Bhan, Hyderabad",Hyderabad,Sindh,2020-06-26,PK3099063,International,Doha,PIA,858004,1407948,2265952
TRV-2025-105635,17301-1001382-4,Maham Tariq,"House 223, Street 23, Peoples Colony, Gujranwala",Gujranwala,Punjab,2025-01-13,AB5682005,International,Dubai,Saudia,85260,1120213,1205473
TRV-2020-777429,17301-1001382-4,Maham Tariq Sahib,"House 223, Street 23, Peoples Colony, Gujranwala",Gujranwala,Punjab,2020-01-04,CD7744847,International,Kuala Lumpur,Emirates,244929,1233767,1478696
TRV-2020-723395,17301-1000424-8,Bilal Ahmed Sahib,"House 87, Street 20, G-11, Islamabad",Islamabad,Islamabad,2020-01-21,AB1112715,Business,Abu Dhabi,Saudia,553073,157094,710167
TRV-2018-698865,61101-1001379-3,Nimra Aslam Sahib,"House 216, Street 17, Brewery Road, Quetta",Quetta,Balochistan,2018-03-08,AB4352240,Business,Baku,Turkish Airlines,641055,1212732,1853787
TRV-2024-304003,33100-1000759-3,Chaudhry Laiba Khan,"House 461, Street 22, DHA Phase 2, Islamabad",Islamabad,Islamabad,2024-12-31,AB5470380,Family Visit,Riyadh,Airblue,378484,1064787,1443271
TRV-2025-309109,33100-1000759-3,Laiba Khan Sahib,"House 461, Street 22, DHA Phase 2, Islamabad",Islamabad,Islamabad,2025-02-19,AB5516174,Business,Istanbul,PIA,609894,388773,998667
TRV-2018-651504,33100-1000759-3,Laiba Khan,"House 461, Street 22, DHA Phase 2, Islamabad",Islamabad,Islamabad,2018-05-08,AB5320352,Family Visit,Doha,Turkish Airlines,96696,1227342,1324038
TRV-2020-253278,33100-1000759-3,Chaudhry Laiba Khan,"House 461, Street 22, DHA Phase 2, Islamabad",Islamabad,Islamabad,2020-03-10,AB6311794,Family Visit,Abu Dhabi,Turkish Airlines,390259,618504,1008763
TRV-2024-760973,17301-1000404-8,Rabia Noor,"House 618, Street 22, Shah Rukn-e-Alam, Multan",Multan,Punjab,2024-03-29,CD6944529,International,Kuala Lumpur,Saudia,841690,1252964,2094654
TRV-2018-428728,17301-1000404-8,R. Noor,"House 618, Street 22, Shah Rukn-e-Alam, Multan",Multan,Punjab,2018-03-29,PK8871984,Umrah,Bangkok,Airblue,824062,67457,891519
TRV-2018-617496,17301-1000404-8,Chaudhry Rabia Noor,"House 618, Street 22, Shah Rukn-e-Alam, Multan",Multan,Punjab,2018-07-15,PK2878296,Business,Riyadh,Qatar Airways,704891,1411350,2116241
TRV-2024-998540,17301-1000404-8,Chaudhry Rabia Noor,"House 618, Street 22, Shah Rukn-e-Alam, Multan",Multan,Punjab,2024-05-25,CD8561482,Family Visit,London,SereneAir,535125,325717,860842
TRV-2018-918090,45501-1001718-6,Hassan Khan,"House 486, Street 24, E-11, Islamabad",Islamabad,Islamabad,2018-06-26,PK9502262,Tourism,Kuala Lumpur,Airblue,201109,842957,1044066
TRV-2018-882573,35202-1001706-2,Mariam Malik,"House 600, Street 6, Chaklala, Rawalpindi",Rawalpindi,Punjab,2018-02-13,PK2876020,Umrah,Doha,Turkish Airlines,295296,665574,960870
TRV-2021-628212,35202-1001706-2,Mariam Malik,"House 600, Street 6, Chaklala, Rawalpindi",Rawalpindi,Punjab,2021-02-14,CD1620829,Tourism,Bangkok,Airblue,451992,870178,1322170
TRV-2026-888028,54400-1000226-2,F. Mirza,"House 328, Street 25, Johar Town, Lahore",Lahore,Punjab,2026-01-26,AB4722419,International,Kuala Lumpur,PIA,891701,357040,1248741
TRV-2019-633571,45501-1000464-8,S. Iqbal,"House 253, Street 27, Shah Rukn-e-Alam, Multan",Multan,Punjab,2019-12-04,PK1261392,Business,Abu Dhabi,Airblue,711895,182811,894706
TRV-2021-536324,45501-1000464-8,Sana Iqbal,"House 253, Street 27, Shah Rukn-e-Alam, Multan",Multan,Punjab,2021-01-27,PK2191880,Tourism,London,Qatar Airways,339154,1136331,1475485
TRV-2019-225369,45501-1000464-8,S. Iqbal,"House 253, Street 27, Shah Rukn-e-Alam, Multan",Multan,Punjab,2019-01-02,CD6503868,International,London,Airblue,375972,1059413,1435385
TRV-2019-627545,17301-1001988-6,Kamran Qureshi Sahib,"House 840, Street 12, Shah Rukn-e-Alam, Multan",Multan,Punjab,2019-11-02,AB7233014,Business,Baku,Emirates,484444,443802,928246
TRV-2021-243722,61101-1001809-3,Laiba Khan Sahib,"House 836, Street 31, Gulshan-e-Iqbal, Karachi",Karachi,Sindh,2021-12-23,PK4686361,Family Visit,Dubai,Saudia,549056,51895,600951
TRV-2019-456635,61101-1001809-3,L. Khan,"House 836, Street 31, Gulshan-e-Iqbal, Karachi",Karachi,Sindh,2019-01-22,XY1545437,International,Doha,Turkish Airlines,602496,1181644,1784140
TRV-2017-435885,45501-1001617-9,A. Khan,"House 822, Street 13, DHA Phase 6, Karachi",Karachi,Sindh,2017-11-13,AB5326452,International,Baku,Qatar Airways,296689,146523,443212
TRV-2020-510356,61101-1000857-9,Maham Tariq,"House 804, Street 26, PWD, Rawalpindi",Rawalpindi,Punjab,2020-09-17,AB4553604,Tourism,Bangkok,SereneAir,859884,657152,1517036
TRV-2024-497561,35202-1000927-9,Maham Tariq,"House 980, Street 23, Madina Town, Faisalabad",Faisalabad,Punjab,2024-09-07,AB5538508,Umrah,London,PIA,109664,1042081,1151745
TRV-2025-352020,35202-1000927-9,Maham Tariq Sahib,"House 980, Street 23, Madina Town, Faisalabad",Faisalabad,Punjab,2025-02-20,PK7374530,International,Jeddah,Airblue,609795,799205,1409000
TRV-2020-855757,54400-1000156-2,Chaudhry Fahad Mirza,"House 492, Street 10, Clifton, Karachi",Karachi,Sindh,2020-01-05,PK6885117,Tourism,Riyadh,Qatar Airways,352318,1485168,1837486
TRV-2025-253168,54400-1000156-2,F. Mirza,"House 492, Street 10, Clifton, Karachi",Karachi,Sindh,2025-10-21,PK3747286,Umrah,Istanbul,Qatar Airways,230704,587480,818184
TRV-2019-233398,42101-1000745-5,Z. Ahmed,"House 921, Street 10, Bahria Town, Lahore",Lahore,Punjab,2019-11-03,XY9829650,Umrah,Abu Dhabi,Turkish Airlines,803788,849661,1653449
TRV-2025-692484,33100-1001085-5,Waseem Akram Sahib,"House 687, Street 15, Rohri, Sukkur",Sukkur,Sindh,2025-06-27,XY7315067,International,Jeddah,PIA,327571,375546,703117
TRV-2019-690602,61101-1001028-6,Hira Shah Sahib,"House 972, Street 2, DHA Phase 2, Islamabad",Islamabad,Islamabad,2019-10-10,AB5114853,Umrah,Istanbul,PIA,701240,1409107,2110347
TRV-2018-102769,33100-1000771-7,Muhammad Ahmed,"House 325, Street 8, Warsak Road, Peshawar",Peshawar,KPK,2018-03-24,XY1259684,Business,Doha,PIA,190574,62423,252997
TRV-2019-365145,42101-1001160-0,U. Malik,"House 903, Street 12, People Colony, Faisalabad",Faisalabad,Punjab,2019-11-16,XY7560188,International,Jeddah,Qatar Airways,659380,279364,938744
TRV-2020-367236,33100-1000158-6,Kashif Javed,"House 348, Street 31, Satellite Town, Quetta",Quetta,Balochistan,2020-03-08,CD8451432,Family Visit,London,SereneAir,778513,374874,1153387
TRV-2024-456624,33100-1000158-6,K. Javed,"House 348, Street 31, Satellite Town, Quetta",Quetta,Balochistan,2024-01-22,XY6016066,Tourism,Riyadh,Turkish Airlines,451696,490624,942320
TRV-2025-253676,33100-1000158-6,K. Javed,"House 348, Street 31, Satellite Town, Quetta",Quetta,Balochistan,2025-03-25,AB4954694,Umrah,Bangkok,Turkish Airlines,383074,647742,1030816
TRV-2019-565023,33100-1000158-6,K. Javed,"House 348, Street 31, Satellite Town, Quetta",Quetta,Balochistan,2019-11-24,XY9496150,International,Riyadh,Saudia,423869,1269729,1693598
TRV-2025-787863,33100-1000308-6,Kamran Qureshi,"House 67, Street 7, Satellite Town, Quetta",Quetta,Balochistan,2025-01-08,CD7242899,Family Visit,Baku,SereneAir,544398,481306,1025704
TRV-2018-152128,33100-1000308-6,Chaudhry Kamran Qureshi,"House 67, Street 7, Satellite Town, Quetta",Quetta,Balochistan,2018-05-20,AB3281941,Family Visit,London,SereneAir,536532,1478172,2014704
TRV-2026-598454,33100-1000308-6,Kamran Qureshi,"House 67, Street 7, Satellite Town, Quetta",Quetta,Balochistan,2026-11-20,XY3439490,Business,Doha,Emirates,136707,600043,736750
TRV-2017-440536,33100-1001814-8,N. Hussain,"House 874, Street 26, F-10, Islamabad",Islamabad,Islamabad,2017-11-21,CD3734730,International,Dubai,SereneAir,589692,1247939,1837631
TRV-2022-319736,17301-1000537-9,U. Farooq,"House 789, Street 11, Auto Bhan, Hyderabad",Hyderabad,Sindh,2022-06-29,PK8873461,Umrah,Baku,Qatar Airways,707264,262477,969741
TRV-2019-299115,17301-1000537-9,Umer Farooq,"House 789, Street 11, Auto Bhan, Hyderabad",Hyderabad,Sindh,2019-08-25,CD1675181,Business,Doha,PIA,469610,684725,1154335
TRV-2025-771862,17301-1000537-9,Chaudhry Umer Farooq,"House 789, Street 11, Auto Bhan, Hyderabad",Hyderabad,Sindh,2025-12-07,CD7139997,Tourism,Dubai,Turkish Airlines,199533,1220604,1420137
TRV-2018-182252,42101-1000248-6,Hassan Khan,"House 896, Street 6, Cantt, Quetta",Quetta,Balochistan,2018-07-27,CD1578113,International,Istanbul,PIA,466934,224073,691007
TRV-2019-882447,42101-1000248-6,Hassan Khan,"House 896, Street 6, Cantt, Quetta",Quetta,Balochistan,2019-02-13,PK6556368,Tourism,Bangkok,SereneAir,98586,561371,659957
TRV-2020-615365,42101-1000240-0,H. Ghani,"House 832, Street 5, Canal Road, Faisalabad",Faisalabad,Punjab,2020-12-04,CD8378060,International,Riyadh,SereneAir,313028,894868,1207896
TRV-2024-576660,54400-1000670-0,Chaudhry Usman Malik,"House 749, Street 28, Hayatabad, Peshawar",Peshawar,KPK,2024-07-29,XY8417382,Tourism,Kuala Lumpur,PIA,886828,1125727,2012555
TRV-2016-385182,45501-1001145-5,Sara Ahmed Sahib,"House 932, Street 26, Bahria Town, Lahore",Lahore,Punjab,2016-03-17,XY1701464,International,Riyadh,Qatar Airways,538637,560940,1099577
TRV-2016-853906,45501-1001145-5,S. Ahmed,"House 932, Street 26, Bahria Town, Lahore",Lahore,Punjab,2016-08-31,AB8392146,Business,Jeddah,PIA,129144,1377579,1506723
TRV-2019-395713,45501-1001145-5,Sara Ahmed Sahib,"House 932, Street 26, Bahria Town, Lahore",Lahore,Punjab,2019-08-16,CD6325064,International,Baku,PIA,579189,208860,788049
TRV-2025-356002,45501-1001756-2,Chaudhry Hamza Sheikh,"House 728, Street 14, Military Road, Sukkur",Sukkur,Sindh,2025-12-03,CD9374592,Tourism,Doha,Airblue,194679,1312044,1506723
TRV-2019-159910,42101-1001454-8,Rabia Noor,"House 316, Street 19, Military Road, Sukkur",Sukkur,Sindh,2019-12-23,AB7984395,Tourism,Bangkok,PIA,867298,1283782,2151080
TRV-2020-787039,54400-1000586-2,Mariam Malik Sahib,"House 812, Street 33, Satellite Town, Gujranwala",Gujranwala,Punjab,2020-03-11,XY2309095,Tourism,Abu Dhabi,PIA,451163,1424891,1876054
TRV-2020-616583,54400-1000586-2,Mariam Malik,"House 812, Street 33, Satellite Town, Gujranwala",Gujranwala,Punjab,2020-11-04,PK7534579,International,Abu Dhabi,PIA,104545,289271,393816
TRV-2026-648645,61101-1001945-5,I. Siddiqui,"House 511, Street 9, Rohri, Sukkur",Sukkur,Sindh,2026-06-18,CD8590630,Umrah,London,Emirates,381837,828823,1210660
TRV-2020-590632,54400-1000851-7,S. Qureshi,"House 596, Street 2, Queens Road, Sukkur",Sukkur,Sindh,2020-04-23,PK7893060,International,Baku,Turkish Airlines,466944,1135023,1601967
TRV-2024-943205,54400-1000694-8,N. Hussain,"House 634, Street 28, F-10, Islamabad",Islamabad,Islamabad,2024-11-28,AB3031246,Tourism,Doha,Qatar Airways,415508,660552,1076060
TRV-2016-850702,54400-1000694-8,Nida Hussain,"House 634, Street 28, F-10, Islamabad",Islamabad,Islamabad,2016-06-18,XY8025273,Umrah,Istanbul,Emirates,321549,725108,1046657
TRV-2021-124275,33100-1000513-1,Asad Iqbal,"House 406, Street 2, Madina Town, Faisalabad",Faisalabad,Punjab,2021-08-21,CD1336526,Business,Abu Dhabi,Saudia,432097,1132247,1564344
TRV-2022-230021,45501-1000251-7,Chaudhry Hamza Sheikh,"House 584, Street 21, Saddar, Hyderabad",Hyderabad,Sindh,2022-01-12,XY1246681,International,Baku,SereneAir,615105,576833,1191938
TRV-2018-162040,45501-1000251-7,Hamza Sheikh,"House 584, Street 21, Saddar, Hyderabad",Hyderabad,Sindh,2018-02-22,CD5025100,Umrah,Jeddah,PIA,178444,1374981,1553425
TRV-2026-661322,17301-1001793-1,Chaudhry Fatima Ali,"House 319, Street 34, Brewery Road, Quetta",Quetta,Balochistan,2026-03-04,PK7946222,Tourism,Abu Dhabi,Qatar Airways,220044,886793,1106837
TRV-2022-670090,17301-1001793-1,Fatima Ali,"House 319, Street 34, Brewery Road, Quetta",Quetta,Balochistan,2022-10-22,CD2140708,International,Kuala Lumpur,Qatar Airways,886120,928882,1815002
TRV-2025-784922,17301-1001793-1,Fatima Ali Sahib,"House 319, Street 34, Brewery Road, Quetta",Quetta,Balochistan,2025-06-19,AB3154171,Tourism,Riyadh,Saudia,115968,451199,567167
TRV-2026-252920,33100-1000024-8,Laiba Khan Sahib,"House 585, Street 22, Nazimabad, Karachi",Karachi,Sindh,2026-06-13,PK4216740,Family Visit,Dubai,Airblue,197922,1198949,1396871
TRV-2019-346755,35202-1000302-4,M. Akhtar,"House 502, Street 9, Gulshan-e-Iqbal, Karachi",Karachi,Sindh,2019-02-04,PK7108354,Business,Doha,Turkish Airlines,504270,1211199,1715469
TRV-2025-109033,35202-1000302-4,Muneeb Akhtar Sahib,"House 502, Street 9, Gulshan-e-Iqbal, Karachi",Karachi,Sindh,2025-12-10,PK6750238,Tourism,Dubai,Turkish Airlines,277273,415405,692678
TRV-2017-531384,35202-1000302-4,Chaudhry Muneeb Akhtar,"House 502, Street 9, Gulshan-e-Iqbal, Karachi",Karachi,Sindh,2017-05-02,AB4922839,Family Visit,Kuala Lumpur,SereneAir,316415,1118448,1434863
TRV-2023-149153,33100-1000816-2,Saad Qureshi,"House 705, Street 27, Nazimabad, Karachi",Karachi,Sindh,2023-12-15,XY6483572,Family Visit,London,Emirates,276745,910894,1187639
TRV-2019-572133,17301-1000137-9,Khalid Malik,"House 336, Street 4, Satellite Town, Quetta",Quetta,Balochistan,2019-03-19,CD8653551,International,Istanbul,SereneAir,680453,691496,1371949
TRV-2021-414633,17301-1000137-9,Khalid Malik,"House 336, Street 4, Satellite Town, Quetta",Quetta,Balochistan,2021-09-18,PK3001475,Family Visit,Kuala Lumpur,Emirates,269027,353174,622201
TRV-2026-695680,61101-1001152-4,K. Malik,"House 687, Street 7, Jinnah Town, Quetta",Quetta,Balochistan,2026-08-01,XY4495452,International,Jeddah,SereneAir,810974,674900,1485874
TRV-2025-739029,54400-1000903-1,Chaudhry Kamran Qureshi,"House 105, Street 9, Satellite Town, Gujranwala",Gujranwala,Punjab,2025-06-05,AB2535979,International,Riyadh,Qatar Airways,827445,899947,1727392
TRV-2017-251832,61101-1001228-6,Chaudhry Hassan Khan,"House 509, Street 19, Bahadurabad, Karachi",Karachi,Sindh,2017-03-27,CD2476210,Business,Dubai,Turkish Airlines,530480,226013,756493
TRV-2019-185748,61101-1001228-6,Hassan Khan,"House 509, Street 19, Bahadurabad, Karachi",Karachi,Sindh,2019-01-27,PK2132770,Umrah,Doha,PIA,534641,1402377,1937018
TRV-2024-916242,61101-1001228-6,H. Khan,"House 509, Street 19, Bahadurabad, Karachi",Karachi,Sindh,2024-06-21,PK5901624,Tourism,Istanbul,Qatar Airways,487410,920228,1407638
TRV-2026-685476,61101-1001045-5,H. Ghani,"House 388, Street 35, Satellite Town, Quetta",Quetta,Balochistan,2026-08-16,XY1484251,Umrah,Baku,PIA,576362,209923,786285
TRV-2021-970839,61101-1001045-5,H. Ghani,"House 388, Street 35, Satellite Town, Quetta",Quetta,Balochistan,2021-01-15,AB9065691,International,Abu Dhabi,SereneAir,137837,542256,680093
TRV-2020-468190,33100-1000449-3,Chaudhry Nida Hussain,"House 162, Street 17, Clifton, Karachi",Karachi,Sindh,2020-01-06,XY1637159,International,Riyadh,Turkish Airlines,868757,1197733,2066490
TRV-2025-937735,33100-1000449-3,Chaudhry Nida Hussain,"House 162, Street 17, Clifton, Karachi",Karachi,Sindh,2025-11-11,PK3914121,Tourism,Bangkok,PIA,448256,819043,1267299
TRV-2021-949823,42101-1000707-9,Chaudhry Ayesha Khan,"House 924, Street 12, Gulgasht, Multan",Multan,Punjab,2021-12-26,AB5530369,Business,Doha,Saudia,224121,1277991,1502112
TRV-2023-600190,35202-1001822-4,Ali Raza,"House 212, Street 24, Chaklala, Rawalpindi",Rawalpindi,Punjab,2023-05-23,AB1945978,International,Riyadh,SereneAir,330018,728584,1058602
TRV-2021-880468,35202-1001822-4,Ali Raza,"House 212, Street 24, Chaklala, Rawalpindi",Rawalpindi,Punjab,2021-01-11,AB3709985,Tourism,Abu Dhabi,Turkish Airlines,676629,257548,934177
TRV-2026-989104,35202-1001822-4,A. Raza,"House 212, Street 24, Chaklala, Rawalpindi",Rawalpindi,Punjab,2026-02-17,CD5349637,Family Visit,Dubai,Emirates,789226,137399,926625
TRV-2018-392660,35202-1000080-0,Zainab Ahmed Sahib,"House 687, Street 26, Hayatabad, Peshawar",Peshawar,KPK,2018-03-22,PK3140504,Family Visit,Riyadh,Qatar Airways,425255,384528,809783
TRV-2023-516204,33100-1001963-1,Hassan Khan,"House 452, Street 1, Bosan Road, Multan",Multan,Punjab,2023-03-23,PK3578417,International,Bangkok,SereneAir,164958,519079,684037
TRV-2021-476573,42101-1001057-9,Chaudhry Ayesha Khan,"House 610, Street 5, Samungli Road, Quetta",Quetta,Balochistan,2021-11-03,AB4672196,Umrah,Abu Dhabi,Airblue,440063,1013106,1453169
TRV-2024-648900,42101-1001589-3,Chaudhry Nimra Aslam,"House 391, Street 18, Civil Lines, Gujranwala",Gujranwala,Punjab,2024-09-26,PK6185216,Umrah,Abu Dhabi,Qatar Airways,861221,1045959,1907180
TRV-2019-302500,42101-1001589-3,N. Aslam,"House 391, Street 18, Civil Lines, Gujranwala",Gujranwala,Punjab,2019-10-19,CD2191284,International,Dubai,PIA,499084,222546,721630
TRV-2020-751581,17301-1000260-0,Chaudhry Danish Butt,"House 312, Street 6, Peoples Colony, Gujranwala",Gujranwala,Punjab,2020-04-02,PK9215442,Tourism,London,SereneAir,540693,676742,1217435
TRV-2026-618875,17301-1000260-0,Chaudhry Danish Butt,"House 312, Street 6, Peoples Colony, Gujranwala",Gujranwala,Punjab,2026-02-17,CD4562463,Business,Riyadh,SereneAir,684061,340466,1024527
TRV-2025-326764,17301-1000151-7,Saad Qureshi,"House 62, Street 7, Gulshan-e-Iqbal, Karachi",Karachi,Sindh,2025-05-17,AB7122742,Business,Abu Dhabi,Saudia,371242,327673,698915
TRV-2017-770106,17301-1000151-7,Saad Qureshi,"House 62, Street 7, Gulshan-e-Iqbal, Karachi",Karachi,Sindh,2017-05-28,XY5113601,Family Visit,Dubai,SereneAir,204903,208865,413768
TRV-2025-197927,17301-1000151-7,Saad Qureshi Sahib,"House 62, Street 7, Gulshan-e-Iqbal, Karachi",Karachi,Sindh,2025-07-11,CD6430728,International,Kuala Lumpur,Emirates,257300,1119966,1377266
TRV-2019-227406,61101-1001538-6,Shazia Butt,"House 435, Street 26, Cantt, Multan",Multan,Punjab,2019-08-11,AB9988137,Business,Kuala Lumpur,SereneAir,136511,719039,855550
TRV-2017-429857,61101-1001538-6,Shazia Butt,"House 435, Street 26, Cantt, Multan",Multan,Punjab,2017-08-13,XY1043252,Business,Kuala Lumpur,Saudia,101642,1460199,1561841
TRV-2026-700829,61101-1001538-6,S. Butt,"House 435, Street 26, Cantt, Multan",Multan,Punjab,2026-05-01,XY3330711,Family Visit,Istanbul,Airblue,479749,409395,889144
TRV-2022-178806,61101-1001538-6,Chaudhry Shazia Butt,"House 435, Street 26, Cantt, Multan",Multan,Punjab,2022-12-21,PK6888750,Tourism,Jeddah,Qatar Airways,104079,1297210,1401289
TRV-2021-252999,61101-1000990-0,Zainab Ahmed,"House 260, Street 29, Latifabad, Hyderabad",Hyderabad,Sindh,2021-08-24,PK3328830,Tourism,Istanbul,Emirates,780565,177132,957697
TRV-2023-992249,42101-1000555-5,Chaudhry Huma Ghani,"House 486, Street 19, Hayatabad, Peshawar",Peshawar,KPK,2023-07-15,XY9507162,Umrah,Istanbul,Emirates,494061,1069553,1563614
TRV-2023-907037,33100-1001976-2,Fahad Mirza,"House 905, Street 28, Bahadurabad, Karachi",Karachi,Sindh,2023-06-14,PK5958300,Family Visit,Abu Dhabi,Saudia,147968,511731,659699
TRV-2023-641020,33100-1001976-2,Fahad Mirza,"House 905, Street 28, Bahadurabad, Karachi",Karachi,Sindh,2023-09-13,CD3365502,International,Riyadh,SereneAir,247554,1067989,1315543
TRV-2021-626952,33100-1001976-2,F. Mirza,"House 905, Street 28, Bahadurabad, Karachi",Karachi,Sindh,2021-12-01,AB1268254,International,Baku,Emirates,248667,1266372,1515039
TRV-2019-999850,35202-1000294-8,Nimra Aslam Sahib,"House 543, Street 31, Hussainabad, Hyderabad",Hyderabad,Sindh,2019-09-09,PK7241992,Business,Bangkok,Emirates,208879,641454,850333
TRV-2019-684796,54400-1001674-8,N. Hussain,"House 614, Street 2, Nazimabad, Karachi",Karachi,Sindh,2019-04-21,PK6571868,Umrah,Bangkok,Emirates,199087,424381,623468
TRV-2016-912496,54400-1001674-8,Nida Hussain,"House 614, Street 2, Nazimabad, Karachi",Karachi,Sindh,2016-05-23,XY8356704,International,Dubai,Saudia,601795,1364023,1965818
TRV-2020-200979,54400-1001674-8,Nida Hussain Sahib,"House 614, Street 2, Nazimabad, Karachi",Karachi,Sindh,2020-05-05,AB4688206,Family Visit,Dubai,PIA,117089,1295252,1412341
TRV-2022-648728,17301-1000636-2,H. Sheikh,"House 443, Street 3, Peoples Colony, Gujranwala",Gujranwala,Punjab,2022-06-07,CD6844641,Umrah,Jeddah,Qatar Airways,691578,1486619,2178197
TRV-2017-144271,33100-1000758-6,Asad Iqbal Sahib,"House 317, Street 26, Satellite Town, Rawalpindi",Rawalpindi,Punjab,2017-10-03,CD2946336,Umrah,Riyadh,Qatar Airways,407048,151988,559036
TRV-2023-728058,33100-1000758-6,Asad Iqbal Sahib,"House 317, Street 26, Satellite Town, Rawalpindi",Rawalpindi,Punjab,2023-07-01,XY9775103,International,Abu Dhabi,Qatar Airways,294395,724356,1018751
TRV-2022-325912,35202-1001523-1,Kashif Javed,"House 925, Street 24, Jinnah Town, Quetta",Quetta,Balochistan,2022-09-30,CD2945112,Tourism,Jeddah,Turkish Airlines,504754,297710,802464
TRV-2023-150703,35202-1001523-1,K. Javed,"House 925, Street 24, Jinnah Town, Quetta",Quetta,Balochistan,2023-01-27,CD1986567,Business,Baku,Saudia,407523,560034,967557
TRV-2023-110336,42101-1001653-1,F. Ali,"House 509, Street 13, DHA Phase 2, Islamabad",Islamabad,Islamabad,2023-04-24,AB8277766,Tourism,Abu Dhabi,Airblue,495117,683675,1178792
TRV-2020-286251,35202-1000376-2,M. Malik,"House 679, Street 9, Gulberg, Faisalabad",Faisalabad,Punjab,2020-08-05,XY8942902,International,Riyadh,Emirates,90778,558327,649105
TRV-2016-704292,54400-1001941-7,Fahad Mirza,"House 505, Street 28, Johar Town, Lahore",Lahore,Punjab,2016-02-20,CD5846764,Umrah,Doha,Qatar Airways,468382,566819,1035201
TRV-2025-119255,33100-1000004-8,Chaudhry Bilal Ahmed,"House 99, Street 25, Hayatabad, Peshawar",Peshawar,KPK,2025-11-15,XY6317084,Umrah,Kuala Lumpur,Turkish Airlines,298543,1132099,1430642
TRV-2018-832640,42101-1001914-8,Laiba Khan,"House 951, Street 14, Cantt, Multan",Multan,Punjab,2018-07-06,PK6844256,Business,London,Saudia,175373,1165825,1341198
TRV-2021-382042,33100-1000817-9,Umer Farooq,"House 350, Street 10, Satellite Town, Quetta",Quetta,Balochistan,2021-11-30,XY8197311,Umrah,Jeddah,PIA,844085,1287465,2131550
TRV-2025-831833,33100-1000817-9,U. Farooq,"House 350, Street 10, Satellite Town, Quetta",Quetta,Balochistan,2025-08-22,AB4876231,Umrah,Baku,PIA,95842,100390,196232
TRV-2016-401952,35202-1001657-9,Chaudhry Umer Farooq,"House 244, Street 15, Warsak Road, Peshawar",Peshawar,KPK,2016-02-24,XY8998254,Tourism,Doha,Qatar Airways,150442,799223,949665
TRV-2016-825283,35202-1001657-9,Umer Farooq,"House 244, Street 15, Warsak Road, Peshawar",Peshawar,KPK,2016-11-25,AB3946281,Umrah,Bangkok,Saudia,307415,452351,759766
TRV-2018-820288,35202-1001657-9,Chaudhry Umer Farooq,"House 244, Street 15, Warsak Road, Peshawar",Peshawar,KPK,2018-04-30,AB3462167,Tourism,Bangkok,Emirates,450534,677937,1128471
TRV-2024-377389,54400-1000157-9,Maham Tariq Sahib,"House 236, Street 20, Samungli Road, Quetta",Quetta,Balochistan,2024-02-11,AB3688435,Umrah,Abu Dhabi,Qatar Airways,679190,1115432,1794622
TRV-2016-185969,42101-1000595-5,Waseem Akram,"House 950, Street 7, People Colony, Faisalabad",Faisalabad,Punjab,2016-09-12,XY3422599,Business,Jeddah,Emirates,206725,1466826,1673551
TRV-2019-485017,45501-1001365-5,Waseem Akram,"House 666, Street 8, Queens Road, Sukkur",Sukkur,Sindh,2019-04-08,PK3162332,Family Visit,Riyadh,Turkish Airlines,862773,590128,1452901
TRV-2016-498895,42101-1000224-8,Chaudhry Nimra Aslam,"House 75, Street 15, Bahria Town, Rawalpindi",Rawalpindi,Punjab,2016-10-24,CD8568568,Tourism,Baku,Turkish Airlines,639265,1326890,1966155
TRV-2018-189561,35202-1001419-3,R. Noor,"House 873, Street 14, Rohri, Sukkur",Sukkur,Sindh,2018-08-23,AB7916315,Family Visit,Bangkok,Airblue,333088,662623,995711
TRV-2021-657875,35202-1001419-3,Rabia Noor Sahib,"House 873, Street 14, Rohri, Sukkur",Sukkur,Sindh,2021-09-07,PK8423166,Family Visit,Doha,PIA,706354,552244,1258598
TRV-2024-447542,54400-1001126-2,Hamza Sheikh Sahib,"House 53, Street 26, Model Town, Lahore",Lahore,Punjab,2024-08-21,CD8852138,Family Visit,Baku,Qatar Airways,397976,891183,1289159
TRV-2019-122889,42101-1001593-1,K. Javed,"House 638, Street 30, Hussainabad, Hyderabad",Hyderabad,Sindh,2019-08-03,CD2723878,Umrah,Doha,Emirates,833730,79410,913140
TRV-2026-394054,42101-1001593-1,Chaudhry Kashif Javed,"House 638, Street 30, Hussainabad, Hyderabad",Hyderabad,Sindh,2026-05-01,PK6982845,Family Visit,Abu Dhabi,SereneAir,145211,671352,816563
TRV-2018-547439,61101-1001586-2,Chaudhry Saad Qureshi,"House 948, Street 17, Hussainabad, Hyderabad",Hyderabad,Sindh,2018-11-21,CD3900047,Business,Baku,SereneAir,219683,883320,1103003
TRV-2020-743826,61101-1001586-2,Saad Qureshi,"House 948, Street 17, Hussainabad, Hyderabad",Hyderabad,Sindh,2020-07-08,AB1374105,International,Jeddah,Emirates,667174,1321774,1988948
TRV-2021-214939,61101-1001586-2,Saad Qureshi,"House 948, Street 17, Hussainabad, Hyderabad",Hyderabad,Sindh,2021-11-14,PK8967967,Business,Jeddah,Saudia,712693,283400,996093
TRV-2024-131578,33100-1001965-5,Usman Malik,"House 437, Street 17, Military Road, Sukkur",Sukkur,Sindh,2024-02-09,PK5999096,International,Istanbul,Qatar Airways,606881,1053293,1660174
TRV-2021-415204,33100-1001965-5,Usman Malik,"House 437, Street 17, Military Road, Sukkur",Sukkur,Sindh,2021-02-22,XY7780184,Business,Abu Dhabi,Qatar Airways,888477,1430780,2319257
TRV-2021-967732,33100-1000090-0,Chaudhry Imran Siddiqui,"House 12, Street 19, Qasimabad, Hyderabad",Hyderabad,Sindh,2021-02-23,XY6693836,Business,Jeddah,Airblue,479872,1008951,1488823
TRV-2020-457761,33100-1000090-0,Imran Siddiqui,"House 12, Street 19, Qasimabad, Hyderabad",Hyderabad,Sindh,2020-04-24,AB7669893,Tourism,Baku,Turkish Airlines,696777,390251,1087028
TRV-2018-211561,33100-1000090-0,I. Siddiqui,"House 12, Street 19, Qasimabad, Hyderabad",Hyderabad,Sindh,2018-07-20,PK2351447,Family Visit,Riyadh,SereneAir,274960,885855,1160815
TRV-2020-248487,33100-1000090-0,Imran Siddiqui,"House 12, Street 19, Qasimabad, Hyderabad",Hyderabad,Sindh,2020-04-04,CD7984414,Tourism,Bangkok,Qatar Airways,176976,1155392,1332368
TRV-2024-286338,45501-1001816-2,Chaudhry Naveed Raza,"House 940, Street 21, PWD, Rawalpindi",Rawalpindi,Punjab,2024-12-24,XY5088297,Family Visit,London,Airblue,338889,1141217,1480106
TRV-2026-909870,45501-1001816-2,Naveed Raza,"House 940, Street 21, PWD, Rawalpindi",Rawalpindi,Punjab,2026-03-20,AB7606961,Tourism,Bangkok,PIA,212728,1225517,1438245
TRV-2019-149449,17301-1001531-7,Chaudhry Mariam Malik,"House 317, Street 4, Military Road, Sukkur",Sukkur,Sindh,2019-02-20,XY6656642,Tourism,Jeddah,PIA,470630,577230,1047860
TRV-2016-877051,35202-1000354-8,Bilal Ahmed,"House 107, Street 15, Brewery Road, Quetta",Quetta,Balochistan,2016-08-26,PK4271925,Tourism,London,SereneAir,326145,274216,600361
TRV-2022-807789,42101-1000783-1,Hira Shah,"House 184, Street 3, Latifabad, Hyderabad",Hyderabad,Sindh,2022-06-08,AB3162129,Tourism,Abu Dhabi,PIA,868622,208308,1076930
TRV-2019-917234,42101-1000783-1,Hira Shah,"House 184, Street 3, Latifabad, Hyderabad",Hyderabad,Sindh,2019-12-17,XY6526940,Umrah,Kuala Lumpur,Qatar Airways,377921,1067943,1445864
TRV-2026-824154,42101-1000783-1,Chaudhry Hira Shah,"House 184, Street 3, Latifabad, Hyderabad",Hyderabad,Sindh,2026-03-18,AB9094249,International,Dubai,Emirates,192632,1386731,1579363
TRV-2016-991554,61101-1000934-8,Laiba Khan,"House 223, Street 1, Gulgasht, Multan",Multan,Punjab,2016-02-08,PK6850661,Business,Istanbul,SereneAir,354437,348974,703411
TRV-2019-153842,61101-1000934-8,Laiba Khan,"House 223, Street 1, Gulgasht, Multan",Multan,Punjab,2019-07-11,XY3991938,International,Doha,Turkish Airlines,113126,540253,653379
TRV-2017-722551,61101-1000934-8,L. Khan,"House 223, Street 1, Gulgasht, Multan",Multan,Punjab,2017-03-08,CD5073082,Family Visit,Kuala Lumpur,Emirates,423553,267421,690974
TRV-2020-892681,33100-1001646-2,M. Ahmed,"House 190, Street 29, DHA Phase 6, Karachi",Karachi,Sindh,2020-01-24,CD4555909,Business,Kuala Lumpur,PIA,628960,456717,1085677
TRV-2026-718401,54400-1000530-0,U. Malik,"House 606, Street 2, Madina Town, Faisalabad",Faisalabad,Punjab,2026-09-30,AB5664408,Umrah,Dubai,PIA,695348,159432,854780
TRV-2020-953983,45501-1000234-8,L. Khan,"House 500, Street 16, Jinnah Town, Quetta",Quetta,Balochistan,2020-03-02,PK1754596,Family Visit,Jeddah,Emirates,93868,1414946,1508814
TRV-2018-387877,33100-1001019-3,Bilal Ahmed,"House 995, Street 7, DHA Phase 5, Lahore",Lahore,Punjab,2018-08-30,CD3234158,International,Doha,SereneAir,862277,674104,1536381
TRV-2025-517485,42101-1001096-2,Saad Qureshi Sahib,"House 792, Street 20, G-11, Islamabad",Islamabad,Islamabad,2025-10-15,CD9705673,Umrah,Jeddah,Saudia,272456,789749,1062205
TRV-2021-632571,42101-1001096-2,S. Qureshi,"House 792, Street 20, G-11, Islamabad",Islamabad,Islamabad,2021-06-25,XY5058883,Business,Dubai,Emirates,353619,895992,1249611
TRV-2025-529303,35202-1000588-6,Kamran Qureshi,"House 648, Street 5, Auto Bhan, Hyderabad",Hyderabad,Sindh,2025-07-10,CD1138809,International,Dubai,Saudia,357853,472276,830129
TRV-2018-204913,17301-1001102-4,M. Tariq,"House 850, Street 25, DHA Multan, Multan",Multan,Punjab,2018-10-05,CD1810497,Business,Baku,PIA,274430,205290,479720
TRV-2024-468818,61101-1000601-7,Chaudhry Hamza Sheikh,"House 766, Street 22, Gulshan-e-Iqbal, Karachi",Karachi,Sindh,2024-10-27,XY2891495,Umrah,Kuala Lumpur,Airblue,124115,684093,808208
TRV-2026-107847,54400-1000301-7,Taha Hussain,"House 521, Street 4, Saddar, Peshawar",Peshawar,KPK,2026-08-04,PK4443508,International,Jeddah,PIA,558326,839281,1397607
TRV-2020-125489,33100-1001567-9,Ahmed Baig Sahib,"House 711, Street 20, Chaklala, Rawalpindi",Rawalpindi,Punjab,2020-02-16,CD2417734,International,Istanbul,Saudia,546192,639502,1185694
TRV-2024-395154,35202-1001223-1,S. Butt,"House 18, Street 21, Bahadurabad, Karachi",Karachi,Sindh,2024-02-15,AB5204686,International,Kuala Lumpur,SereneAir,635255,915440,1550695
TRV-2018-467146,33100-1001361-7,Chaudhry Naveed Raza,"House 878, Street 4, Satellite Town, Gujranwala",Gujranwala,Punjab,2018-10-09,AB3002402,International,Bangkok,SereneAir,307140,1302334,1609474
TRV-2019-911642,33100-1001361-7,Naveed Raza,"House 878, Street 4, Satellite Town, Gujranwala",Gujranwala,Punjab,2019-03-04,PK8049790,Umrah,Kuala Lumpur,Saudia,809542,984139,1793681
TRV-2021-807819,33100-1001361-7,N. Raza,"House 878, Street 4, Satellite Town, Gujranwala",Gujranwala,Punjab,2021-10-31,PK6756936,Umrah,Riyadh,Qatar Airways,661902,319625,981527
TRV-2025-506887,33100-1001361-7,Chaudhry Naveed Raza,"House 878, Street 4, Satellite Town, Gujranwala",Gujranwala,Punjab,2025-03-08,XY4271663,Tourism,Bangkok,Turkish Airlines,735002,1156508,1891510
TRV-2023-434273,45501-1001773-1,Asad Iqbal,"House 716, Street 20, E-11, Islamabad",Islamabad,Islamabad,2023-01-18,PK9178433,Umrah,Baku,SereneAir,480273,204682,684955
TRV-2021-863434,45501-1001773-1,Asad Iqbal Sahib,"House 716, Street 20, E-11, Islamabad",Islamabad,Islamabad,2021-12-04,XY3518755,Family Visit,Dubai,Airblue,415608,1339032,1754640
TRV-2021-993987,33100-1000657-9,Ahmed Baig,"House 859, Street 16, Gulbahar, Peshawar",Peshawar,KPK,2021-04-14,AB5108376,Business,London,Qatar Airways,678409,559858,1238267
TRV-2016-955958,42101-1000144-8,Bilal Ahmed Sahib,"House 581, Street 9, Bahadurabad, Karachi",Karachi,Sindh,2016-12-27,CD3900153,Business,Jeddah,PIA,816410,303747,1120157
TRV-2022-123116,61101-1001183-1,K. Qureshi,"House 520, Street 13, Military Road, Sukkur",Sukkur,Sindh,2022-07-10,AB2114639,Tourism,Bangkok,Saudia,311577,1195943,1507520
TRV-2019-908595,42101-1001997-9,Ali Raza,"House 775, Street 2, Bahria Enclave, Islamabad",Islamabad,Islamabad,2019-11-17,PK7908597,Family Visit,Istanbul,Turkish Airlines,827038,1376294,2203332
TRV-2017-630936,42101-1001997-9,Ali Raza,"House 775, Street 2, Bahria Enclave, Islamabad",Islamabad,Islamabad,2017-04-15,CD7794354,Tourism,Bangkok,Qatar Airways,756739,1449270,2206009
TRV-2016-576876,35202-1001902-4,Umer Farooq,"House 987, Street 33, Queens Road, Sukkur",Sukkur,Sindh,2016-10-04,PK4402032,Tourism,Istanbul,Qatar Airways,867185,931778,1798963
TRV-2020-490121,45501-1001280-0,I. Siddiqui,"House 991, Street 17, Saddar, Hyderabad",Hyderabad,Sindh,2020-04-12,XY8733603,Umrah,Riyadh,Airblue,475242,726195,1201437
TRV-2018-854375,33100-1001698-6,Kashif Javed Sahib,"House 263, Street 7, PWD, Rawalpindi",Rawalpindi,Punjab,2018-10-14,AB9696802,Business,Abu Dhabi,Turkish Airlines,583896,54498,638394
TRV-2026-394984,45501-1000444-8,Laiba Khan,"House 147, Street 15, Nazimabad, Karachi",Karachi,Sindh,2026-08-08,PK6386092,Business,Dubai,Turkish Airlines,699421,427905,1127326
TRV-2019-535012,45501-1000444-8,Chaudhry Laiba Khan,"House 147, Street 15, Nazimabad, Karachi",Karachi,Sindh,2019-05-12,XY5994653,Umrah,Dubai,Airblue,669367,243728,913095
TRV-2023-976779,61101-1001036-2,Taha Hussain,"House 669, Street 1, DHA Phase 5, Lahore",Lahore,Punjab,2023-05-17,XY6212443,International,Dubai,Saudia,499209,1254044,1753253
TRV-2025-628793,61101-1001036-2,Taha Hussain,"House 669, Street 1, DHA Phase 5, Lahore",Lahore,Punjab,2025-12-23,CD4771122,Umrah,Bangkok,Saudia,443248,755639,1198887
TRV-2016-923235,45501-1000558-6,Shazia Butt,"House 819, Street 8, Latifabad, Hyderabad",Hyderabad,Sindh,2016-09-29,AB3085651,Umrah,Bangkok,Airblue,453886,714105,1167991
TRV-2023-560138,54400-1001987-9,Ahmed Baig,"House 280, Street 33, University Road, Peshawar",Peshawar,KPK,2023-06-09,XY7247122,Business,Bangkok,Qatar Airways,888217,1409387,2297604
TRV-2016-760585,54400-1001987-9,Ahmed Baig,"House 280, Street 33, University Road, Peshawar",Peshawar,KPK,2016-03-10,CD3666176,Family Visit,Riyadh,Turkish Airlines,584493,1113208,1697701
TRV-2026-673269,54400-1001987-9,Ahmed Baig,"House 280, Street 33, University Road, Peshawar",Peshawar,KPK,2026-01-05,PK5000390,Tourism,Doha,Airblue,542916,492108,1035024
TRV-2022-989250,42101-1000400-0,Chaudhry Danish Butt,"House 230, Street 22, Gulberg, Lahore",Lahore,Punjab,2022-09-28,CD3548663,Family Visit,Jeddah,Turkish Airlines,325855,449359,775214
TRV-2017-222384,54400-1001221-7,Naveed Raza,"House 586, Street 7, Queens Road, Sukkur",Sukkur,Sindh,2017-11-15,PK8622047,International,Baku,Airblue,494970,365092,860062
TRV-2020-554314,61101-1001113-1,Chaudhry Kamran Qureshi,"House 95, Street 6, Satellite Town, Quetta",Quetta,Balochistan,2020-03-19,AB7346402,Family Visit,Abu Dhabi,SereneAir,427715,1289687,1717402
TRV-2026-878819,61101-1001113-1,Chaudhry Kamran Qureshi,"House 95, Street 6, Satellite Town, Quetta",Quetta,Balochistan,2026-10-09,XY9015798,Business,London,SereneAir,480406,514160,994566
TRV-2019-983230,61101-1001378-6,Hira Shah,"House 918, Street 31, Satellite Town, Quetta",Quetta,Balochistan,2019-09-11,CD1536082,International,Jeddah,Saudia,828332,1332161,2160493
TRV-2025-295688,42101-1001837-9,Chaudhry Maham Tariq,"House 689, Street 26, Brewery Road, Quetta",Quetta,Balochistan,2025-05-28,AB9660996,Umrah,London,Emirates,596068,653919,1249987
TRV-2025-431145,42101-1001837-9,Chaudhry Maham Tariq,"House 689, Street 26, Brewery Road, Quetta",Quetta,Balochistan,2025-08-23,CD4949517,Family Visit,Istanbul,Emirates,300732,672215,972947
TRV-2017-517961,61101-1000430-0,Zainab Ahmed Sahib,"House 634, Street 12, Warsak Road, Peshawar",Peshawar,KPK,2017-05-05,AB6038506,Umrah,Jeddah,SereneAir,893705,1392675,2286380
TRV-2017-173511,35202-1000781-7,S. Qureshi,"House 988, Street 15, Brewery Road, Quetta",Quetta,Balochistan,2017-09-04,PK3914682,International,Istanbul,Airblue,820976,333360,1154336
TRV-2025-675689,54400-1001526-2,Taha Hussain,"House 26, Street 27, Hayatabad, Peshawar",Peshawar,KPK,2025-04-11,AB2606047,Tourism,Dubai,Emirates,180009,795574,975583
TRV-2021-376319,61101-1000001-7,Muhammad Ahmed,"House 99, Street 27, Gulshan-e-Iqbal, Karachi",Karachi,Sindh,2021-07-14,CD3153327,Tourism,Doha,Qatar Airways,149792,1013923,1163715
TRV-2019-747886,61101-1000886-2,Saad Qureshi,"House 885, Street 11, Bahria Town, Rawalpindi",Rawalpindi,Punjab,2019-06-01,XY5560047,Business,Dubai,Qatar Airways,896729,1362068,2258797
TRV-2024-400375,61101-1000886-2,Saad Qureshi,"House 885, Street 11, Bahria Town, Rawalpindi",Rawalpindi,Punjab,2024-06-18,XY5935428,Tourism,Istanbul,SereneAir,471617,135664,607281
TRV-2022-553667,61101-1000886-2,Saad Qureshi Sahib,"House 885, Street 11, Bahria Town, Rawalpindi",Rawalpindi,Punjab,2022-01-22,CD8496549,Tourism,Riyadh,Airblue,168549,840941,1009490
TRV-2025-527714,35202-1000039-3,Bilal Ahmed,"House 814, Street 31, Saddar, Hyderabad",Hyderabad,Sindh,2025-08-09,CD3672171,International,Riyadh,Saudia,699994,69312,769306
TRV-2025-417172,35202-1000039-3,B. Ahmed,"House 814, Street 31, Saddar, Hyderabad",Hyderabad,Sindh,2025-08-17,XY5541182,Umrah,Doha,Saudia,167354,154898,322252
TRV-2024-947250,61101-1000138-6,S. Butt,"House 464, Street 30, DHA Phase 5, Lahore",Lahore,Punjab,2024-04-09,AB3667635,International,Riyadh,PIA,782278,1332981,2115259
TRV-2017-680815,33100-1000630-0,Chaudhry Waseem Akram,"House 170, Street 25, DHA Phase 2, Islamabad",Islamabad,Islamabad,2017-01-13,CD3500346,International,Dubai,SereneAir,305231,592189,897420
TRV-2018-935326,33100-1000630-0,Chaudhry Waseem Akram,"House 170, Street 25, DHA Phase 2, Islamabad",Islamabad,Islamabad,2018-10-24,XY2720538,Business,Abu Dhabi,Qatar Airways,246938,236300,483238
TRV-2021-467121,42101-1000899-3,Laiba Khan Sahib,"House 784, Street 19, F-10, Islamabad",Islamabad,Islamabad,2021-07-25,PK7728132,Umrah,Jeddah,SereneAir,546764,176869,723633
TRV-2022-627403,33100-1000651-7,Taha Hussain,"House 925, Street 11, Auto Bhan, Hyderabad",Hyderabad,Sindh,2022-04-24,CD5470152,International,Baku,Emirates,894236,762274,1656510
TRV-2021-686834,35202-1000421-7,Muhammad Ahmed,"House 670, Street 16, Shah Rukn-e-Alam, Multan",Multan,Punjab,2021-12-01,AB6242894,International,Doha,PIA,884569,1415175,2299744
TRV-2018-609830,45501-1000274-8,Nida Hussain Sahib,"House 441, Street 32, F-10, Islamabad",Islamabad,Islamabad,2018-06-20,XY9063549,International,Baku,Airblue,437206,930515,1367721
TRV-2024-673165,45501-1000274-8,Nida Hussain,"House 441, Street 32, F-10, Islamabad",Islamabad,Islamabad,2024-11-11,AB2671398,Family Visit,Kuala Lumpur,Emirates,654564,1019959,1674523
TRV-2018-433172,61101-1001765-5,Chaudhry Danish Butt,"House 945, Street 7, Latifabad, Hyderabad",Hyderabad,Sindh,2018-02-08,PK4458885,Business,Doha,Airblue,432264,327086,759350
TRV-2017-682298,33100-1001550-0,Z. Ahmed,"House 743, Street 19, F-10, Islamabad",Islamabad,Islamabad,2017-06-24,AB2260580,Family Visit,Kuala Lumpur,Turkish Airlines,149195,385322,534517
TRV-2018-763256,33100-1001550-0,Chaudhry Zainab Ahmed,"House 743, Street 19, F-10, Islamabad",Islamabad,Islamabad,2018-08-11,CD7709695,Family Visit,Baku,Saudia,518277,1419217,1937494
TRV-2021-131441,42101-1001514-8,Sana Iqbal,"House 772, Street 30, Gulberg, Faisalabad",Faisalabad,Punjab,2021-10-22,AB9467394,Umrah,Dubai,Saudia,504251,1294031,1798282
TRV-2020-758449,42101-1001514-8,Chaudhry Sana Iqbal,"House 772, Street 30, Gulberg, Faisalabad",Faisalabad,Punjab,2020-04-07,CD6834278,Business,Baku,Saudia,510250,734104,1244354
TRV-2017-807327,42101-1001514-8,Chaudhry Sana Iqbal,"House 772, Street 30, Gulberg, Faisalabad",Faisalabad,Punjab,2017-05-19,AB6239177,Umrah,Bangkok,Airblue,83650,349794,433444
TRV-2023-712491,42101-1000686-2,Taha Hussain Sahib,"House 773, Street 5, DHA Phase 5, Lahore",Lahore,Punjab,2023-11-26,XY3124757,International,Riyadh,Saudia,133988,240943,374931
TRV-2019-678601,33100-1001692-4,Umer Farooq,"House 842, Street 10, Wapda Town, Gujranwala",Gujranwala,Punjab,2019-12-21,CD4105222,International,Baku,Emirates,266442,1020096,1286538
TRV-2018-981973,61101-1001640-0,Chaudhry Huma Ghani,"House 48, Street 10, Shah Rukn-e-Alam, Multan",Multan,Punjab,2018-08-05,PK1044065,Tourism,Abu Dhabi,SereneAir,826508,881478,1707986
TRV-2016-757910,35202-1000778-6,Fatima Ali,"House 989, Street 22, E-11, Islamabad",Islamabad,Islamabad,2016-09-01,PK4155900,International,Baku,Qatar Airways,260835,996401,1257236
TRV-2018-231704,54400-1001568-6,Kamran Qureshi,"House 338, Street 15, Gulberg, Faisalabad",Faisalabad,Punjab,2018-01-13,PK7521121,International,Doha,Saudia,873889,670231,1544120
TRV-2021-141793,54400-1001850-0,H. Ghani,"House 69, Street 24, Nazimabad, Karachi",Karachi,Sindh,2021-01-27,CD3789122,Business,Dubai,Saudia,551879,611708,1163587
TRV-2023-751266,45501-1001027-9,Umer Farooq,"House 546, Street 9, Bahria Town, Rawalpindi",Rawalpindi,Punjab,2023-03-07,AB7410857,Tourism,Istanbul,Airblue,623120,315760,938880
TRV-2025-449692,35202-1000054-8,Rabia Noor Sahib,"House 622, Street 3, DHA Multan, Multan",Multan,Punjab,2025-02-16,PK5777044,Tourism,Doha,Turkish Airlines,753549,355963,1109512
TRV-2017-115107,17301-1001759-3,S. Iqbal,"House 522, Street 30, DHA Phase 5, Lahore",Lahore,Punjab,2017-09-02,PK6574707,Umrah,Istanbul,Emirates,302923,1072393,1375316
TRV-2018-903035,17301-1001759-3,Chaudhry Sana Iqbal,"House 522, Street 30, DHA Phase 5, Lahore",Lahore,Punjab,2018-05-15,PK1220413,Business,Doha,Qatar Airways,149989,329973,479962
TRV-2020-542631,35202-1001106-2,Chaudhry Taha Hussain,"House 148, Street 23, Cantt, Multan",Multan,Punjab,2020-10-21,AB5358107,Family Visit,Riyadh,Emirates,677493,1485812,2163305
TRV-2020-647232,35202-1001106-2,Taha Hussain Sahib,"House 148, Street 23, Cantt, Multan",Multan,Punjab,2020-04-23,CD9296610,Tourism,Doha,Emirates,393138,1485057,1878195
TRV-2025-263995,61101-1000951-7,Hamza Sheikh,"House 461, Street 9, Bahria Town, Rawalpindi",Rawalpindi,Punjab,2025-04-13,XY2084513,Umrah,Baku,SereneAir,522463,345097,867560
TRV-2017-880785,35202-1001757-9,Ayesha Khan,"House 200, Street 25, Satellite Town, Quetta",Quetta,Balochistan,2017-05-02,AB1179486,Business,Riyadh,Qatar Airways,660195,1043576,1703771
TRV-2023-107618,35202-1001757-9,Ayesha Khan,"House 200, Street 25, Satellite Town, Quetta",Quetta,Balochistan,2023-09-01,XY1817763,Business,Baku,Turkish Airlines,560301,567768,1128069
TRV-2016-428866,54400-1000800-0,Huma Ghani,"House 65, Street 16, Bahria Town, Rawalpindi",Rawalpindi,Punjab,2016-08-18,AB9713367,International,Istanbul,Turkish Airlines,301916,330715,632631
TRV-2023-463592,45501-1001506-2,Chaudhry Muhammad Ahmed,"House 965, Street 34, Jinnah Town, Quetta",Quetta,Balochistan,2023-12-26,AB6194054,Family Visit,Baku,SereneAir,631128,984380,1615508
TRV-2016-399601,61101-1000571-7,S. Qureshi,"House 71, Street 13, Brewery Road, Quetta",Quetta,Balochistan,2016-07-30,CD8061063,Tourism,Jeddah,Emirates,217329,206084,423413
TRV-2017-602695,61101-1000571-7,Saad Qureshi,"House 71, Street 13, Brewery Road, Quetta",Quetta,Balochistan,2017-09-11,PK8387743,International,Baku,Airblue,384668,389935,774603
TRV-2023-364761,61101-1001529-3,Laiba Khan,"House 973, Street 35, Warsak Road, Peshawar",Peshawar,KPK,2023-07-02,XY7922438,International,Abu Dhabi,Airblue,349760,1311366,1661126
TRV-2017-541305,54400-1001470-0,Waseem Akram,"House 862, Street 21, Gulshan-e-Iqbal, Karachi",Karachi,Sindh,2017-06-20,AB4528956,Tourism,Baku,Emirates,162049,643593,805642
TRV-2022-632843,42101-1001572-4,Khalid Malik,"House 944, Street 31, Gulbahar, Peshawar",Peshawar,KPK,2022-01-06,PK1204107,Family Visit,Dubai,SereneAir,260240,886074,1146314
TRV-2016-857347,54400-1000008-6,F. Ali,"House 830, Street 31, Bosan Road, Multan",Multan,Punjab,2016-06-14,CD8805487,Umrah,Bangkok,Airblue,124801,295334,420135
TRV-2024-285844,61101-1000501-7,S. Qureshi,"House 516, Street 5, Jinnah Town, Quetta",Quetta,Balochistan,2024-10-28,PK1791672,Tourism,Kuala Lumpur,Airblue,220487,1180686,1401173
TRV-2020-257266,42101-1000207-9,Khalid Malik Sahib,"House 715, Street 5, Saddar, Rawalpindi",Rawalpindi,Punjab,2020-01-10,PK4997777,Business,Kuala Lumpur,Airblue,386930,562259,949189
TRV-2025-335912,42101-1000207-9,Chaudhry Khalid Malik,"House 715, Street 5, Saddar, Rawalpindi",Rawalpindi,Punjab,2025-06-18,AB6264366,Tourism,Dubai,PIA,211463,1119272,1330735
TRV-2021-582326,45501-1000423-1,Hassan Khan,"House 232, Street 28, Civil Lines, Gujranwala",Gujranwala,Punjab,2021-10-02,PK6178042,International,Kuala Lumpur,Airblue,808026,167345,975371
TRV-2022-847319,45501-1000423-1,Hassan Khan,"House 232, Street 28, Civil Lines, Gujranwala",Gujranwala,Punjab,2022-11-08,CD7961176,Business,Baku,Emirates,729814,213966,943780
TRV-2024-801764,33100-1000306-2,Chaudhry Mariam Malik,"House 890, Street 15, Auto Bhan, Hyderabad",Hyderabad,Sindh,2024-09-07,CD5358854,International,Riyadh,Airblue,372842,722052,1094894
TRV-2026-537659,45501-1001587-9,Chaudhry Umer Farooq,"House 329, Street 2, Bahadurabad, Karachi",Karachi,Sindh,2026-10-19,CD9245407,Umrah,Bangkok,Airblue,181899,85793,267692
TRV-2026-209435,45501-1001772-4,M. Akhtar,"House 527, Street 18, DHA Phase 2, Islamabad",Islamabad,Islamabad,2026-12-21,AB2262203,Family Visit,Istanbul,Emirates,774676,263837,1038513
TRV-2019-764593,61101-1001894-8,B. Ahmed,"House 49, Street 21, Rohri, Sukkur",Sukkur,Sindh,2019-05-19,AB8476857,Family Visit,Jeddah,Airblue,314926,167210,482136
TRV-2025-357909,35202-1001752-4,A. Raza,"House 11, Street 34, Chaklala, Rawalpindi",Rawalpindi,Punjab,2025-02-28,PK9822740,International,Doha,PIA,882952,1050368,1933320
TRV-2020-219922,61101-1001005-5,Sara Ahmed Sahib,"House 492, Street 19, Satellite Town, Quetta",Quetta,Balochistan,2020-01-29,AB8289099,Family Visit,Istanbul,PIA,370662,588203,958865
TRV-2016-637632,61101-1000633-1,Chaudhry Hassan Khan,"House 461, Street 25, Satellite Town, Rawalpindi",Rawalpindi,Punjab,2016-11-02,CD5968385,International,Abu Dhabi,Airblue,613259,504013,1117272
TRV-2021-821887,61101-1000710-0,Zainab Ahmed,"House 194, Street 22, Nazimabad, Karachi",Karachi,Sindh,2021-04-24,AB2171961,Tourism,Baku,Saudia,125432,660921,786353
TRV-2025-771026,61101-1001872-4,Maham Tariq Sahib,"House 331, Street 3, Cantt, Quetta",Quetta,Balochistan,2025-04-01,AB6942330,International,London,Qatar Airways,400195,582418,982613
TRV-2018-942003,61101-1001872-4,M. Tariq,"House 331, Street 3, Cantt, Quetta",Quetta,Balochistan,2018-11-29,XY9380930,Business,Istanbul,SereneAir,571986,496570,1068556
TRV-2018-152567,61101-1001872-4,M. Tariq,"House 331, Street 3, Cantt, Quetta",Quetta,Balochistan,2018-06-30,PK3449629,International,Bangkok,Airblue,682645,107995,790640
TRV-2020-312906,54400-1001818-6,Shazia Butt,"House 188, Street 17, Saddar, Peshawar",Peshawar,KPK,2020-04-11,AB6483733,Tourism,Jeddah,PIA,776903,133497,910400
TRV-2024-190241,54400-1001818-6,Shazia Butt Sahib,"House 188, Street 17, Saddar, Peshawar",Peshawar,KPK,2024-02-03,PK7801069,International,Riyadh,SereneAir,545011,1458717,2003728
TRV-2016-141760,54400-1001818-6,S. Butt,"House 188, Street 17, Saddar, Peshawar",Peshawar,KPK,2016-04-18,CD1942671,Business,Baku,Turkish Airlines,800454,1045214,1845668
TRV-2019-345986,42101-1001907-9,Maham Tariq,"House 416, Street 17, Brewery Road, Quetta",Quetta,Balochistan,2019-09-23,XY3759752,Umrah,Jeddah,SereneAir,502754,61228,563982
TRV-2025-444146,45501-1000028-6,K. Qureshi,"House 800, Street 19, DHA Phase 2, Islamabad",Islamabad,Islamabad,2025-11-20,AB8023743,Umrah,Abu Dhabi,SereneAir,301444,405484,706928
TRV-2024-960486,45501-1000028-6,Chaudhry Kamran Qureshi,"House 800, Street 19, DHA Phase 2, Islamabad",Islamabad,Islamabad,2024-06-25,AB1512021,Tourism,Kuala Lumpur,Turkish Airlines,215202,684217,899419
TRV-2017-224418,45501-1000028-6,K. Qureshi,"House 800, Street 19, DHA Phase 2, Islamabad",Islamabad,Islamabad,2017-01-06,CD4169954,Business,Jeddah,Airblue,321809,756531,1078340
TRV-2021-223124,17301-1000288-6,Chaudhry Fatima Ali,"House 426, Street 23, Wapda Town, Gujranwala",Gujranwala,Punjab,2021-11-27,CD6641216,Umrah,Riyadh,Emirates,635195,1258795,1893990
TRV-2020-608232,17301-1000288-6,Fatima Ali,"House 426, Street 23, Wapda Town, Gujranwala",Gujranwala,Punjab,2020-01-07,PK7396557,Business,Dubai,Turkish Airlines,382520,823325,1205845
TRV-2024-605894,33100-1000070-0,W. Akram,"House 166, Street 30, Bosan Road, Multan",Multan,Punjab,2024-01-12,CD5557894,Tourism,London,Saudia,203614,1329163,1532777
TRV-2021-491709,42101-1000996-2,F. Mirza,"House 919, Street 27, Queens Road, Sukkur",Sukkur,Sindh,2021-05-06,XY6797505,Family Visit,London,Emirates,397000,1396531,1793531
TRV-2025-682305,35202-1001207-9,Maham Tariq,"House 594, Street 18, Barrage Road, Sukkur",Sukkur,Sindh,2025-08-03,XY3862796,Umrah,Bangkok,Saudia,608675,181492,790167
TRV-2016-759169,45501-1000150-0,Z. Ahmed,"House 953, Street 29, Civil Lines, Gujranwala",Gujranwala,Punjab,2016-01-01,XY7467436,Family Visit,Riyadh,SereneAir,691692,783976,1475668
TRV-2025-371408,61101-1000727-9,Ahmed Baig,"House 362, Street 35, Jinnah Town, Quetta",Quetta,Balochistan,2025-09-18,CD3167653,International,Riyadh,Airblue,896581,638108,1534689
TRV-2026-574746,61101-1001796-2,Saad Qureshi,"House 835, Street 17, Gulberg, Faisalabad",Faisalabad,Punjab,2026-09-26,PK2580872,Tourism,Jeddah,Saudia,767628,722785,1490413
TRV-2016-676952,35202-1000183-1,Fatima Ali,"House 204, Street 1, Military Road, Sukkur",Sukkur,Sindh,2016-01-23,AB8581175,Umrah,Bangkok,Qatar Airways,856929,1005899,1862828
TRV-2022-799474,17301-1000407-9,Muneeb Akhtar,"House 817, Street 33, People Colony, Faisalabad",Faisalabad,Punjab,2022-09-23,CD3489304,Tourism,Jeddah,Turkish Airlines,758547,305589,1064136
TRV-2024-431848,54400-1001053-1,Hassan Khan,"House 981, Street 4, Cantt, Multan",Multan,Punjab,2024-06-16,AB3909001,International,Doha,Emirates,747959,207161,955120
TRV-2025-798775,17301-1000713-1,Chaudhry Hira Shah,"House 786, Street 5, Satellite Town, Gujranwala",Gujranwala,Punjab,2025-12-19,AB3594977,International,Doha,Saudia,742656,875330,1617986
TRV-2020-584854,45501-1001062-4,Umer Farooq,"House 909, Street 27, Gulshan-e-Iqbal, Karachi",Karachi,Sindh,2020-06-12,AB9414552,International,Dubai,Saudia,167408,72690,240098
TRV-2024-762123,45501-1001062-4,Umer Farooq,"House 909, Street 27, Gulshan-e-Iqbal, Karachi",Karachi,Sindh,2024-02-21,PK4223757,Business,Riyadh,PIA,133248,846071,979319
TRV-2016-943791,42101-1000648-6,Chaudhry Kashif Javed,"House 883, Street 10, People Colony, Faisalabad",Faisalabad,Punjab,2016-09-01,CD2147132,Umrah,London,Airblue,293099,1134145,1427244
TRV-2018-797598,42101-1000648-6,Kashif Javed Sahib,"House 883, Street 10, People Colony, Faisalabad",Faisalabad,Punjab,2018-06-29,PK2264019,International,Baku,Airblue,710345,1177217,1887562
TRV-2023-111105,61101-1000931-7,Taha Hussain,"House 220, Street 18, Peoples Colony, Gujranwala",Gujranwala,Punjab,2023-05-18,XY4350790,International,Doha,Airblue,752698,622487,1375185
TRV-2025-176120,17301-1000450-0,Chaudhry Huma Ghani,"House 502, Street 14, Brewery Road, Quetta",Quetta,Balochistan,2025-05-04,CD5769082,International,Abu Dhabi,Turkish Airlines,703171,352519,1055690
TRV-2025-688448,61101-1001937-9,Umer Farooq,"House 155, Street 4, Bahria Enclave, Islamabad",Islamabad,Islamabad,2025-03-23,AB1919019,Tourism,Bangkok,SereneAir,700167,701004,1401171
TRV-2024-271032,42101-1000701-7,Muhammad Ahmed,"House 227, Street 34, Saddar, Peshawar",Peshawar,KPK,2024-05-15,XY3113115,Family Visit,Kuala Lumpur,Emirates,364155,598539,962694
TRV-2026-748031,42101-1000701-7,M. Ahmed,"House 227, Street 34, Saddar, Peshawar",Peshawar,KPK,2026-01-21,XY8961172,Umrah,Kuala Lumpur,SereneAir,775779,595623,1371402
TRV-2024-234665,45501-1000867-9,Ahmed Baig Sahib,"House 763, Street 14, Rohri, Sukkur",Sukkur,Sindh,2024-08-23,XY2082261,Family Visit,Doha,PIA,160883,1118876,1279759
TRV-2024-488458,45501-1000867-9,Ahmed Baig,"House 763, Street 14, Rohri, Sukkur",Sukkur,Sindh,2024-04-19,PK8722833,Business,Doha,Saudia,479221,1436960,1916181
TRV-2017-271394,33100-1000006-2,Hamza Sheikh,"House 938, Street 2, E-11, Islamabad",Islamabad,Islamabad,2017-10-02,PK3386347,International,Istanbul,PIA,382972,168680,551652
TRV-2022-161667,35202-1001413-1,Hira Shah Sahib,"House 833, Street 17, Madina Town, Faisalabad",Faisalabad,Punjab,2022-02-19,AB3332948,Business,Riyadh,SereneAir,213167,423208,636375
TRV-2025-616368,35202-1000939-3,Nida Hussain,"House 33, Street 15, Nazimabad, Karachi",Karachi,Sindh,2025-05-26,PK5734487,Umrah,Baku,Saudia,344605,1454677,1799282
TRV-2019-520086,35202-1000939-3,Nida Hussain,"House 33, Street 15, Nazimabad, Karachi",Karachi,Sindh,2019-12-22,AB2755491,International,Baku,Airblue,308556,273038,581594
TRV-2023-559623,61101-1000919-3,S. Iqbal,"House 952, Street 21, Brewery Road, Quetta",Quetta,Balochistan,2023-03-22,CD6541988,International,London,Emirates,866037,1177991,2044028
TRV-2023-998862,61101-1000139-3,Amna Chaudhry,"House 338, Street 16, Shah Rukn-e-Alam, Multan",Multan,Punjab,2023-12-14,CD1645113,Business,Jeddah,PIA,766157,1160156,1926313
TRV-2025-558387,17301-1000936-2,Mariam Malik,"House 279, Street 21, DHA Phase 2, Islamabad",Islamabad,Islamabad,2025-04-24,PK6769207,International,Jeddah,PIA,273069,1023505,1296574
TRV-2016-979870,17301-1000936-2,M. Malik,"House 279, Street 21, DHA Phase 2, Islamabad",Islamabad,Islamabad,2016-01-21,XY5008155,Family Visit,Bangkok,Airblue,442422,204148,646570
TRV-2024-808028,61101-1001138-6,Kashif Javed,"House 148, Street 32, Madina Town, Faisalabad",Faisalabad,Punjab,2024-11-18,AB1070522,Umrah,Baku,Emirates,354336,468872,823208
TRV-2026-538883,35202-1000086-2,Fahad Mirza,"House 138, Street 1, Gulberg, Faisalabad",Faisalabad,Punjab,2026-03-16,PK3421556,Family Visit,Jeddah,Saudia,531556,138999,670555
TRV-2020-375889,35202-1000086-2,F. Mirza,"House 138, Street 1, Gulberg, Faisalabad",Faisalabad,Punjab,2020-10-13,PK5931401,Family Visit,Riyadh,Saudia,754266,685469,1439735
TRV-2017-904163,45501-1001631-7,Taha Hussain Sahib,"House 791, Street 4, DHA Phase 2, Islamabad",Islamabad,Islamabad,2017-08-05,CD5889434,Family Visit,London,Turkish Airlines,541251,118183,659434
TRV-2021-143048,17301-1000270-0,Sara Ahmed Sahib,"House 924, Street 5, G-11, Islamabad",Islamabad,Islamabad,2021-12-03,CD3874380,Business,Riyadh,Emirates,100306,152604,252910
TRV-2024-676292,42101-1000098-6,Kamran Qureshi,"House 645, Street 17, Warsak Road, Peshawar",Peshawar,KPK,2024-02-14,PK9162212,International,London,Saudia,467664,1191965,1659629
TRV-2022-292060,54400-1000051-7,Fahad Mirza Sahib,"House 598, Street 18, Cantt, Quetta",Quetta,Balochistan,2022-07-05,AB2351774,Umrah,Kuala Lumpur,Saudia,572426,109876,682302
TRV-2025-115631,42101-1000215-5,Usman Malik,"House 673, Street 26, Queens Road, Sukkur",Sukkur,Sindh,2025-01-01,CD3985900,Family Visit,Dubai,PIA,523236,408336,931572
TRV-2025-322783,42101-1000215-5,Usman Malik Sahib,"House 673, Street 26, Queens Road, Sukkur",Sukkur,Sindh,2025-11-14,XY5526861,Family Visit,Baku,Qatar Airways,222284,990717,1213001
TRV-2024-294643,42101-1000344-8,Nida Hussain,"House 21, Street 13, People Colony, Faisalabad",Faisalabad,Punjab,2024-06-30,PK8245020,Umrah,Baku,Qatar Airways,482362,769324,1251686
TRV-2021-363269,33100-1001049-3,Amna Chaudhry Sahib,"House 848, Street 7, Bahria Town, Lahore",Lahore,Punjab,2021-07-18,CD6710449,Business,Riyadh,SereneAir,612061,493981,1106042
TRV-2017-160762,61101-1001131-7,Saad Qureshi Sahib,"House 427, Street 35, Hussainabad, Hyderabad",Hyderabad,Sindh,2017-07-06,XY8220593,Family Visit,Riyadh,Saudia,792317,1110171,1902488
TRV-2022-633303,61101-1000777-9,Ayesha Khan,"House 267, Street 15, Satellite Town, Rawalpindi",Rawalpindi,Punjab,2022-04-04,PK2925714,Tourism,Baku,Saudia,489687,1306912,1796599
TRV-2024-582936,54400-1000143-1,Hassan Khan Sahib,"House 328, Street 5, Cantt, Multan",Multan,Punjab,2024-03-11,AB2664062,Family Visit,Abu Dhabi,Emirates,463626,903742,1367368
TRV-2017-638997,54400-1000143-1,Chaudhry Hassan Khan,"House 328, Street 5, Cantt, Multan",Multan,Punjab,2017-07-22,PK8550648,International,Riyadh,Qatar Airways,651129,270544,921673
TRV-2019-196196,33100-1001517-9,Umer Farooq,"House 305, Street 6, Gulshan-e-Iqbal, Karachi",Karachi,Sindh,2019-01-16,PK5732989,International,Kuala Lumpur,Emirates,551888,784785,1336673
TRV-2025-445563,33100-1001517-9,Chaudhry Umer Farooq,"House 305, Street 6, Gulshan-e-Iqbal, Karachi",Karachi,Sindh,2025-04-19,CD1858482,International,Abu Dhabi,PIA,98940,1184229,1283169
TRV-2023-317980,54400-1000621-7,M. Malik,"House 321, Street 34, Cantt, Quetta",Quetta,Balochistan,2023-08-14,XY1343335,Umrah,Doha,PIA,354183,853767,1207950
TRV-2023-552571,54400-1000621-7,Chaudhry Mariam Malik,"House 321, Street 34, Cantt, Quetta",Quetta,Balochistan,2023-06-21,PK4007385,International,Doha,Qatar Airways,490621,358030,848651
TRV-2021-455004,17301-1000172-4,Khalid Malik,"House 186, Street 7, Brewery Road, Quetta",Quetta,Balochistan,2021-11-09,CD7971047,Umrah,London,Qatar Airways,832187,1043541,1875728
TRV-2018-255383,17301-1000172-4,Chaudhry Khalid Malik,"House 186, Street 7, Brewery Road, Quetta",Quetta,Balochistan,2018-08-09,CD8106267,Umrah,Doha,SereneAir,143910,1445009,1588919
TRV-2021-323512,35202-1001690-0,Z. Ahmed,"House 390, Street 9, Samungli Road, Quetta",Quetta,Balochistan,2021-08-02,CD6372688,Umrah,Istanbul,Turkish Airlines,111667,1326226,1437893
TRV-2026-976697,42101-1000663-1,Chaudhry Shazia Butt,"House 367, Street 17, Model Town, Lahore",Lahore,Punjab,2026-06-04,PK8924809,Tourism,Bangkok,SereneAir,539070,893261,1432331
TRV-2016-738067,33100-1000887-9,Umer Farooq Sahib,"House 677, Street 24, Nazimabad, Karachi",Karachi,Sindh,2016-01-09,PK7624069,International,Jeddah,Saudia,703864,719355,1423219
TRV-2021-565560,54400-1001900-0,Chaudhry Zainab Ahmed,"House 210, Street 4, Rohri, Sukkur",Sukkur,Sindh,2021-07-17,CD2974072,Umrah,Riyadh,Qatar Airways,520371,105755,626126
TRV-2022-379338,54400-1001900-0,Zainab Ahmed,"House 210, Street 4, Rohri, Sukkur",Sukkur,Sindh,2022-02-21,CD7786034,Business,Abu Dhabi,Saudia,816057,1403663,2219720
TRV-2021-563716,54400-1001900-0,Z. Ahmed,"House 210, Street 4, Rohri, Sukkur",Sukkur,Sindh,2021-05-26,CD3383180,Tourism,London,Airblue,837212,449153,1286365
TRV-2018-893062,33100-1001556-2,F. Mirza,"House 159, Street 29, Brewery Road, Quetta",Quetta,Balochistan,2018-07-22,CD5500414,Family Visit,Bangkok,Airblue,496634,328431,825065
TRV-2024-591155,35202-1000859-3,Chaudhry Rabia Noor,"House 262, Street 14, Bahria Town, Lahore",Lahore,Punjab,2024-04-12,CD7897043,International,Kuala Lumpur,Emirates,540587,1339299,1879886
TRV-2017-608462,61101-1001670-0,Sara Ahmed,"House 86, Street 33, Auto Bhan, Hyderabad",Hyderabad,Sindh,2017-05-26,PK8504569,Family Visit,Istanbul,Emirates,670949,1006778,1677727
TRV-2023-962929,17301-1000975-5,Huma Ghani,"House 602, Street 8, Bahria Enclave, Islamabad",Islamabad,Islamabad,2023-04-01,XY3579094,Business,Istanbul,Saudia,174123,1276240,1450363
TRV-2021-370974,17301-1000975-5,Huma Ghani,"House 602, Street 8, Bahria Enclave, Islamabad",Islamabad,Islamabad,2021-04-01,PK6607351,International,Jeddah,Emirates,98570,1303522,1402092
TRV-2017-661922,35202-1000664-8,A. Chaudhry,"House 623, Street 2, Satellite Town, Rawalpindi",Rawalpindi,Punjab,2017-02-27,AB6330691,Umrah,Istanbul,Saudia,612768,838127,1450895
TRV-2021-164335,45501-1001314-8,Rabia Noor,"House 542, Street 21, Warsak Road, Peshawar",Peshawar,KPK,2021-02-03,PK8222998,International,Istanbul,Turkish Airlines,693595,489335,1182930
TRV-2024-838739,54400-1001260-0,W. Akram,"House 626, Street 18, New Pind, Sukkur",Sukkur,Sindh,2024-02-09,CD8612677,Business,Abu Dhabi,Saudia,383728,392373,776101
TRV-2019-655851,54400-1001432-4,K. Malik,"House 439, Street 1, Chaklala, Rawalpindi",Rawalpindi,Punjab,2019-03-03,PK9196729,Business,Bangkok,Turkish Airlines,439400,768832,1208232
TRV-2020-711845,54400-1001432-4,Khalid Malik Sahib,"House 439, Street 1, Chaklala, Rawalpindi",Rawalpindi,Punjab,2020-01-05,XY6082814,Family Visit,Istanbul,Saudia,604090,634312,1238402
TRV-2017-786499,45501-1000863-1,A. Iqbal,"House 126, Street 30, DHA Multan, Multan",Multan,Punjab,2017-12-20,AB5378742,Business,Kuala Lumpur,Emirates,609804,1493363,2103167
TRV-2022-517128,33100-1001356-2,Mariam Malik Sahib,"House 765, Street 3, Qasimabad, Hyderabad",Hyderabad,Sindh,2022-05-08,CD7273711,Family Visit,Jeddah,Qatar Airways,423683,506463,930146
TRV-2026-515315,42101-1000740-0,Usman Malik Sahib,"House 684, Street 27, Cantt, Multan",Multan,Punjab,2026-10-29,AB8122811,Tourism,Istanbul,Saudia,758752,1443474,2202226
TRV-2018-782975,61101-1000818-6,H. Shah,"House 819, Street 6, New Pind, Sukkur",Sukkur,Sindh,2018-09-29,AB7995206,Tourism,Riyadh,PIA,216209,872619,1088828
TRV-2026-356870,61101-1000818-6,Chaudhry Hira Shah,"House 819, Street 6, New Pind, Sukkur",Sukkur,Sindh,2026-01-24,XY5286097,Business,Kuala Lumpur,Emirates,549638,1176865,1726503
TRV-2020-413501,35202-1000467-9,Umer Farooq,"House 524, Street 7, Civil Lines, Gujranwala",Gujranwala,Punjab,2020-08-25,PK9279947,Business,Abu Dhabi,Emirates,512044,1438595,1950639
TRV-2017-587715,17301-1000077-9,Ayesha Khan Sahib,"House 194, Street 27, Bahria Town, Rawalpindi",Rawalpindi,Punjab,2017-07-31,PK5741240,Umrah,Kuala Lumpur,Turkish Airlines,405652,655097,1060749
TRV-2021-484229,45501-1001332-4,Ali Raza Sahib,"House 971, Street 22, Civil Lines, Gujranwala",Gujranwala,Punjab,2021-12-27,XY6674124,Tourism,Bangkok,Qatar Airways,485293,1026041,1511334
TRV-2016-304564,35202-1001271-7,Chaudhry Saad Qureshi,"House 348, Street 17, F-10, Islamabad",Islamabad,Islamabad,2016-09-03,PK1506445,Business,Istanbul,Airblue,700704,566219,1266923
TRV-2024-419376,42101-1000937-9,Ahmed Baig,"House 67, Street 34, Satellite Town, Gujranwala",Gujranwala,Punjab,2024-09-09,CD7961219,Business,Istanbul,Turkish Airlines,541257,516293,1057550
TRV-2026-681871,35202-1001701-7,Chaudhry Taha Hussain,"House 320, Street 1, Latifabad, Hyderabad",Hyderabad,Sindh,2026-01-10,XY3512215,Family Visit,Dubai,Airblue,632675,1096105,1728780
TRV-2016-348374,61101-1000498-6,Chaudhry Fatima Ali,"House 41, Street 18, Satellite Town, Gujranwala",Gujranwala,Punjab,2016-01-08,AB6993414,Business,Kuala Lumpur,Airblue,423072,1443101,1866173
TRV-2022-584113,61101-1000498-6,Fatima Ali Sahib,"House 41, Street 18, Satellite Town, Gujranwala",Gujranwala,Punjab,2022-08-11,PK7387011,Tourism,Bangkok,Emirates,538924,191792,730716
TRV-2016-332399,17301-1001117-9,Khalid Malik,"House 887, Street 5, Bahria Town, Lahore",Lahore,Punjab,2016-12-12,XY9799050,International,Riyadh,Turkish Airlines,126589,101452,228041
TRV-2017-385255,45501-1001359-3,N. Hussain,"House 12, Street 16, Gulgasht, Multan",Multan,Punjab,2017-02-06,AB4773788,Tourism,Bangkok,Turkish Airlines,562315,904757,1467072
TRV-2026-569976,61101-1001848-6,Kamran Qureshi,"House 170, Street 34, Satellite Town, Rawalpindi",Rawalpindi,Punjab,2026-01-02,PK4405022,Business,Baku,Qatar Airways,276642,241087,517729
TRV-2026-711610,61101-1001848-6,Kamran Qureshi,"House 170, Street 34, Satellite Town, Rawalpindi",Rawalpindi,Punjab,2026-10-20,XY4919427,Family Visit,London,Emirates,172015,1216689,1388704
TRV-2023-515234,54400-1000668-6,Hassan Khan,"House 696, Street 3, Bosan Road, Multan",Multan,Punjab,2023-06-16,PK5490223,Family Visit,Bangkok,Qatar Airways,599640,1033748,1633388
TRV-2018-946472,17301-1000159-3,Rabia Noor Sahib,"House 746, Street 19, Madina Town, Faisalabad",Faisalabad,Punjab,2018-03-05,CD9462440,Family Visit,Abu Dhabi,Airblue,225991,1406374,1632365
TRV-2023-518247,17301-1000159-3,R. Noor,"House 746, Street 19, Madina Town, Faisalabad",Faisalabad,Punjab,2023-06-23,AB6007409,International,Kuala Lumpur,Airblue,348251,499092,847343
TRV-2025-165659,35202-1001428-6,Kamran Qureshi Sahib,"House 644, Street 21, People Colony, Faisalabad",Faisalabad,Punjab,2025-01-25,AB8779718,Umrah,Istanbul,SereneAir,118679,978864,1097543
TRV-2021-248609,17301-1001476-2,Hamza Sheikh Sahib,"House 466, Street 29, Jinnah Town, Quetta",Quetta,Balochistan,2021-04-22,PK4387729,Business,Doha,SereneAir,439759,1008581,1448340
TRV-2017-821936,17301-1000814-8,S. Iqbal,"House 107, Street 24, G-11, Islamabad",Islamabad,Islamabad,2017-01-13,PK9191743,Business,Kuala Lumpur,Airblue,443162,1235501,1678663
TRV-2017-229330,17301-1000814-8,Sana Iqbal,"House 107, Street 24, G-11, Islamabad",Islamabad,Islamabad,2017-05-26,PK9631662,Family Visit,Bangkok,SereneAir,339957,466128,806085
TRV-2020-275345,17301-1000814-8,S. Iqbal,"House 107, Street 24, G-11, Islamabad",Islamabad,Islamabad,2020-11-15,PK4166922,Umrah,Doha,PIA,566977,247435,814412
TRV-2026-355425,42101-1001807-9,Chaudhry Muneeb Akhtar,"House 295, Street 2, University Road, Peshawar",Peshawar,KPK,2026-10-29,PK7414757,Family Visit,London,SereneAir,188403,1029241,1217644
TRV-2016-575670,42101-1001807-9,Muneeb Akhtar,"House 295, Street 2, University Road, Peshawar",Peshawar,KPK,2016-03-12,PK1392680,Business,Abu Dhabi,Emirates,234788,889555,1124343
TRV-2018-953056,17301-1000533-1,Fatima Ali,"House 800, Street 7, Chaklala, Rawalpindi",Rawalpindi,Punjab,2018-06-08,CD6920105,Umrah,Bangkok,Saudia,802638,841678,1644316
TRV-2025-173780,17301-1000533-1,Fatima Ali,"House 800, Street 7, Chaklala, Rawalpindi",Rawalpindi,Punjab,2025-10-28,PK1868873,Umrah,Baku,Emirates,600731,862418,1463149
TRV-2016-263923,45501-1000677-9,Umer Farooq,"House 270, Street 9, DHA Multan, Multan",Multan,Punjab,2016-06-28,AB8383988,Umrah,Riyadh,PIA,181702,1057435,1239137
TRV-2016-964097,17301-1000335-5,I. Siddiqui,"House 958, Street 22, F-10, Islamabad",Islamabad,Islamabad,2016-04-07,XY3307500,Umrah,Jeddah,Emirates,697737,1346422,2044159
TRV-2022-999743,54400-1001285-5,Chaudhry Sara Ahmed,"House 813, Street 7, Gulbahar, Peshawar",Peshawar,KPK,2022-01-16,PK3268132,Umrah,Abu Dhabi,Airblue,391375,1135144,1526519
TRV-2017-229016,54400-1001285-5,Chaudhry Sara Ahmed,"House 813, Street 7, Gulbahar, Peshawar",Peshawar,KPK,2017-10-20,PK2166879,Umrah,Istanbul,Qatar Airways,112646,79584,192230
TRV-2020-204091,35202-1000979-3,Amna Chaudhry,"House 956, Street 1, Clifton, Karachi",Karachi,Sindh,2020-04-09,XY5799627,Umrah,Istanbul,Airblue,548435,1077527,1625962
TRV-2017-725580,33100-1001955-5,Chaudhry Huma Ghani,"House 536, Street 9, Nazimabad, Karachi",Karachi,Sindh,2017-05-06,CD2196100,Business,Baku,Turkish Airlines,438893,988426,1427319
TRV-2016-812234,33100-1001955-5,Huma Ghani Sahib,"House 536, Street 9, Nazimabad, Karachi",Karachi,Sindh,2016-04-13,CD4591738,Business,London,Emirates,383086,117427,500513
TRV-2021-194023,33100-1001955-5,Chaudhry Huma Ghani,"House 536, Street 9, Nazimabad, Karachi",Karachi,Sindh,2021-02-05,PK8123896,Business,London,Turkish Airlines,581743,316097,897840
TRV-2024-513933,33100-1000477-9,Muneeb Akhtar,"House 675, Street 7, Nazimabad, Karachi",Karachi,Sindh,2024-12-03,XY7688479,Umrah,London,Airblue,756341,955658,1711999
TRV-2019-363156,33100-1000371-7,Taha Hussain,"House 109, Street 31, Cantt, Multan",Multan,Punjab,2019-06-23,PK2648084,Umrah,Istanbul,Qatar Airways,340440,1473734,1814174
TRV-2018-865889,33100-1000371-7,T. Hussain,"House 109, Street 31, Cantt, Multan",Multan,Punjab,2018-05-30,CD5343382,Umrah,London,Airblue,297907,941765,1239672
TRV-2020-605755,33100-1001541-7,Muhammad Ahmed,"House 100, Street 6, DHA Phase 2, Islamabad",Islamabad,Islamabad,2020-08-23,AB4326137,Tourism,Jeddah,Airblue,373285,565076,938361
TRV-2026-700997,33100-1001541-7,Muhammad Ahmed,"House 100, Street 6, DHA Phase 2, Islamabad",Islamabad,Islamabad,2026-08-27,PK4553836,Business,Kuala Lumpur,SereneAir,579113,1175407,1754520
TRV-2020-717159,61101-1001650-0,U. Malik,"House 468, Street 19, Saddar, Rawalpindi",Rawalpindi,Punjab,2020-10-11,CD6213574,Business,Kuala Lumpur,Turkish Airlines,96278,1086678,1182956
TRV-2025-490518,61101-1001650-0,Usman Malik,"House 468, Street 19, Saddar, Rawalpindi",Rawalpindi,Punjab,2025-06-21,CD8461423,Business,Baku,Qatar Airways,577748,1100067,1677815
TRV-2026-307855,45501-1000564-8,Chaudhry Bilal Ahmed,"House 507, Street 13, D Ground, Faisalabad",Faisalabad,Punjab,2026-05-27,PK7228368,Business,Doha,Turkish Airlines,448090,422742,870832
TRV-2022-955044,61101-1000380-0,Huma Ghani,"House 619, Street 28, Civil Lines, Gujranwala",Gujranwala,Punjab,2022-12-13,CD7276484,Family Visit,Bangkok,PIA,473810,615079,1088889
TRV-2017-805184,61101-1000380-0,Huma Ghani,"House 619, Street 28, Civil Lines, Gujranwala",Gujranwala,Punjab,2017-06-05,XY4190604,International,Abu Dhabi,Airblue,626906,1193741,1820647
TRV-2018-855913,61101-1000380-0,Huma Ghani,"House 619, Street 28, Civil Lines, Gujranwala",Gujranwala,Punjab,2018-07-07,AB2023730,International,Dubai,Saudia,381830,332271,714101
TRV-2026-112082,54400-1000313-1,Chaudhry Shazia Butt,"House 941, Street 16, F-10, Islamabad",Islamabad,Islamabad,2026-04-04,AB9067453,Business,Kuala Lumpur,PIA,191764,916179,1107943
TRV-2021-727121,33100-1000809-3,B. Ahmed,"House 466, Street 24, Clifton, Karachi",Karachi,Sindh,2021-05-12,AB6010530,Business,Baku,Emirates,122731,220218,342949
TRV-2016-879443,35202-1000388-6,Hassan Khan Sahib,"House 446, Street 24, Satellite Town, Quetta",Quetta,Balochistan,2016-12-29,CD9813313,Family Visit,Doha,Turkish Airlines,411113,303203,714316
TRV-2023-319106,35202-1000388-6,H. Khan,"House 446, Street 24, Satellite Town, Quetta",Quetta,Balochistan,2023-06-14,PK8639165,International,Dubai,SereneAir,479672,681254,1160926
TRV-2019-434566,61101-1001435-5,W. Akram,"House 759, Street 26, Chaklala, Rawalpindi",Rawalpindi,Punjab,2019-06-19,XY2084012,Business,Kuala Lumpur,Airblue,613158,829855,1443013
TRV-2019-681340,33100-1000187-9,Umer Farooq,"House 319, Street 8, Satellite Town, Quetta",Quetta,Balochistan,2019-01-29,CD5179165,International,Riyadh,Qatar Airways,689125,769697,1458822
TRV-2021-847707,33100-1000187-9,Umer Farooq Sahib,"House 319, Street 8, Satellite Town, Quetta",Quetta,Balochistan,2021-03-03,AB1124500,International,Jeddah,PIA,374048,676873,1050921
TRV-2016-739382,45501-1001012-4,K. Malik,"House 363, Street 35, Bahria Enclave, Islamabad",Islamabad,Islamabad,2016-08-15,CD5740134,International,Doha,Airblue,426409,805543,1231952
TRV-2020-780247,45501-1001012-4,K. Malik,"House 363, Street 35, Bahria Enclave, Islamabad",Islamabad,Islamabad,2020-07-08,XY5441057,International,Riyadh,Turkish Airlines,795546,703616,1499162
TRV-2025-880901,54400-1001961-7,Muhammad Ahmed,"House 462, Street 28, E-11, Islamabad",Islamabad,Islamabad,2025-04-17,AB1536927,Family Visit,Doha,SereneAir,329959,1090598,1420557
TRV-2020-780954,54400-1001345-5,Danish Butt,"House 287, Street 12, Shah Rukn-e-Alam, Multan",Multan,Punjab,2020-11-07,XY9775616,Umrah,Abu Dhabi,Emirates,412023,1462659,1874682
TRV-2026-368652,35202-1001865-5,Chaudhry Zainab Ahmed,"House 101, Street 23, Satellite Town, Quetta",Quetta,Balochistan,2026-08-13,CD8726239,Tourism,London,Turkish Airlines,420241,210673,630914
TRV-2023-501287,45501-1000796-2,Mariam Malik,"House 403, Street 29, Gulgasht, Multan",Multan,Punjab,2023-06-22,AB6976076,Umrah,Doha,Airblue,694097,1465637,2159734
TRV-2025-111546,17301-1000082-4,Umer Farooq,"House 989, Street 14, Bosan Road, Multan",Multan,Punjab,2025-05-04,CD4467523,Business,Doha,Saudia,680982,1269669,1950651
TRV-2022-831263,17301-1000773-1,H. Khan,"House 561, Street 11, Chaklala, Rawalpindi",Rawalpindi,Punjab,2022-07-29,AB7530715,International,Doha,SereneAir,264469,407996,672465
TRV-2023-608194,17301-1000773-1,Hassan Khan,"House 561, Street 11, Chaklala, Rawalpindi",Rawalpindi,Punjab,2023-01-25,CD7439390,Tourism,London,SereneAir,833588,599977,1433565
TRV-2018-466523,17301-1000023-1,A. Iqbal,"House 39, Street 21, Model Town, Gujranwala",Gujranwala,Punjab,2018-07-14,XY1042430,Umrah,Riyadh,Airblue,567349,1420290,1987639
TRV-2025-108059,17301-1000023-1,Asad Iqbal,"House 39, Street 21, Model Town, Gujranwala",Gujranwala,Punjab,2025-04-03,XY3939099,International,Baku,Saudia,208367,1431931,1640298
TRV-2023-251698,17301-1000023-1,Asad Iqbal,"House 39, Street 21, Model Town, Gujranwala",Gujranwala,Punjab,2023-01-03,XY7168915,International,Kuala Lumpur,Qatar Airways,192084,1497514,1689598
TRV-2017-456371,61101-1000546-2,Chaudhry Taha Hussain,"House 192, Street 12, Madina Town, Faisalabad",Faisalabad,Punjab,2017-01-14,PK8399395,Umrah,Riyadh,Qatar Airways,407341,472036,879377
TRV-2023-799818,45501-1001093-1,Fatima Ali,"House 640, Street 34, Clifton, Karachi",Karachi,Sindh,2023-02-18,CD4949475,Umrah,London,Qatar Airways,788146,407995,1196141
TRV-2018-379211,42101-1001933-1,Fatima Ali,"House 540, Street 26, Chaklala, Rawalpindi",Rawalpindi,Punjab,2018-01-20,PK8674825,Business,Jeddah,Airblue,133617,904102,1037719
TRV-2024-296014,54400-1000134-8,Nida Hussain Sahib,"House 985, Street 12, Chaklala, Rawalpindi",Rawalpindi,Punjab,2024-10-08,PK8032431,Umrah,Doha,Emirates,199869,583549,783418
TRV-2020-789940,54400-1000134-8,Nida Hussain,"House 985, Street 12, Chaklala, Rawalpindi",Rawalpindi,Punjab,2020-02-21,XY4053893,International,Dubai,Qatar Airways,745033,725664,1470697
TRV-2020-876825,61101-1001549-3,Chaudhry Sana Iqbal,"House 556, Street 24, Satellite Town, Quetta",Quetta,Balochistan,2020-03-29,CD4849075,Umrah,Jeddah,Emirates,555105,307262,862367
TRV-2020-176790,54400-1000465-5,Chaudhry Zainab Ahmed,"House 757, Street 9, Military Road, Sukkur",Sukkur,Sindh,2020-11-25,PK7338314,Tourism,Riyadh,Turkish Airlines,317353,92368,409721
TRV-2016-196013,42101-1000602-4,Chaudhry Ayesha Khan,"House 512, Street 32, Qasimabad, Hyderabad",Hyderabad,Sindh,2016-12-12,CD3554005,Business,Istanbul,Airblue,642439,1172749,1815188
TRV-2026-708273,17301-1000995-5,Danish Butt,"House 903, Street 25, Satellite Town, Quetta",Quetta,Balochistan,2026-08-30,PK8064238,International,Kuala Lumpur,Qatar Airways,286240,816993,1103233
TRV-2021-984612,42101-1000106-2,Chaudhry Muhammad Ahmed,"House 820, Street 26, Gulshan-e-Iqbal, Karachi",Karachi,Sindh,2021-11-10,CD1651063,Umrah,London,Emirates,616735,261773,878508
TRV-2018-628448,42101-1000106-2,Muhammad Ahmed,"House 820, Street 26, Gulshan-e-Iqbal, Karachi",Karachi,Sindh,2018-07-23,PK5055581,Business,Baku,PIA,557134,1425300,1982434
TRV-2023-416926,45501-1001699-3,R. Noor,"House 914, Street 21, Hayatabad, Peshawar",Peshawar,KPK,2023-04-06,CD5897519,Tourism,Riyadh,Qatar Airways,707935,964969,1672904
TRV-2016-303931,54400-1000972-4,Ahmed Baig Sahib,"House 976, Street 14, Saddar, Rawalpindi",Rawalpindi,Punjab,2016-04-08,AB7657976,Umrah,Doha,Turkish Airlines,147408,1313155,1460563
TRV-2021-466198,54400-1000972-4,Ahmed Baig,"House 976, Street 14, Saddar, Rawalpindi",Rawalpindi,Punjab,2021-12-17,XY7182308,Business,Doha,PIA,414189,765227,1179416
TRV-2019-749308,42101-1000126-2,Taha Hussain,"House 609, Street 7, DHA Multan, Multan",Multan,Punjab,2019-11-16,XY1650358,Tourism,Doha,Turkish Airlines,656056,412068,1068124
TRV-2022-600716,45501-1000613-1,K. Javed,"House 201, Street 29, People Colony, Faisalabad",Faisalabad,Punjab,2022-05-14,XY1382907,Family Visit,Dubai,Airblue,512685,175913,688598
TRV-2017-373739,61101-1001081-7,N. Raza,"House 226, Street 33, Cantt, Multan",Multan,Punjab,2017-06-01,PK7279900,International,London,PIA,181139,364218,545357
TRV-2023-183408,33100-1001826-2,Hamza Sheikh Sahib,"House 938, Street 3, Saddar, Rawalpindi",Rawalpindi,Punjab,2023-11-22,CD9934608,Tourism,Abu Dhabi,Qatar Airways,606964,975841,1582805
TRV-2018-794349,61101-1000788-6,K. Javed,"House 788, Street 27, Auto Bhan, Hyderabad",Hyderabad,Sindh,2018-02-13,PK7442629,International,Bangkok,Turkish Airlines,249110,377604,626714
TRV-2022-915062,35202-1000166-2,Mariam Malik Sahib,"House 153, Street 20, New Pind, Sukkur",Sukkur,Sindh,2022-06-09,AB2395019,Umrah,Bangkok,SereneAir,880528,1377234,2257762
TRV-2016-483238,42101-1001577-9,Ali Raza Sahib,"House 940, Street 8, University Road, Peshawar",Peshawar,KPK,2016-02-13,XY4751615,Umrah,Istanbul,SereneAir,273520,1496945,1770465
TRV-2023-109801,35202-1000984-8,Bilal Ahmed,"House 69, Street 4, Hayatabad, Peshawar",Peshawar,KPK,2023-02-23,AB5588839,Tourism,Dubai,Qatar Airways,535430,270309,805739
TRV-2024-272551,35202-1000984-8,B. Ahmed,"House 69, Street 4, Hayatabad, Peshawar",Peshawar,KPK,2024-09-03,PK5467808,Tourism,Kuala Lumpur,PIA,381200,1330283,1711483
TRV-2024-448464,35202-1000984-8,Chaudhry Bilal Ahmed,"House 69, Street 4, Hayatabad, Peshawar",Peshawar,KPK,2024-09-19,AB6791788,Tourism,Istanbul,Qatar Airways,565510,1006480,1571990
TRV-2025-115904,33100-1000744-8,Sana Iqbal Sahib,"House 100, Street 9, Cantt, Quetta",Quetta,Balochistan,2025-04-29,PK5320570,Umrah,Baku,Saudia,302218,1020965,1323183
TRV-2026-683767,45501-1001377-9,Umer Farooq,"House 976, Street 3, Chaklala, Rawalpindi",Rawalpindi,Punjab,2026-10-03,AB5821403,Business,Bangkok,SereneAir,619793,1188406,1808199
TRV-2022-988093,35202-1001644-8,A. Chaudhry,"House 150, Street 16, PWD, Rawalpindi",Rawalpindi,Punjab,2022-07-18,XY4211382,Umrah,Riyadh,SereneAir,180881,668496,849377
TRV-2026-782158,35202-1001644-8,Amna Chaudhry,"House 150, Street 16, PWD, Rawalpindi",Rawalpindi,Punjab,2026-03-12,XY5195429,Family Visit,London,PIA,460421,1337849,1798270
TRV-2025-254334,54400-1000094-8,Laiba Khan,"House 177, Street 25, Qasimabad, Hyderabad",Hyderabad,Sindh,2025-10-24,XY4230351,Family Visit,Kuala Lumpur,PIA,372306,1350518,1722824
TRV-2024-924562,61101-1001712-4,Khalid Malik Sahib,"House 719, Street 26, F-10, Islamabad",Islamabad,Islamabad,2024-06-02,XY4568043,Business,Dubai,Saudia,754945,578904,1333849
TRV-2018-261135,54400-1001006-2,M. Malik,"House 907, Street 1, Barrage Road, Sukkur",Sukkur,Sindh,2018-12-30,CD3017515,International,Jeddah,Qatar Airways,663006,751160,1414166
TRV-2016-803908,54400-1001006-2,Chaudhry Mariam Malik,"House 907, Street 1, Barrage Road, Sukkur",Sukkur,Sindh,2016-08-31,XY2827549,Tourism,Abu Dhabi,Emirates,671555,969807,1641362
TRV-2020-478797,54400-1001006-2,Mariam Malik,"House 907, Street 1, Barrage Road, Sukkur",Sukkur,Sindh,2020-06-07,CD6299670,Family Visit,Abu Dhabi,Emirates,534038,604474,1138512
TRV-2016-458433,42101-1001115-5,Chaudhry Huma Ghani,"House 651, Street 11, Cantt, Quetta",Quetta,Balochistan,2016-04-17,PK1151224,Umrah,Abu Dhabi,Airblue,891945,933805,1825750
TRV-2017-814901,35202-1000061-7,Chaudhry Mariam Malik,"House 299, Street 34, Jinnah Town, Quetta",Quetta,Balochistan,2017-01-20,XY7980135,Family Visit,Istanbul,Turkish Airlines,230187,499308,729495
TRV-2026-765900,33100-1001021-7,Chaudhry Hamza Sheikh,"House 682, Street 9, Shah Rukn-e-Alam, Multan",Multan,Punjab,2026-07-09,CD2265677,Umrah,Jeddah,Emirates,687996,242436,930432
TRV-2016-946747,61101-1001563-1,A. Iqbal,"House 842, Street 29, Warsak Road, Peshawar",Peshawar,KPK,2016-12-12,CD8678805,Business,Dubai,Saudia,169226,821423,990649
TRV-2018-964927,61101-1001563-1,A. Iqbal,"House 842, Street 29, Warsak Road, Peshawar",Peshawar,KPK,2018-09-10,PK1275461,Business,Dubai,Qatar Airways,850883,589672,1440555
TRV-2024-965927,61101-1001563-1,Asad Iqbal,"House 842, Street 29, Warsak Road, Peshawar",Peshawar,KPK,2024-10-21,AB7754534,International,London,Emirates,869497,382880,1252377
TRV-2021-484485,45501-1000180-0,Usman Malik,"House 26, Street 32, DHA Phase 2, Islamabad",Islamabad,Islamabad,2021-11-04,XY7644550,Tourism,Jeddah,PIA,407483,643380,1050863
TRV-2020-459530,45501-1000180-0,Chaudhry Usman Malik,"House 26, Street 32, DHA Phase 2, Islamabad",Islamabad,Islamabad,2020-04-12,PK7666710,Umrah,Abu Dhabi,Airblue,870094,951746,1821840
TRV-2024-132873,54400-1001821-7,Muhammad Ahmed,"House 881, Street 26, Jinnah Town, Quetta",Quetta,Balochistan,2024-04-02,AB5497874,Umrah,Jeddah,Turkish Airlines,362122,1297562,1659684
TRV-2020-891786,61101-1000455-5,Chaudhry Waseem Akram,"House 89, Street 8, Gulberg, Faisalabad",Faisalabad,Punjab,2020-03-25,CD3948815,International,London,Qatar Airways,375119,247484,622603
TRV-2018-519469,61101-1000038-6,Hassan Khan Sahib,"House 577, Street 35, Johar Town, Lahore",Lahore,Punjab,2018-03-04,PK4848415,Business,Riyadh,Emirates,721185,125489,846674
TRV-2020-197281,61101-1000038-6,H. Khan,"House 577, Street 35, Johar Town, Lahore",Lahore,Punjab,2020-06-11,CD7536614,Umrah,Baku,Turkish Airlines,399778,379362,779140
TRV-2024-982472,54400-1000121-7,Fahad Mirza,"House 103, Street 1, Wapda Town, Gujranwala",Gujranwala,Punjab,2024-05-17,XY9971021,Family Visit,London,SereneAir,704784,1149936,1854720
TRV-2021-299584,33100-1000543-1,Kashif Javed Sahib,"House 63, Street 22, DHA Phase 2, Islamabad",Islamabad,Islamabad,2021-08-31,CD8621225,Family Visit,Kuala Lumpur,SereneAir,822892,1464733,2287625
TRV-2025-200471,35202-1001720-0,Usman Malik,"House 871, Street 5, DHA Phase 5, Lahore",Lahore,Punjab,2025-06-01,AB9404014,Tourism,Riyadh,Saudia,622478,988023,1610501
TRV-2018-450441,35202-1001571-7,Naveed Raza Sahib,"House 543, Street 6, Satellite Town, Rawalpindi",Rawalpindi,Punjab,2018-05-29,AB5838904,Family Visit,Dubai,Emirates,112350,906100,1018450
TRV-2025-467833,33100-1001335-5,Usman Malik Sahib,"House 696, Street 14, Satellite Town, Quetta",Quetta,Balochistan,2025-09-11,XY1001703,Tourism,Riyadh,SereneAir,611597,908629,1520226
TRV-2022-210515,54400-1000276-2,Naveed Raza Sahib,"House 29, Street 35, Latifabad, Hyderabad",Hyderabad,Sindh,2022-10-15,AB6044340,International,London,Turkish Airlines,564891,285151,850042
TRV-2024-732995,61101-1000982-4,Ali Raza,"House 867, Street 26, D Ground, Faisalabad",Faisalabad,Punjab,2024-10-16,CD5046869,Family Visit,Riyadh,Saudia,780666,767792,1548458
TRV-2026-949645,54400-1000645-5,D. Butt,"House 284, Street 27, Hayatabad, Peshawar",Peshawar,KPK,2026-03-29,PK5609811,Business,Dubai,Turkish Airlines,844946,657156,1502102
TRV-2018-576539,54400-1000645-5,Chaudhry Danish Butt,"House 284, Street 27, Hayatabad, Peshawar",Peshawar,KPK,2018-11-02,AB6581208,Business,Abu Dhabi,Emirates,285756,1111146,1396902
TRV-2026-796238,54400-1000645-5,Danish Butt,"House 284, Street 27, Hayatabad, Peshawar",Peshawar,KPK,2026-11-19,XY8882862,International,Abu Dhabi,SereneAir,281275,1025380,1306655
TRV-2021-995390,54400-1001691-7,Saad Qureshi Sahib,"House 645, Street 18, Bosan Road, Multan",Multan,Punjab,2021-02-03,PK4502091,International,Dubai,Turkish Airlines,805499,1128850,1934349
TRV-2021-441475,45501-1001983-1,Asad Iqbal Sahib,"House 18, Street 11, Bosan Road, Multan",Multan,Punjab,2021-01-12,AB7625572,Tourism,Dubai,PIA,331971,534629,866600
TRV-2019-372505,35202-1001048-6,S. Butt,"House 286, Street 1, New Pind, Sukkur",Sukkur,Sindh,2019-11-16,CD6657995,International,Jeddah,SereneAir,525069,1456440,1981509
TRV-2022-305610,35202-1001048-6,Shazia Butt Sahib,"House 286, Street 1, New Pind, Sukkur",Sukkur,Sindh,2022-09-29,CD8816816,Tourism,Bangkok,Saudia,546724,793983,1340707
TRV-2019-600907,35202-1001048-6,Shazia Butt Sahib,"House 286, Street 1, New Pind, Sukkur",Sukkur,Sindh,2019-12-30,CD3834551,International,Istanbul,SereneAir,862740,842902,1705642
TRV-2016-814818,35202-1000470-0,Chaudhry Danish Butt,"House 172, Street 12, Satellite Town, Quetta",Quetta,Balochistan,2016-03-12,AB7003025,Tourism,Baku,Qatar Airways,126356,899872,1026228
TRV-2017-245118,54400-1001110-0,Sara Ahmed,"House 145, Street 4, DHA Phase 5, Lahore",Lahore,Punjab,2017-02-20,CD1790580,Business,Abu Dhabi,Airblue,434219,591942,1026161
TRV-2017-914683,45501-1001245-5,Imran Siddiqui,"House 383, Street 34, Gulberg, Lahore",Lahore,Punjab,2017-05-16,AB5909103,Business,Bangkok,Qatar Airways,529478,1461890,1991368
TRV-2018-341706,17301-1000403-1,Chaudhry Kashif Javed,"House 394, Street 28, Clifton, Karachi",Karachi,Sindh,2018-10-30,AB9917325,International,Jeddah,Airblue,427421,714461,1141882
TRV-2018-450895,33100-1000212-4,Chaudhry Ali Raza,"House 410, Street 21, Latifabad, Hyderabad",Hyderabad,Sindh,2018-03-31,AB7604009,Family Visit,Bangkok,Emirates,359142,472587,831729
TRV-2023-390456,17301-1001139-3,Chaudhry Rabia Noor,"House 455, Street 31, Gulbahar, Peshawar",Peshawar,KPK,2023-07-09,PK2414231,Umrah,Istanbul,Airblue,642579,57814,700393
TRV-2016-984177,17301-1001139-3,Rabia Noor,"House 455, Street 31, Gulbahar, Peshawar",Peshawar,KPK,2016-12-11,CD5346826,Family Visit,Kuala Lumpur,PIA,205301,452518,657819
TRV-2021-890474,17301-1001216-2,Mariam Malik,"House 833, Street 4, Bahria Town, Rawalpindi",Rawalpindi,Punjab,2021-09-26,PK3748713,Umrah,Riyadh,SereneAir,882211,229794,1112005
TRV-2018-568194,17301-1001349-3,Rabia Noor Sahib,"House 504, Street 21, University Road, Peshawar",Peshawar,KPK,2018-07-05,CD5181192,Tourism,Bangkok,Emirates,164749,1217842,1382591
TRV-2020-129178,17301-1001349-3,Rabia Noor,"House 504, Street 21, University Road, Peshawar",Peshawar,KPK,2020-08-09,CD8736572,International,Riyadh,Emirates,817014,628696,1445710
TRV-2020-485338,17301-1001349-3,Rabia Noor Sahib,"House 504, Street 21, University Road, Peshawar",Peshawar,KPK,2020-11-09,PK1067554,Umrah,Doha,Turkish Airlines,485426,217822,703248
TRV-2021-220461,54400-1001123-1,Hassan Khan,"House 553, Street 25, Satellite Town, Gujranwala",Gujranwala,Punjab,2021-02-06,XY3392325,International,Baku,Qatar Airways,122721,1310537,1433258
TRV-2017-674565,54400-1001123-1,H. Khan,"House 553, Street 25, Satellite Town, Gujranwala",Gujranwala,Punjab,2017-11-03,XY9698329,Tourism,Doha,Qatar Airways,546554,1265950,1812504
TRV-2024-845620,35202-1001678-6,Shazia Butt Sahib,"House 622, Street 32, University Road, Peshawar",Peshawar,KPK,2024-01-05,AB3708225,Umrah,Doha,Saudia,660640,1337972,1998612
TRV-2022-469459,33100-1000060-0,S. Ahmed,"House 208, Street 20, Saddar, Hyderabad",Hyderabad,Sindh,2022-12-30,AB7407395,Umrah,Jeddah,Turkish Airlines,896099,249829,1145928
TRV-2021-933242,54400-1001436-2,Muhammad Ahmed,"House 166, Street 31, Qasimabad, Hyderabad",Hyderabad,Sindh,2021-04-25,CD8150508,Umrah,London,Saudia,889519,747306,1636825
TRV-2019-446157,33100-1001602-4,A. Baig,"House 285, Street 3, Qasimabad, Hyderabad",Hyderabad,Sindh,2019-03-08,AB7510803,Umrah,Bangkok,Saudia,452312,1050204,1502516
TRV-2023-129073,33100-1001597-9,Chaudhry Muneeb Akhtar,"House 776, Street 31, Model Town, Gujranwala",Gujranwala,Punjab,2023-09-25,CD9689796,Tourism,London,Airblue,545537,745617,1291154
TRV-2026-377223,35202-1000803-1,Shazia Butt Sahib,"House 971, Street 35, E-11, Islamabad",Islamabad,Islamabad,2026-08-14,PK2572108,Umrah,Kuala Lumpur,Turkish Airlines,288086,528861,816947
TRV-2025-210578,61101-1001621-7,Saad Qureshi,"House 108, Street 9, Chaklala, Rawalpindi",Rawalpindi,Punjab,2025-08-16,CD9292369,Family Visit,London,Saudia,720623,261310,981933
TRV-2024-922380,54400-1001507-9,A. Raza,"House 135, Street 29, Bahadurabad, Karachi",Karachi,Sindh,2024-02-25,CD7177498,Tourism,Kuala Lumpur,Emirates,474151,920798,1394949
TRV-2018-838785,54400-1001507-9,Chaudhry Ali Raza,"House 135, Street 29, Bahadurabad, Karachi",Karachi,Sindh,2018-03-15,AB3584286,Umrah,Riyadh,Qatar Airways,882683,1017630,1900313
TRV-2021-313906,54400-1001507-9,Chaudhry Ali Raza,"House 135, Street 29, Bahadurabad, Karachi",Karachi,Sindh,2021-12-25,CD3010979,Family Visit,Jeddah,Qatar Airways,576976,943319,1520295
TRV-2020-175499,17301-1001369-3,B. Ahmed,"House 713, Street 4, Barrage Road, Sukkur",Sukkur,Sindh,2020-08-29,PK7924494,Family Visit,Abu Dhabi,PIA,733969,1450946,2184915
TRV-2020-690213,61101-1000715-5,Danish Butt,"House 354, Street 29, Bosan Road, Multan",Multan,Punjab,2020-10-25,AB3079400,Tourism,Istanbul,Emirates,225615,733924,959539
TRV-2024-127520,42101-1001163-1,F. Ali,"House 161, Street 26, Gulbahar, Peshawar",Peshawar,KPK,2024-09-25,CD2765130,Family Visit,Dubai,PIA,316665,1057953,1374618
TRV-2025-937036,42101-1001163-1,Fatima Ali,"House 161, Street 26, Gulbahar, Peshawar",Peshawar,KPK,2025-12-04,AB3604656,International,Kuala Lumpur,PIA,257121,1275108,1532229
TRV-2022-996820,42101-1001163-1,Fatima Ali,"House 161, Street 26, Gulbahar, Peshawar",Peshawar,KPK,2022-09-23,AB5818605,International,London,Emirates,700006,537430,1237436
TRV-2021-589311,42101-1001163-1,Fatima Ali Sahib,"House 161, Street 26, Gulbahar, Peshawar",Peshawar,KPK,2021-11-14,PK1978874,International,Kuala Lumpur,Emirates,712424,74258,786682
TRV-2020-878296,61101-1000083-1,H. Shah,"House 697, Street 10, Hayatabad, Peshawar",Peshawar,KPK,2020-10-25,PK2452308,Tourism,Bangkok,Saudia,122904,1171777,1294681
TRV-2017-553188,35202-1000284-8,Bilal Ahmed,"House 55, Street 15, PWD, Rawalpindi",Rawalpindi,Punjab,2017-05-04,AB8397347,Umrah,Bangkok,Emirates,868176,1265382,2133558
TRV-2016-293248,35202-1000284-8,Chaudhry Bilal Ahmed,"House 55, Street 15, PWD, Rawalpindi",Rawalpindi,Punjab,2016-09-18,XY5917993,Tourism,Riyadh,SereneAir,245253,1424546,1669799
TRV-2020-326441,35202-1000284-8,Bilal Ahmed Sahib,"House 55, Street 15, PWD, Rawalpindi",Rawalpindi,Punjab,2020-08-08,AB2079221,Business,Bangkok,SereneAir,471313,467794,939107
TRV-2023-227593,54400-1001525-5,Imran Siddiqui Sahib,"House 601, Street 32, Saddar, Peshawar",Peshawar,KPK,2023-04-06,AB8362075,Business,Abu Dhabi,Turkish Airlines,782813,1231084,2013897
TRV-2016-134202,54400-1001525-5,Imran Siddiqui,"House 601, Street 32, Saddar, Peshawar",Peshawar,KPK,2016-10-03,AB8805458,Tourism,Istanbul,Saudia,160636,55031,215667
TRV-2026-857976,35202-1001331-7,Muhammad Ahmed,"House 839, Street 27, Model Town, Gujranwala",Gujranwala,Punjab,2026-03-05,AB4353331,Business,Doha,SereneAir,738979,571309,1310288
TRV-2019-307971,54400-1000519-3,Chaudhry Nida Hussain,"House 336, Street 21, G-11, Islamabad",Islamabad,Islamabad,2019-05-10,CD6347551,Family Visit,Dubai,Airblue,837913,965169,1803082
TRV-2023-829178,54400-1000519-3,Nida Hussain,"House 336, Street 21, G-11, Islamabad",Islamabad,Islamabad,2023-10-25,XY7276256,International,Abu Dhabi,Emirates,486196,1432178,1918374
TRV-2018-684147,42101-1001788-6,Hassan Khan Sahib,"House 164, Street 26, D Ground, Faisalabad",Faisalabad,Punjab,2018-01-29,PK5923928,Tourism,Dubai,Saudia,81173,633473,714646
TRV-2023-843657,35202-1001946-2,Taha Hussain,"House 517, Street 34, Clifton, Karachi",Karachi,Sindh,2023-01-16,PK4646787,International,Doha,Saudia,519685,1219865,1739550
TRV-2018-400710,35202-1001946-2,Chaudhry Taha Hussain,"House 517, Street 34, Clifton, Karachi",Karachi,Sindh,2018-05-21,XY9611883,Family Visit,Abu Dhabi,PIA,493450,623759,1117209
TRV-2023-538518,61101-1001696-2,Fahad Mirza Sahib,"House 595, Street 26, DHA Multan, Multan",Multan,Punjab,2023-09-08,PK8598548,International,Baku,SereneAir,351147,1070858,1422005
TRV-2024-430864,42101-1001448-6,Hira Shah,"House 895, Street 30, G-11, Islamabad",Islamabad,Islamabad,2024-11-17,CD2532548,International,Doha,Saudia,449226,682352,1131578
TRV-2020-984829,42101-1001448-6,Hira Shah,"House 895, Street 30, G-11, Islamabad",Islamabad,Islamabad,2020-07-14,XY6433806,International,Baku,Qatar Airways,828194,705018,1533212
TRV-2017-203730,33100-1000904-8,Nida Hussain,"House 259, Street 11, Civil Lines, Gujranwala",Gujranwala,Punjab,2017-03-19,PK2556893,Business,Kuala Lumpur,Airblue,264053,1032008,1296061
TRV-2024-599448,61101-1000209-3,Amna Chaudhry,"House 829, Street 26, Bahria Town, Rawalpindi",Rawalpindi,Punjab,2024-08-04,PK9385382,International,Doha,Saudia,605873,59916,665789
TRV-2020-624608,33100-1000723-1,Asad Iqbal,"House 865, Street 7, Johar Town, Lahore",Lahore,Punjab,2020-02-20,AB9521292,Tourism,Dubai,Qatar Airways,724444,858167,1582611
TRV-2022-944045,33100-1000723-1,A. Iqbal,"House 865, Street 7, Johar Town, Lahore",Lahore,Punjab,2022-07-06,XY4907293,Umrah,Bangkok,Emirates,862517,1226409,2088926
TRV-2021-370594,17301-1000461-7,Hamza Sheikh,"House 69, Street 17, DHA Phase 5, Lahore",Lahore,Punjab,2021-03-10,AB8577883,Umrah,London,Qatar Airways,789678,1320609,2110287
TRV-2020-460236,42101-1001559-3,Rabia Noor Sahib,"House 267, Street 26, Military Road, Sukkur",Sukkur,Sindh,2020-01-31,PK9558494,Tourism,Dubai,SereneAir,738342,415219,1153561
TRV-2024-163318,61101-1001834-8,N. Aslam,"House 718, Street 7, Jinnah Town, Quetta",Quetta,Balochistan,2024-08-28,AB8944823,Umrah,Riyadh,Emirates,639231,743177,1382408
TRV-2018-347748,33100-1000861-7,Taha Hussain,"House 433, Street 28, Gulgasht, Multan",Multan,Punjab,2018-11-17,PK4256402,Umrah,Baku,Qatar Airways,803738,314471,1118209
TRV-2021-646796,54400-1001408-6,F. Ali,"House 894, Street 20, DHA Phase 6, Karachi",Karachi,Sindh,2021-09-04,AB2980588,International,Doha,PIA,681236,1427065,2108301
TRV-2026-572407,54400-1001408-6,Fatima Ali,"House 894, Street 20, DHA Phase 6, Karachi",Karachi,Sindh,2026-09-13,CD3081835,Umrah,Abu Dhabi,Emirates,556497,1002809,1559306
TRV-2022-682484,54400-1001408-6,Chaudhry Fatima Ali,"House 894, Street 20, DHA Phase 6, Karachi",Karachi,Sindh,2022-12-17,XY9611005,Tourism,Jeddah,PIA,447573,238893,686466
TRV-2020-509498,45501-1000190-0,Danish Butt,"House 365, Street 24, Civil Lines, Gujranwala",Gujranwala,Punjab,2020-09-12,PK8562682,Umrah,Abu Dhabi,PIA,789273,695221,1484494
TRV-2023-468828,42101-1001537-9,K. Malik,"House 441, Street 32, Bahria Town, Lahore",Lahore,Punjab,2023-02-09,CD1486486,International,Abu Dhabi,PIA,811451,629098,1440549
TRV-2023-665385,42101-1000445-5,S. Ahmed,"House 536, Street 9, G-11, Islamabad",Islamabad,Islamabad,2023-02-11,CD5781824,Umrah,Dubai,PIA,785311,1120552,1905863
TRV-2024-626339,33100-1000433-1,Hira Shah,"House 964, Street 19, Bahria Town, Rawalpindi",Rawalpindi,Punjab,2024-05-18,PK6500025,Family Visit,Bangkok,Airblue,588232,1074599,1662831
TRV-2021-802737,33100-1000472-4,M. Tariq,"House 790, Street 24, Shah Rukn-e-Alam, Multan",Multan,Punjab,2021-06-13,XY8019288,Tourism,Jeddah,SereneAir,886757,760820,1647577
TRV-2017-135649,33100-1000472-4,M. Tariq,"House 790, Street 24, Shah Rukn-e-Alam, Multan",Multan,Punjab,2017-03-16,PK3274460,Business,Jeddah,Qatar Airways,292398,1405481,1697879
TRV-2017-669327,33100-1000472-4,Maham Tariq Sahib,"House 790, Street 24, Shah Rukn-e-Alam, Multan",Multan,Punjab,2017-04-11,PK2386382,Business,Baku,Saudia,475738,955310,1431048
TRV-2016-217701,33100-1000472-4,M. Tariq,"House 790, Street 24, Shah Rukn-e-Alam, Multan",Multan,Punjab,2016-07-06,XY6916464,Tourism,Dubai,PIA,443039,1403223,1846262
TRV-2017-903952,61101-1000327-9,Umer Farooq,"House 114, Street 4, DHA Phase 2, Islamabad",Islamabad,Islamabad,2017-05-20,XY7208584,Umrah,Riyadh,Emirates,516058,753168,1269226
TRV-2026-383333,42101-1000027-9,A. Baig,"House 786, Street 34, Civil Lines, Gujranwala",Gujranwala,Punjab,2026-10-25,XY2166604,Umrah,Jeddah,Saudia,317356,1095287,1412643
TRV-2023-806319,33100-1001293-1,Chaudhry Shazia Butt,"House 751, Street 9, Gulberg, Faisalabad",Faisalabad,Punjab,2023-02-13,CD6019183,Umrah,Doha,Emirates,432981,1108893,1541874
TRV-2016-562757,17301-1000963-1,Chaudhry Kashif Javed,"House 18, Street 2, F-10, Islamabad",Islamabad,Islamabad,2016-08-28,CD3283724,Business,Baku,Qatar Airways,181443,330040,511483
TRV-2025-906755,45501-1000222-4,Umer Farooq,"House 243, Street 11, PWD, Rawalpindi",Rawalpindi,Punjab,2025-10-09,XY7916828,Tourism,Kuala Lumpur,Saudia,511141,994457,1505598
TRV-2017-719457,33100-1001748-6,Shazia Butt,"House 730, Street 5, Bosan Road, Multan",Multan,Punjab,2017-04-23,PK3047969,Business,Istanbul,Qatar Airways,178856,1493683,1672539
TRV-2016-586236,61101-1000671-7,H. Sheikh,"House 836, Street 7, People Colony, Faisalabad",Faisalabad,Punjab,2016-05-03,AB3249130,Umrah,London,Emirates,741160,1497558,2238718
TRV-2018-260988,54400-1001153-1,Shazia Butt,"House 160, Street 6, Clifton, Karachi",Karachi,Sindh,2018-01-14,XY5110517,International,Dubai,PIA,104203,1492840,1597043
TRV-2024-528487,33100-1001341-7,Chaudhry Saad Qureshi,"House 820, Street 17, Bahria Town, Lahore",Lahore,Punjab,2024-03-30,AB4383679,Tourism,Istanbul,PIA,831384,967078,1798462
TRV-2023-243518,33100-1001341-7,Saad Qureshi,"House 820, Street 17, Bahria Town, Lahore",Lahore,Punjab,2023-09-21,CD5989591,Business,Jeddah,PIA,453948,1247274,1701222
TRV-2026-272334,35202-1000418-6,Shazia Butt Sahib,"House 518, Street 3, Shah Rukn-e-Alam, Multan",Multan,Punjab,2026-06-01,PK8120654,International,Bangkok,SereneAir,627241,314606,941847
TRV-2017-342141,61101-1000362-4,Umer Farooq Sahib,"House 713, Street 25, Qasimabad, Hyderabad",Hyderabad,Sindh,2017-12-13,CD7208578,Tourism,Jeddah,Turkish Airlines,774623,1440959,2215582
TRV-2021-130604,33100-1000279-3,Amna Chaudhry,"House 155, Street 8, People Colony, Faisalabad",Faisalabad,Punjab,2021-06-05,CD5089028,International,Bangkok,Airblue,222527,265476,488003
TRV-2026-956189,35202-1001294-8,Chaudhry Amna Chaudhry,"House 316, Street 9, PWD, Rawalpindi",Rawalpindi,Punjab,2026-03-28,CD8775222,Umrah,Baku,PIA,831873,114553,946426
TRV-2024-525362,33100-1000102-4,Khalid Malik,"House 407, Street 23, Samungli Road, Quetta",Quetta,Balochistan,2024-11-14,CD9738175,Umrah,Kuala Lumpur,SereneAir,261578,1284540,1546118
TRV-2022-467875,35202-1000133-1,Chaudhry Kamran Qureshi,"House 711, Street 26, Peoples Colony, Gujranwala",Gujranwala,Punjab,2022-03-05,CD2571235,Family Visit,London,PIA,709786,1307252,2017038
TRV-2017-385660,35202-1000191-7,Fahad Mirza,"House 256, Street 12, E-11, Islamabad",Islamabad,Islamabad,2017-06-10,PK5447389,Tourism,Kuala Lumpur,SereneAir,156809,695760,852569
TRV-2019-332096,35202-1000191-7,Fahad Mirza,"House 256, Street 12, E-11, Islamabad",Islamabad,Islamabad,2019-07-11,CD1493984,Business,Kuala Lumpur,SereneAir,504774,281511,786285
TRV-2025-323811,35202-1000191-7,Fahad Mirza Sahib,"House 256, Street 12, E-11, Islamabad",Islamabad,Islamabad,2025-05-30,XY3937675,Business,Kuala Lumpur,Airblue,784979,1447172,2232151
TRV-2025-450475,42101-1001308-6,H. Shah,"House 910, Street 35, Saddar, Peshawar",Peshawar,KPK,2025-09-28,CD3974329,Family Visit,Kuala Lumpur,Qatar Airways,744633,1247916,1992549
TRV-2021-878640,33100-1000387-9,A. Raza,"House 481, Street 32, Warsak Road, Peshawar",Peshawar,KPK,2021-02-23,AB5232133,Family Visit,Riyadh,PIA,339784,308950,648734
TRV-2016-796878,45501-1001299-3,Chaudhry Bilal Ahmed,"House 860, Street 2, Shah Rukn-e-Alam, Multan",Multan,Punjab,2016-08-20,CD2872082,Umrah,London,Airblue,630508,357092,987600
TRV-2017-674789,45501-1001299-3,Chaudhry Bilal Ahmed,"House 860, Street 2, Shah Rukn-e-Alam, Multan",Multan,Punjab,2017-06-12,AB8305361,Tourism,Baku,Saudia,758477,1096440,1854917
TRV-2023-961388,61101-1000681-7,Chaudhry Fahad Mirza,"House 493, Street 23, Cantt, Multan",Multan,Punjab,2023-04-16,PK9573040,Family Visit,Bangkok,Turkish Airlines,107058,1043734,1150792
TRV-2022-819886,61101-1000681-7,Fahad Mirza,"House 493, Street 23, Cantt, Multan",Multan,Punjab,2022-07-04,AB3311734,International,Dubai,SereneAir,157644,1354033,1511677
TRV-2016-878573,54400-1000522-4,Khalid Malik,"House 721, Street 7, Nazimabad, Karachi",Karachi,Sindh,2016-02-21,AB8038209,Business,Kuala Lumpur,SereneAir,696559,582858,1279417
TRV-2022-501621,17301-1000458-6,Hassan Khan,"House 766, Street 14, D Ground, Faisalabad",Faisalabad,Punjab,2022-01-09,AB7328971,Family Visit,Jeddah,PIA,598606,1435525,2034131
TRV-2016-135337,54400-1001585-5,Z. Ahmed,"House 605, Street 2, Queens Road, Sukkur",Sukkur,Sindh,2016-11-25,AB2236856,Umrah,London,Turkish Airlines,861902,988244,1850146
TRV-2016-696312,54400-1001585-5,Zainab Ahmed,"House 605, Street 2, Queens Road, Sukkur",Sukkur,Sindh,2016-03-08,PK5197132,Tourism,Dubai,Saudia,585381,1386258,1971639
TRV-2023-990953,45501-1000526-2,Muhammad Ahmed,"House 955, Street 35, Samungli Road, Quetta",Quetta,Balochistan,2023-02-13,AB8227895,Umrah,London,Saudia,102580,1035329,1137909
TRV-2020-324796,33100-1001641-7,Naveed Raza,"House 221, Street 31, Bahria Town, Lahore",Lahore,Punjab,2020-07-12,XY6676246,Tourism,Baku,Airblue,552144,464382,1016526
TRV-2020-105059,33100-1001641-7,Naveed Raza Sahib,"House 221, Street 31, Bahria Town, Lahore",Lahore,Punjab,2020-05-04,AB7448105,International,London,Emirates,285962,867409,1153371
TRV-2021-638743,33100-1001641-7,N. Raza,"House 221, Street 31, Bahria Town, Lahore",Lahore,Punjab,2021-09-14,CD5808740,Family Visit,Kuala Lumpur,Turkish Airlines,827499,1178814,2006313
TRV-2020-735667,33100-1001641-7,Chaudhry Naveed Raza,"House 221, Street 31, Bahria Town, Lahore",Lahore,Punjab,2020-04-09,CD7530316,Umrah,Bangkok,SereneAir,435459,901078,1336537
TRV-2016-856199,61101-1001852-4,Khalid Malik,"House 872, Street 6, D Ground, Faisalabad",Faisalabad,Punjab,2016-05-15,PK9667393,Tourism,Abu Dhabi,Airblue,653169,1088109,1741278
TRV-2017-306116,33100-1000441-7,Taha Hussain,"House 764, Street 30, DHA Phase 6, Karachi",Karachi,Sindh,2017-07-07,CD6570859,Family Visit,Istanbul,Qatar Airways,428197,245823,674020
TRV-2020-571123,33100-1000441-7,Taha Hussain Sahib,"House 764, Street 30, DHA Phase 6, Karachi",Karachi,Sindh,2020-09-06,AB2683469,Umrah,Riyadh,Emirates,179008,153548,332556
TRV-2019-945300,54400-1001560-0,Imran Siddiqui,"House 541, Street 1, Samungli Road, Quetta",Quetta,Balochistan,2019-04-12,PK3424500,Umrah,London,Turkish Airlines,559363,862853,1422216
TRV-2019-198858,54400-1001560-0,Imran Siddiqui,"House 541, Street 1, Samungli Road, Quetta",Quetta,Balochistan,2019-08-10,CD2535310,Family Visit,Baku,SereneAir,445874,576109,1021983
TRV-2025-214904,45501-1000173-1,Chaudhry Shazia Butt,"House 252, Street 7, New Pind, Sukkur",Sukkur,Sindh,2025-08-23,XY1290804,Umrah,Doha,Emirates,147190,577774,724964
TRV-2019-368405,45501-1000173-1,Chaudhry Shazia Butt,"House 252, Street 7, New Pind, Sukkur",Sukkur,Sindh,2019-02-16,XY9561726,Tourism,Doha,Airblue,148802,148372,297174
TRV-2024-277355,45501-1000173-1,S. Butt,"House 252, Street 7, New Pind, Sukkur",Sukkur,Sindh,2024-11-23,CD3183190,Family Visit,Istanbul,Emirates,148601,369994,518595
TRV-2018-775236,54400-1001561-7,Taha Hussain,"House 554, Street 35, Gulgasht, Multan",Multan,Punjab,2018-01-10,AB6562580,Tourism,London,Emirates,516971,505559,1022530
TRV-2022-276138,42101-1001385-5,I. Siddiqui,"House 587, Street 34, Civil Lines, Gujranwala",Gujranwala,Punjab,2022-09-28,XY9173383,Umrah,Istanbul,PIA,731962,107161,839123
TRV-2016-697860,42101-1001385-5,Imran Siddiqui,"House 587, Street 34, Civil Lines, Gujranwala",Gujranwala,Punjab,2016-07-08,PK4965166,International,Bangkok,SereneAir,358859,547108,905967
TRV-2017-467949,42101-1001385-5,Imran Siddiqui,"House 587, Street 34, Civil Lines, Gujranwala",Gujranwala,Punjab,2017-04-14,XY6610695,International,Baku,Saudia,446447,301227,747674
TRV-2019-703046,54400-1000620-0,S. Ahmed,"House 874, Street 2, Gulbahar, Peshawar",Peshawar,KPK,2019-04-27,CD8947204,Tourism,Baku,Airblue,273409,393096,666505
TRV-2017-749714,54400-1000620-0,Chaudhry Sara Ahmed,"House 874, Street 2, Gulbahar, Peshawar",Peshawar,KPK,2017-10-23,CD2542663,International,Abu Dhabi,Turkish Airlines,213572,1101694,1315266
TRV-2024-772436,54400-1000620-0,Chaudhry Sara Ahmed,"House 874, Street 2, Gulbahar, Peshawar",Peshawar,KPK,2024-08-14,AB6840368,Umrah,Doha,Airblue,97203,1074796,1171999
TRV-2024-216685,33100-1001505-5,Waseem Akram,"House 699, Street 12, Gulgasht, Multan",Multan,Punjab,2024-05-18,XY6916606,Business,Baku,Saudia,139676,109791,249467
TRV-2018-469651,33100-1001505-5,Waseem Akram Sahib,"House 699, Street 12, Gulgasht, Multan",Multan,Punjab,2018-05-24,CD1268447,Family Visit,Istanbul,SereneAir,181335,645535,826870
TRV-2024-118623,17301-1000607-9,U. Farooq,"House 325, Street 8, Satellite Town, Rawalpindi",Rawalpindi,Punjab,2024-01-09,CD5136495,Umrah,Dubai,Qatar Airways,195735,781292,977027
TRV-2017-477874,17301-1000607-9,U. Farooq,"House 325, Street 8, Satellite Town, Rawalpindi",Rawalpindi,Punjab,2017-03-31,CD6804738,International,Doha,PIA,528526,494902,1023428
TRV-2023-938949,17301-1001427-9,Ahmed Baig,"House 987, Street 20, Canal Road, Faisalabad",Faisalabad,Punjab,2023-10-11,PK2650490,Family Visit,Riyadh,Saudia,306369,565908,872277
TRV-2024-186757,45501-1001661-7,Chaudhry Fahad Mirza,"House 889, Street 15, Bahria Town, Rawalpindi",Rawalpindi,Punjab,2024-07-09,XY3667895,Family Visit,Doha,PIA,682379,824464,1506843
TRV-2020-577412,42101-1000290-0,Zainab Ahmed,"House 949, Street 28, F-10, Islamabad",Islamabad,Islamabad,2020-05-10,PK8532543,Umrah,Doha,SereneAir,308158,734628,1042786
TRV-2026-781949,33100-1001073-1,A. Iqbal,"House 864, Street 21, Bahria Town, Rawalpindi",Rawalpindi,Punjab,2026-10-08,PK3944560,Umrah,Kuala Lumpur,Saudia,240734,249078,489812
TRV-2024-832228,33100-1001073-1,A. Iqbal,"House 864, Street 21, Bahria Town, Rawalpindi",Rawalpindi,Punjab,2024-03-16,PK5911961,Tourism,Dubai,PIA,443384,1151636,1595020
TRV-2022-414687,35202-1001905-5,D. Butt,"House 549, Street 15, Saddar, Peshawar",Peshawar,KPK,2022-01-11,XY7110018,Business,Baku,Turkish Airlines,128638,859114,987752
TRV-2023-964454,45501-1001642-4,Khalid Malik,"House 355, Street 7, Bahria Town, Lahore",Lahore,Punjab,2023-02-10,XY9466503,Umrah,Doha,Qatar Airways,549678,890131,1439809
TRV-2026-340586,45501-1001702-4,M. Akhtar,"House 612, Street 25, Saddar, Hyderabad",Hyderabad,Sindh,2026-06-20,AB9034922,International,Istanbul,PIA,771998,202413,974411
TRV-2019-464204,61101-1000303-1,A. Iqbal,"House 895, Street 24, Shah Rukn-e-Alam, Multan",Multan,Punjab,2019-07-17,PK4044442,Umrah,Bangkok,PIA,835231,1102237,1937468
TRV-2021-811201,61101-1000303-1,Asad Iqbal Sahib,"House 895, Street 24, Shah Rukn-e-Alam, Multan",Multan,Punjab,2021-07-28,CD5471017,Business,Jeddah,Emirates,219042,886358,1105400
TRV-2022-601057,61101-1000303-1,Asad Iqbal,"House 895, Street 24, Shah Rukn-e-Alam, Multan",Multan,Punjab,2022-06-06,CD9459174,Family Visit,Doha,Turkish Airlines,332093,1399195,1731288
TRV-2021-681248,17301-1000883-1,Chaudhry Fatima Ali,"House 67, Street 33, D Ground, Faisalabad",Faisalabad,Punjab,2021-10-31,CD8252974,Business,Kuala Lumpur,Saudia,748645,509371,1258016
TRV-2021-315148,54400-1000062-4,Ahmed Baig Sahib,"House 580, Street 18, Barrage Road, Sukkur",Sukkur,Sindh,2021-08-25,CD6178210,Business,Istanbul,Qatar Airways,123891,1032056,1155947
TRV-2017-990990,33100-1000922-4,Umer Farooq,"House 59, Street 24, DHA Phase 6, Karachi",Karachi,Sindh,2017-08-21,PK2053778,Business,Riyadh,Turkish Airlines,132556,695264,827820
TRV-2018-738804,54400-1001387-9,Chaudhry Muneeb Akhtar,"House 407, Street 18, Bahria Town, Rawalpindi",Rawalpindi,Punjab,2018-04-05,AB4389839,International,Jeddah,Airblue,780548,1340537,2121085
TRV-2026-638659,45501-1000125-5,Imran Siddiqui Sahib,"House 814, Street 22, Barrage Road, Sukkur",Sukkur,Sindh,2026-05-09,PK3812655,Tourism,Jeddah,Saudia,409973,97797,507770
TRV-2022-154829,33100-1000736-2,Muhammad Ahmed,"House 212, Street 5, PWD, Rawalpindi",Rawalpindi,Punjab,2022-03-21,PK7962210,International,Kuala Lumpur,SereneAir,809810,1289771,2099581
TRV-2020-173434,33100-1000736-2,M. Ahmed,"House 212, Street 5, PWD, Rawalpindi",Rawalpindi,Punjab,2020-08-17,CD5027395,Tourism,London,PIA,498580,877634,1376214
TRV-2016-283756,17301-1000949-3,Bilal Ahmed,"House 974, Street 24, Clifton, Karachi",Karachi,Sindh,2016-10-29,CD6497987,International,Jeddah,Airblue,681088,289258,970346
TRV-2017-542020,17301-1000949-3,Bilal Ahmed Sahib,"House 974, Street 24, Clifton, Karachi",Karachi,Sindh,2017-07-16,XY6780816,Umrah,Istanbul,Emirates,724291,341629,1065920
TRV-2016-970332,35202-1000466-2,Chaudhry Saad Qureshi,"House 165, Street 6, Saddar, Rawalpindi",Rawalpindi,Punjab,2016-05-23,XY6353540,International,Abu Dhabi,PIA,758129,1128782,1886911
TRV-2020-778725,61101-1000386-2,Muhammad Ahmed Sahib,"House 365, Street 26, Military Road, Sukkur",Sukkur,Sindh,2020-06-23,XY8368202,International,Baku,SereneAir,116696,726198,842894
TRV-2026-247057,45501-1000068-6,Shazia Butt,"House 918, Street 28, Satellite Town, Rawalpindi",Rawalpindi,Punjab,2026-02-18,PK4361564,Umrah,London,Saudia,769257,1460984,2230241
TRV-2019-838567,45501-1000068-6,S. Butt,"House 918, Street 28, Satellite Town, Rawalpindi",Rawalpindi,Punjab,2019-02-19,PK8094489,Umrah,Bangkok,SereneAir,230058,467279,697337
TRV-2025-247555,45501-1000068-6,Shazia Butt,"House 918, Street 28, Satellite Town, Rawalpindi",Rawalpindi,Punjab,2025-08-02,CD8731607,Tourism,Abu Dhabi,Airblue,122820,106103,228923
TRV-2016-334566,35202-1000117-9,Umer Farooq,"House 668, Street 26, Civil Lines, Gujranwala",Gujranwala,Punjab,2016-02-04,AB8748034,Business,Dubai,PIA,887899,756929,1644828
TRV-2016-113364,35202-1000117-9,U. Farooq,"House 668, Street 26, Civil Lines, Gujranwala",Gujranwala,Punjab,2016-06-09,CD6401351,International,Abu Dhabi,Turkish Airlines,241965,1191555,1433520
TRV-2024-916944,61101-1001089-3,Bilal Ahmed,"House 574, Street 14, New Pind, Sukkur",Sukkur,Sindh,2024-02-10,PK2173096,Family Visit,Jeddah,Airblue,383424,600187,983611
TRV-2019-774393,17301-1001604-8,Nida Hussain Sahib,"House 923, Street 18, Queens Road, Sukkur",Sukkur,Sindh,2019-08-26,CD9811829,Umrah,Dubai,Saudia,707924,106445,814369
TRV-2023-392436,17301-1000442-4,Muneeb Akhtar Sahib,"House 913, Street 7, Saddar, Rawalpindi",Rawalpindi,Punjab,2023-08-26,XY5811970,Umrah,Bangkok,SereneAir,325221,1249182,1574403
TRV-2021-383453,17301-1000442-4,Muneeb Akhtar,"House 913, Street 7, Saddar, Rawalpindi",Rawalpindi,Punjab,2021-10-16,XY3748692,Umrah,Riyadh,Qatar Airways,147994,806463,954457
TRV-2026-845126,17301-1000442-4,Muneeb Akhtar,"House 913, Street 7, Saddar, Rawalpindi",Rawalpindi,Punjab,2026-10-25,CD9947157,Business,Doha,Airblue,691944,1239081,1931025
TRV-2025-383826,17301-1000442-4,M. Akhtar,"House 913, Street 7, Saddar, Rawalpindi",Rawalpindi,Punjab,2025-07-18,CD6270795,International,Jeddah,Qatar Airways,688402,1162431,1850833
TRV-2018-503006,54400-1000750-0,Danish Butt,"House 77, Street 26, Model Town, Lahore",Lahore,Punjab,2018-12-11,XY1923781,Umrah,Riyadh,Emirates,688804,179116,867920
TRV-2021-544362,33100-1000716-2,F. Mirza,"House 251, Street 30, People Colony, Faisalabad",Faisalabad,Punjab,2021-12-22,AB7938771,Umrah,Bangkok,Emirates,604382,1326309,1930691
TRV-2019-119500,45501-1001431-7,Naveed Raza,"House 816, Street 19, Madina Town, Faisalabad",Faisalabad,Punjab,2019-12-27,CD6667248,Business,Istanbul,Turkish Airlines,605371,1294282,1899653
TRV-2024-225917,42101-1001588-6,H. Shah,"House 158, Street 18, Bosan Road, Multan",Multan,Punjab,2024-07-23,AB9463267,Tourism,Baku,Saudia,836846,1390652,2227498
TRV-2016-519728,42101-1001588-6,Hira Shah,"House 158, Street 18, Bosan Road, Multan",Multan,Punjab,2016-09-28,PK9876407,Tourism,Abu Dhabi,Turkish Airlines,655924,1221016,1876940
TRV-2016-460047,42101-1001588-6,Chaudhry Hira Shah,"House 158, Street 18, Bosan Road, Multan",Multan,Punjab,2016-12-22,CD5868198,Umrah,London,Airblue,884933,1116322,2001255
TRV-2026-195676,42101-1001588-6,H. Shah,"House 158, Street 18, Bosan Road, Multan",Multan,Punjab,2026-03-05,CD7680761,Umrah,Bangkok,Turkish Airlines,458387,343545,801932
TRV-2017-870626,35202-1000281-7,Muhammad Ahmed,"House 314, Street 32, Nazimabad, Karachi",Karachi,Sindh,2017-04-14,PK1678264,Family Visit,Doha,SereneAir,650689,1186169,1836858
TRV-2017-749230,35202-1000281-7,Muhammad Ahmed,"House 314, Street 32, Nazimabad, Karachi",Karachi,Sindh,2017-10-24,XY1804684,Tourism,London,PIA,686065,309114,995179
TRV-2021-286354,35202-1001792-4,A. Khan,"House 42, Street 17, Samungli Road, Quetta",Quetta,Balochistan,2021-05-29,AB3640977,Business,Abu Dhabi,Turkish Airlines,475634,438442,914076
TRV-2018-454807,35202-1001792-4,Ayesha Khan,"House 42, Street 17, Samungli Road, Quetta",Quetta,Balochistan,2018-11-20,PK4001633,Tourism,Doha,Turkish Airlines,410511,977365,1387876
TRV-2018-170044,35202-1001792-4,Chaudhry Ayesha Khan,"House 42, Street 17, Samungli Road, Quetta",Quetta,Balochistan,2018-07-11,CD9513183,Umrah,London,Airblue,161613,195860,357473
TRV-2021-969694,61101-1001312-4,M. Tariq,"House 167, Street 8, DHA Phase 2, Islamabad",Islamabad,Islamabad,2021-06-20,AB8831996,Business,Doha,Turkish Airlines,350523,1417468,1767991
TRV-2022-639531,61101-1000978-6,Shazia Butt,"House 865, Street 30, Bahadurabad, Karachi",Karachi,Sindh,2022-06-27,PK6552694,Umrah,Istanbul,Qatar Airways,240187,906768,1146955
TRV-2023-552627,45501-1001097-9,Umer Farooq,"House 806, Street 25, PWD, Rawalpindi",Rawalpindi,Punjab,2023-03-14,AB8166767,Tourism,Baku,PIA,328767,198735,527502
TRV-2022-113496,54400-1001548-6,Fatima Ali,"House 991, Street 20, Hayatabad, Peshawar",Peshawar,KPK,2022-01-25,AB7041759,Tourism,Doha,PIA,336385,481686,818071
TRV-2023-591038,45501-1001046-2,Chaudhry Naveed Raza,"House 685, Street 2, Gulshan-e-Iqbal, Karachi",Karachi,Sindh,2023-02-16,PK2524418,International,Kuala Lumpur,Airblue,503184,1344600,1847784
TRV-2017-571348,33100-1000483-1,Kamran Qureshi Sahib,"House 702, Street 27, Auto Bhan, Hyderabad",Hyderabad,Sindh,2017-02-24,XY3704901,Tourism,Kuala Lumpur,Emirates,846369,434349,1280718
TRV-2019-868659,35202-1001265-5,Usman Malik,"House 437, Street 8, Shah Rukn-e-Alam, Multan",Multan,Punjab,2019-07-05,XY1596304,International,Kuala Lumpur,SereneAir,291542,354962,646504
TRV-2024-742304,33100-1001225-5,Waseem Akram,"House 840, Street 27, Chaklala, Rawalpindi",Rawalpindi,Punjab,2024-06-23,XY6616902,Tourism,Kuala Lumpur,Turkish Airlines,409136,323334,732470
TRV-2020-999158,33100-1001225-5,Waseem Akram,"House 840, Street 27, Chaklala, Rawalpindi",Rawalpindi,Punjab,2020-04-06,PK3314457,Umrah,Abu Dhabi,Emirates,278583,996095,1274678
TRV-2025-328992,33100-1001225-5,Waseem Akram,"House 840, Street 27, Chaklala, Rawalpindi",Rawalpindi,Punjab,2025-11-08,AB9941801,Business,Bangkok,Saudia,240747,887716,1128463
TRV-2025-313070,54400-1001201-7,Saad Qureshi Sahib,"House 104, Street 24, Rohri, Sukkur",Sukkur,Sindh,2025-10-27,CD1848225,Umrah,Doha,Airblue,792836,816763,1609599
TRV-2024-957048,42101-1001686-2,Hamza Sheikh,"House 956, Street 4, F-10, Islamabad",Islamabad,Islamabad,2024-03-26,CD4145064,International,Bangkok,Airblue,645402,1424692,2070094
TRV-2018-382384,42101-1001686-2,Hamza Sheikh,"House 956, Street 4, F-10, Islamabad",Islamabad,Islamabad,2018-05-28,AB2079342,Tourism,Doha,Emirates,687017,928792,1615809
TRV-2024-700867,33100-1001083-1,Shazia Butt,"House 28, Street 14, Gulberg, Faisalabad",Faisalabad,Punjab,2024-03-20,CD6144039,International,Kuala Lumpur,Airblue,736629,96747,833376
TRV-2018-392572,17301-1001786-2,M. Ahmed,"House 105, Street 4, Nazimabad, Karachi",Karachi,Sindh,2018-01-09,XY1500888,Umrah,Baku,PIA,209614,312100,521714
TRV-2016-360995,17301-1001786-2,Muhammad Ahmed,"House 105, Street 4, Nazimabad, Karachi",Karachi,Sindh,2016-06-13,AB8736605,Business,Jeddah,PIA,424487,256459,680946
TRV-2023-728778,17301-1001786-2,Muhammad Ahmed,"House 105, Street 4, Nazimabad, Karachi",Karachi,Sindh,2023-11-08,AB2336127,Umrah,Jeddah,Qatar Airways,80267,1275209,1355476
TRV-2018-570273,17301-1000451-7,Naveed Raza,"House 723, Street 24, Bahadurabad, Karachi",Karachi,Sindh,2018-12-11,PK4853947,Umrah,Bangkok,Qatar Airways,854349,236410,1090759
TRV-2018-956846,42101-1000021-7,Taha Hussain,"House 532, Street 23, Military Road, Sukkur",Sukkur,Sindh,2018-09-25,CD4026375,Family Visit,Doha,Turkish Airlines,262457,1193892,1456349
TRV-2026-564308,33100-1000411-7,Mariam Malik Sahib,"House 666, Street 7, Queens Road, Sukkur",Sukkur,Sindh,2026-10-17,PK3741202,Tourism,Baku,Turkish Airlines,882236,645873,1528109
TRV-2023-412650,61101-1000043-1,F. Ali,"House 892, Street 30, Gulshan-e-Iqbal, Karachi",Karachi,Sindh,2023-12-16,PK7470256,Tourism,Doha,Saudia,442684,389896,832580
TRV-2020-835200,61101-1000043-1,F. Ali,"House 892, Street 30, Gulshan-e-Iqbal, Karachi",Karachi,Sindh,2020-03-02,PK8563291,Tourism,Riyadh,SereneAir,774986,1409384,2184370
TRV-2016-593273,61101-1000043-1,Fatima Ali Sahib,"House 892, Street 30, Gulshan-e-Iqbal, Karachi",Karachi,Sindh,2016-04-06,CD4084979,Tourism,London,Saudia,700741,253674,954415
TRV-2019-484260,33100-1000211-7,Muhammad Ahmed Sahib,"House 316, Street 18, Civil Lines, Gujranwala",Gujranwala,Punjab,2019-03-17,XY1209734,Family Visit,London,Saudia,174423,990133,1164556
TRV-2016-786616,33100-1001023-1,Fatima Ali,"House 88, Street 4, University Road, Peshawar",Peshawar,KPK,2016-09-26,CD1807412,Family Visit,Bangkok,Saudia,571048,1171177,1742225
TRV-2022-340467,35202-1001491-7,Chaudhry Taha Hussain,"House 393, Street 11, Model Town, Lahore",Lahore,Punjab,2022-08-31,PK5657270,Family Visit,Jeddah,PIA,542071,154972,697043
TRV-2024-382998,35202-1001491-7,Chaudhry Taha Hussain,"House 393, Street 11, Model Town, Lahore",Lahore,Punjab,2024-09-04,CD5309173,Tourism,Istanbul,Airblue,351460,583136,934596
TRV-2018-363782,35202-1001491-7,Chaudhry Taha Hussain,"House 393, Street 11, Model Town, Lahore",Lahore,Punjab,2018-09-24,PK5310820,Tourism,Bangkok,Saudia,175307,158696,334003
TRV-2017-820679,45501-1001396-2,Naveed Raza,"House 70, Street 3, Shah Rukn-e-Alam, Multan",Multan,Punjab,2017-05-23,XY1952454,Umrah,Riyadh,Qatar Airways,238271,61024,299295
TRV-2026-101210,45501-1001396-2,Naveed Raza Sahib,"House 70, Street 3, Shah Rukn-e-Alam, Multan",Multan,Punjab,2026-03-05,PK6413250,Business,Bangkok,Airblue,96094,1027030,1123124
TRV-2025-482417,35202-1001272-4,Umer Farooq,"House 326, Street 24, Hayatabad, Peshawar",Peshawar,KPK,2025-12-03,AB1679115,Family Visit,Bangkok,Turkish Airlines,442878,144721,587599
TRV-2021-348258,35202-1001272-4,U. Farooq,"House 326, Street 24, Hayatabad, Peshawar",Peshawar,KPK,2021-03-10,PK7492817,International,Abu Dhabi,Qatar Airways,559355,1333818,1893173
TRV-2019-314593,35202-1001272-4,Chaudhry Umer Farooq,"House 326, Street 24, Hayatabad, Peshawar",Peshawar,KPK,2019-10-12,CD2561655,Business,Bangkok,PIA,581402,866371,1447773
TRV-2017-921490,35202-1001149-3,Nida Hussain,"House 450, Street 5, Peoples Colony, Gujranwala",Gujranwala,Punjab,2017-10-31,CD2143369,Umrah,Kuala Lumpur,PIA,676871,443855,1120726
TRV-2025-513867,35202-1001149-3,Chaudhry Nida Hussain,"House 450, Street 5, Peoples Colony, Gujranwala",Gujranwala,Punjab,2025-04-11,AB3439730,Family Visit,Kuala Lumpur,SereneAir,212249,710434,922683
TRV-2020-110101,45501-1000649-3,Chaudhry Rabia Noor,"House 954, Street 23, F-10, Islamabad",Islamabad,Islamabad,2020-11-06,CD9063467,International,Baku,PIA,736156,1328214,2064370
TRV-2026-896059,61101-1001071-7,T. Hussain,"House 374, Street 32, Gulberg, Faisalabad",Faisalabad,Punjab,2026-02-27,PK5550453,Business,Istanbul,SereneAir,257377,768858,1026235
TRV-2025-702745,61101-1001071-7,Taha Hussain,"House 374, Street 32, Gulberg, Faisalabad",Faisalabad,Punjab,2025-11-03,PK6401850,Tourism,Istanbul,Saudia,896636,709636,1606272
TRV-2018-203363,54400-1001488-6,Kashif Javed,"House 318, Street 11, Bosan Road, Multan",Multan,Punjab,2018-09-02,PK6181093,Family Visit,Dubai,Emirates,441809,1000006,1441815
TRV-2018-983970,54400-1001488-6,Kashif Javed,"House 318, Street 11, Bosan Road, Multan",Multan,Punjab,2018-09-19,AB2827767,Business,Istanbul,Turkish Airlines,370115,876942,1247057
TRV-2019-493277,35202-1001940-0,Chaudhry Danish Butt,"House 390, Street 25, DHA Phase 6, Karachi",Karachi,Sindh,2019-12-10,XY6305144,Umrah,Dubai,Turkish Airlines,276768,456447,733215
TRV-2025-624747,17301-1001709-3,Nida Hussain,"House 82, Street 25, Chaklala, Rawalpindi",Rawalpindi,Punjab,2025-07-26,XY7173941,Umrah,Abu Dhabi,SereneAir,838107,1037058,1875165
TRV-2017-678442,54400-1001445-5,Chaudhry Zainab Ahmed,"House 68, Street 4, Jinnah Town, Quetta",Quetta,Balochistan,2017-01-12,XY2627990,International,Riyadh,PIA,710528,1378827,2089355
TRV-2017-134366,54400-1001445-5,Z. Ahmed,"House 68, Street 4, Jinnah Town, Quetta",Quetta,Balochistan,2017-09-11,AB8776682,Tourism,Bangkok,Saudia,611438,1320428,1931866
TRV-2016-323971,17301-1001472-4,Ali Raza,"House 868, Street 30, Clifton, Karachi",Karachi,Sindh,2016-09-03,AB4598467,Family Visit,Dubai,PIA,491613,84773,576386
TRV-2025-204411,17301-1000992-4,U. Farooq,"House 901, Street 16, Madina Town, Faisalabad",Faisalabad,Punjab,2025-07-16,PK5800124,International,Baku,PIA,365407,1125366,1490773
TRV-2025-263718,45501-1000741-7,Chaudhry Hamza Sheikh,"House 16, Street 14, DHA Phase 2, Islamabad",Islamabad,Islamabad,2025-03-13,AB7879944,International,Doha,Qatar Airways,748358,238038,986396
TRV-2026-247066,45501-1000741-7,Hamza Sheikh,"House 16, Street 14, DHA Phase 2, Islamabad",Islamabad,Islamabad,2026-08-31,CD5628728,Business,Abu Dhabi,PIA,816946,433982,1250928
TRV-2025-846916,61101-1001714-8,Amna Chaudhry,"House 139, Street 5, Gulberg, Lahore",Lahore,Punjab,2025-10-20,AB4702362,Business,Bangkok,SereneAir,754554,485224,1239778
TRV-2018-204092,35202-1001684-8,Chaudhry Bilal Ahmed,"House 379, Street 25, Qasimabad, Hyderabad",Hyderabad,Sindh,2018-07-13,XY6717222,Tourism,London,Turkish Airlines,468700,454282,922982
TRV-2017-586250,17301-1000426-2,Hamza Sheikh,"House 832, Street 10, Bahria Town, Rawalpindi",Rawalpindi,Punjab,2017-06-18,CD3727661,Tourism,Bangkok,Turkish Airlines,231121,1312870,1543991
TRV-2025-637575,17301-1000426-2,H. Sheikh,"House 832, Street 10, Bahria Town, Rawalpindi",Rawalpindi,Punjab,2025-08-24,AB8085885,International,London,Saudia,772714,1056502,1829216
TRV-2025-176981,17301-1000460-0,U. Malik,"House 31, Street 29, DHA Phase 5, Lahore",Lahore,Punjab,2025-04-07,PK5284389,Umrah,Riyadh,Emirates,463680,1136649,1600329
TRV-2017-549987,17301-1000103-1,Shazia Butt Sahib,"House 10, Street 27, G-11, Islamabad",Islamabad,Islamabad,2017-12-06,AB3780859,International,Istanbul,SereneAir,742154,762966,1505120
TRV-2024-537118,61101-1001362-4,Khalid Malik,"House 685, Street 6, G-11, Islamabad",Islamabad,Islamabad,2024-07-24,AB5624552,Umrah,London,SereneAir,654492,493291,1147783
TRV-2023-950200,61101-1000497-9,Ayesha Khan,"House 741, Street 13, Civil Lines, Gujranwala",Gujranwala,Punjab,2023-10-07,PK6277999,Family Visit,Jeddah,Saudia,319635,378805,698440
TRV-2025-243807,61101-1000497-9,Chaudhry Ayesha Khan,"House 741, Street 13, Civil Lines, Gujranwala",Gujranwala,Punjab,2025-10-10,XY8570194,Umrah,Bangkok,Emirates,759389,1064897,1824286
TRV-2025-445238,61101-1000079-3,Sana Iqbal,"House 43, Street 7, Johar Town, Lahore",Lahore,Punjab,2025-09-28,XY8492984,Umrah,Baku,PIA,401520,553956,955476
TRV-2017-649194,54400-1000577-9,M. Tariq,"House 360, Street 18, Peoples Colony, Gujranwala",Gujranwala,Punjab,2017-07-01,AB9090595,International,Jeddah,Saudia,290823,1190260,1481083
TRV-2016-536291,54400-1000328-6,Hira Shah Sahib,"House 288, Street 35, Cantt, Quetta",Quetta,Balochistan,2016-07-24,AB4941693,Business,Riyadh,Turkish Airlines,326536,1498654,1825190
TRV-2017-866561,61101-1001344-8,N. Aslam,"House 777, Street 25, University Road, Peshawar",Peshawar,KPK,2017-08-10,AB2045555,Umrah,Bangkok,PIA,579752,1127736,1707488
TRV-2026-859438,61101-1000848-6,F. Ali,"House 694, Street 30, PWD, Rawalpindi",Rawalpindi,Punjab,2026-05-10,XY3763827,Tourism,Baku,Turkish Airlines,586466,475887,1062353
TRV-2026-825248,61101-1000848-6,F. Ali,"House 694, Street 30, PWD, Rawalpindi",Rawalpindi,Punjab,2026-10-18,XY6785229,International,London,Qatar Airways,826872,704000,1530872
TRV-2016-634726,61101-1000848-6,Fatima Ali,"House 694, Street 30, PWD, Rawalpindi",Rawalpindi,Punjab,2016-08-08,PK1955549,Tourism,Doha,SereneAir,494013,481394,975407
TRV-2022-963194,61101-1001031-7,F. Mirza,"House 148, Street 23, Samungli Road, Quetta",Quetta,Balochistan,2022-03-10,CD2738405,Tourism,Jeddah,Qatar Airways,355937,944987,1300924
TRV-2026-716719,61101-1001031-7,Chaudhry Fahad Mirza,"House 148, Street 23, Samungli Road, Quetta",Quetta,Balochistan,2026-04-30,PK2602351,International,Baku,Saudia,733428,1427187,2160615
TRV-2019-878615,42101-1001169-3,Nimra Aslam,"House 278, Street 2, Canal Road, Faisalabad",Faisalabad,Punjab,2019-08-14,PK2500666,Tourism,Istanbul,Qatar Airways,764298,1142081,1906379
TRV-2019-954501,45501-1001142-4,Chaudhry Muneeb Akhtar,"House 123, Street 6, Canal Road, Faisalabad",Faisalabad,Punjab,2019-06-22,AB8257203,Umrah,Doha,Emirates,836127,605526,1441653
TRV-2017-257118,33100-1000045-5,Z. Ahmed,"House 195, Street 25, Saddar, Rawalpindi",Rawalpindi,Punjab,2017-05-07,CD3478742,Umrah,Istanbul,Saudia,540073,303319,843392
TRV-2025-523753,33100-1000045-5,Zainab Ahmed,"House 195, Street 25, Saddar, Rawalpindi",Rawalpindi,Punjab,2025-08-05,CD5417775,Business,Dubai,Saudia,115853,588772,704625
TRV-2020-357137,33100-1000045-5,Zainab Ahmed,"House 195, Street 25, Saddar, Rawalpindi",Rawalpindi,Punjab,2020-01-18,PK7888343,Business,Bangkok,Saudia,180246,1107526,1287772
TRV-2018-352412,54400-1000807-9,Ali Raza,"House 120, Street 31, Nazimabad, Karachi",Karachi,Sindh,2018-10-22,CD2070330,Tourism,Abu Dhabi,Qatar Airways,872038,823351,1695389
TRV-2019-206603,54400-1000807-9,A. Raza,"House 120, Street 31, Nazimabad, Karachi",Karachi,Sindh,2019-02-24,CD4402467,Business,Jeddah,SereneAir,805810,961280,1767090
TRV-2020-867285,45501-1000020-0,Chaudhry Imran Siddiqui,"House 288, Street 28, DHA Multan, Multan",Multan,Punjab,2020-11-13,AB8099649,Family Visit,London,Emirates,610960,391679,1002639
TRV-2017-474005,45501-1000020-0,Imran Siddiqui,"House 288, Street 28, DHA Multan, Multan",Multan,Punjab,2017-11-04,PK5104335,Family Visit,Bangkok,Saudia,655080,471533,1126613
TRV-2026-918410,61101-1001869-3,Nimra Aslam,"House 591, Street 18, Gulshan-e-Iqbal, Karachi",Karachi,Sindh,2026-09-17,CD4451307,Family Visit,Kuala Lumpur,Airblue,479440,356443,835883
TRV-2018-793556,54400-1001112-4,Ahmed Baig Sahib,"House 616, Street 8, Madina Town, Faisalabad",Faisalabad,Punjab,2018-10-28,CD2015436,Umrah,Baku,Turkish Airlines,841552,1270113,2111665
TRV-2020-256306,61101-1001949-3,Laiba Khan,"House 55, Street 29, Bahria Enclave, Islamabad",Islamabad,Islamabad,2020-04-29,XY7739244,International,Baku,Turkish Airlines,526215,71765,597980
TRV-2019-111997,61101-1001949-3,Chaudhry Laiba Khan,"House 55, Street 29, Bahria Enclave, Islamabad",Islamabad,Islamabad,2019-08-02,CD3432346,Business,Kuala Lumpur,SereneAir,674729,796941,1471670
TRV-2019-119433,54400-1000870-0,Huma Ghani,"House 207, Street 13, University Road, Peshawar",Peshawar,KPK,2019-09-29,XY1903772,Umrah,Istanbul,Turkish Airlines,239905,805868,1045773
TRV-2024-553344,54400-1000870-0,Huma Ghani,"House 207, Street 13, University Road, Peshawar",Peshawar,KPK,2024-10-01,CD4390258,Umrah,Doha,Saudia,495144,914572,1409716
TRV-2026-259923,35202-1001094-8,Sana Iqbal,"House 523, Street 24, Wapda Town, Gujranwala",Gujranwala,Punjab,2026-09-24,CD5916577,Family Visit,London,Qatar Airways,681098,387248,1068346
TRV-2022-334016,35202-1001094-8,Chaudhry Sana Iqbal,"House 523, Street 24, Wapda Town, Gujranwala",Gujranwala,Punjab,2022-09-21,PK9136509,Family Visit,Abu Dhabi,Emirates,601965,68527,670492
